Timestamp,Date,Meson,Eywa,Layerswap,Hop,Owlto,Connext,Helixbox,Total
1667260800,2022-11-01,,,,535549.7990799316,,,,535549.7990799316
1667347200,2022-11-02,,,,44045.838934967906,,,,44045.838934967906
1667433600,2022-11-03,,,,83173.44213076966,,,,83173.44213076966
1667520000,2022-11-04,,,,43806.068416659706,,,,43806.068416659706
1667606400,2022-11-05,,,,28097.693868893875,,,,28097.693868893875
1667692800,2022-11-06,,,,120219.09820623786,,,,120219.09820623786
1667779200,2022-11-07,,,,14554.86891575692,,,,14554.86891575692
1667865600,2022-11-08,,,,38917.56757042137,,,,38917.56757042137
1667952000,2022-11-09,,,,96990.73745372555,,,,96990.73745372555
1668038400,2022-11-10,,,,302603.95044767635,,,,302603.95044767635
1668124800,2022-11-11,,,,2520.534185682131,,,,2520.534185682131
1668211200,2022-11-12,,,,11259.763662356007,,,,11259.763662356007
1668297600,2022-11-13,,,,12538.265041266339,,,,12538.265041266339
1668384000,2022-11-14,,,,242325.06742980127,,,,242325.06742980127
1668470400,2022-11-15,,,,47351.90588858262,,,,47351.90588858262
1668556800,2022-11-16,,,,20786.94933566307,,,,20786.94933566307
1668643200,2022-11-17,,,,43002.4118422724,,,,43002.4118422724
1668729600,2022-11-18,,,,1014.6544285928999,,,,1014.6544285928999
1668902400,2022-11-20,,,,29610.464457640057,,,,29610.464457640057
1668988800,2022-11-21,,,,71696.31646559577,,,,71696.31646559577
1669075200,2022-11-22,,,,117658.77803447953,,,,117658.77803447953
1669161600,2022-11-23,,,,57307.17093549753,,,,57307.17093549753
1669248000,2022-11-24,,,,29062.37740801247,,,,29062.37740801247
1669334400,2022-11-25,,,,93331.81083646437,,,,93331.81083646437
1669420800,2022-11-26,,,,51317.87607341499,,,,51317.87607341499
1669507200,2022-11-27,,,,17672.390488164492,,,,17672.390488164492
1669593600,2022-11-28,,,,99619.03391333728,,,,99619.03391333728
1669680000,2022-11-29,,,,49194.87863652936,,,,49194.87863652936
1669766400,2022-11-30,,,,19711.325722296006,,,,19711.325722296006
1669852800,2022-12-01,,,,27368.835803520415,,,,27368.835803520415
1669939200,2022-12-02,,,,55486.29449588453,,,,55486.29449588453
1670025600,2022-12-03,,,,31902.619924044426,,,,31902.619924044426
1670112000,2022-12-04,,,,35859.35563921502,,,,35859.35563921502
1670198400,2022-12-05,,,,61878.765975842354,,,,61878.765975842354
1670284800,2022-12-06,,,,53486.05866520599,,,,53486.05866520599
1670371200,2022-12-07,,,,26164.78814920849,,,,26164.78814920849
1670457600,2022-12-08,,,,1923.4729209991533,,,,1923.4729209991533
1670630400,2022-12-10,,,,8365.832315334806,,,,8365.832315334806
1670716800,2022-12-11,,,,12058.695923444837,,,,12058.695923444837
1670803200,2022-12-12,,,,31281.009778714844,,,,31281.009778714844
1670889600,2022-12-13,,,,21596.059278678782,,,,21596.059278678782
1670976000,2022-12-14,,,,172364.53446573456,,,,172364.53446573456
1671062400,2022-12-15,,,,20910.908260832264,,,,20910.908260832264
1671148800,2022-12-16,,,,26783.242559648206,,,,26783.242559648206
1671235200,2022-12-17,,,,33808.12016637379,,,,33808.12016637379
1671321600,2022-12-18,,,,24345.09161367314,,,,24345.09161367314
1671408000,2022-12-19,,,,15466.302577717339,,,,15466.302577717339
1671494400,2022-12-20,,,,16309.621600904567,,,,16309.621600904567
1671580800,2022-12-21,,,,39509.03950205295,,,,39509.03950205295
1671667200,2022-12-22,,,,78173.39180101166,,,,78173.39180101166
1671753600,2022-12-23,,,,13773.374028059874,,,,13773.374028059874
1671840000,2022-12-24,,,,10727.350482424945,,,,10727.350482424945
1671926400,2022-12-25,,,,8700.472764021195,,,,8700.472764021195
1672012800,2022-12-26,,,,49863.839231285194,,,,49863.839231285194
1672099200,2022-12-27,,,,100940.58358305614,,,,100940.58358305614
1672185600,2022-12-28,,,,48190.43802373832,,,,48190.43802373832
1672272000,2022-12-29,,,,21251.277298765068,,,,21251.277298765068
1672358400,2022-12-30,,,,15457.38971450651,,,,15457.38971450651
1672444800,2022-12-31,,,,19377.40370072253,,,,19377.40370072253
1672531200,2023-01-01,,,,9670.25220324507,,,,9670.25220324507
1672617600,2023-01-02,,,,13849.536225110798,,,,13849.536225110798
1672704000,2023-01-03,,,,20410.654137777132,,,,20410.654137777132
1672790400,2023-01-04,,,,13369.454574586089,,,,13369.454574586089
1672876800,2023-01-05,,,,7504.612874790514,,,,7504.612874790514
1672963200,2023-01-06,,,,7004.117551880057,,,,7004.117551880057
1673049600,2023-01-07,,,,82597.60072663476,,,,82597.60072663476
1673136000,2023-01-08,,,,15125.10073023686,,,,15125.10073023686
1673222400,2023-01-09,,,,52735.86740561882,,,,52735.86740561882
1673308800,2023-01-10,,,,11448.872814485412,,,,11448.872814485412
1673395200,2023-01-11,,,,28423.831038036267,,,,28423.831038036267
1673481600,2023-01-12,,,,8662.28464609896,,,,8662.28464609896
1673568000,2023-01-13,,,,22406.326511599025,,,,22406.326511599025
1673654400,2023-01-14,,,,57154.2566873407,,,,57154.2566873407
1673740800,2023-01-15,,,,38782.26221965503,,,,38782.26221965503
1673827200,2023-01-16,,,,8517.57485710858,,,,8517.57485710858
1674777600,2023-01-27,,,,24832.65446513277,,,,24832.65446513277
1674864000,2023-01-28,,,,95245.09280261144,,,,95245.09280261144
1674950400,2023-01-29,,,,50603.317551524065,,,,50603.317551524065
1675036800,2023-01-30,,,,32448.160418219377,,,,32448.160418219377
1675123200,2023-01-31,,,,78707.57628936334,,,,78707.57628936334
1675209600,2023-02-01,,,,96824.31518832946,,,,96824.31518832946
1675296000,2023-02-02,,,,45947.160115619714,,,,45947.160115619714
1675382400,2023-02-03,,,,48346.8368109296,,,,48346.8368109296
1675468800,2023-02-04,,,,21778.97228296377,,,,21778.97228296377
1675555200,2023-02-05,,,,23368.42684232889,,,,23368.42684232889
1675641600,2023-02-06,,,,18980.418165754396,,,,18980.418165754396
1675728000,2023-02-07,,,,12869.22574058887,,,,12869.22574058887
1675814400,2023-02-08,,,,31221.99029503105,,,,31221.99029503105
1675900800,2023-02-09,,,,19402.075767339767,,,,19402.075767339767
1675987200,2023-02-10,,,,96997.29155927384,,,,96997.29155927384
1676073600,2023-02-11,,,,45667.58725489657,,,,45667.58725489657
1676160000,2023-02-12,,,,26798.803120105884,,,,26798.803120105884
1676246400,2023-02-13,,,,24855.95101504145,,,,24855.95101504145
1676332800,2023-02-14,,,,248672.29871592924,,,,248672.29871592924
1676419200,2023-02-15,,,,7157.985292170029,,,,7157.985292170029
1676678400,2023-02-18,,,,50763.798701522006,,,,50763.798701522006
1676764800,2023-02-19,,,,55771.636849910064,,,,55771.636849910064
1676851200,2023-02-20,,,,90065.40461078264,,,,90065.40461078264
1676937600,2023-02-21,,,,84709.14056300545,,,,84709.14056300545
1677024000,2023-02-22,,,,41840.491523015895,,,,41840.491523015895
1677110400,2023-02-23,,,,37225.29547747415,,,,37225.29547747415
1677196800,2023-02-24,,,,48421.3577704199,,,,48421.3577704199
1677283200,2023-02-25,,,,38547.318455934736,,,,38547.318455934736
1677369600,2023-02-26,,,,22152.41475409423,,,,22152.41475409423
1677456000,2023-02-27,,,,43473.378010352055,,,,43473.378010352055
1677542400,2023-02-28,,,,33987.77854776291,,,,33987.77854776291
1677628800,2023-03-01,,,,31612.724615786185,,,,31612.724615786185
1677715200,2023-03-02,,,,18650.26931340358,,,,18650.26931340358
1677801600,2023-03-03,,,,48925.276972003565,,,,48925.276972003565
1677888000,2023-03-04,,,,24720.386305992608,,,,24720.386305992608
1677974400,2023-03-05,,,,20441.70087078296,,,,20441.70087078296
1678060800,2023-03-06,,,,77339.34400165852,,,,77339.34400165852
1678147200,2023-03-07,,,,32549.299674361548,,,,32549.299674361548
1678233600,2023-03-08,,,,112323.87871161918,,,,112323.87871161918
1678320000,2023-03-09,,,,84380.7050577241,,,,84380.7050577241
1678406400,2023-03-10,,,,57958.77594702614,,,,57958.77594702614
1678492800,2023-03-11,,,,282912.4509575016,,,,282912.4509575016
1678579200,2023-03-12,,,,41180.933605814585,,,,41180.933605814585
1678665600,2023-03-13,,,,95490.53146449834,,,,95490.53146449834
1678752000,2023-03-14,,,,74880.34304976564,,,,74880.34304976564
1678838400,2023-03-15,,,,183317.8380703957,,,,183317.8380703957
1678924800,2023-03-16,,,,31573.469859738892,,,,31573.469859738892
1679011200,2023-03-17,,,,58481.87955818388,,,,58481.87955818388
1679097600,2023-03-18,,,,24334.683540044498,,,,24334.683540044498
1679184000,2023-03-19,,,,18212.614423514704,,,,18212.614423514704
1679270400,2023-03-20,,,,68085.69453968157,,,,68085.69453968157
1679356800,2023-03-21,,,,279836.6430702278,,,,279836.6430702278
1679443200,2023-03-22,,,,61416.9750669218,,,,61416.9750669218
1679529600,2023-03-23,,,,165814.1321229493,,,,165814.1321229493
1679616000,2023-03-24,,,,28885.806023689027,,,,28885.806023689027
1679702400,2023-03-25,,,,33980.25518167548,,,,33980.25518167548
1679788800,2023-03-26,,,,48446.81180951132,,,,48446.81180951132
1679875200,2023-03-27,,,,178921.3235263283,,,,178921.3235263283
1679961600,2023-03-28,,,,79219.61412926504,,,,79219.61412926504
1680048000,2023-03-29,,,,117132.7513430768,,,,117132.7513430768
1680134400,2023-03-30,,,,16655.007827424433,,,,16655.007827424433
1680220800,2023-03-31,,,,158875.86019044596,,,,158875.86019044596
1693699200,2023-09-03,,,,10281.284428933377,,,,10281.284428933377
1693785600,2023-09-04,,,,15302.911751451536,,,,15302.911751451536
1693872000,2023-09-05,,,,52236.59196198074,,,,52236.59196198074
1693958400,2023-09-06,,,,42026.505321323806,,,,42026.505321323806
1694044800,2023-09-07,,,,18288.668894282666,,,,18288.668894282666
1694131200,2023-09-08,,,,20261.558962543437,,,,20261.558962543437
1694217600,2023-09-09,,,,46235.09130724968,,,,46235.09130724968
1694304000,2023-09-10,,,,19807.435118723537,,,,19807.435118723537
1694390400,2023-09-11,,,,47593.26431610722,,,,47593.26431610722
1694476800,2023-09-12,,,,51182.410847078136,,,,51182.410847078136
1694563200,2023-09-13,,,,39873.268638528636,,,,39873.268638528636
1694649600,2023-09-14,,,,25975.831120027105,,,,25975.831120027105
1694736000,2023-09-15,,,,19882.578260458635,,,,19882.578260458635
1694822400,2023-09-16,,,,14702.287942910418,,,,14702.287942910418
1694908800,2023-09-17,,,,10698.91462129358,,,,10698.91462129358
1694995200,2023-09-18,,,,27524.475347591528,,,,27524.475347591528
1695081600,2023-09-19,,,,26741.289839970377,,,,26741.289839970377
1695168000,2023-09-20,,,,41039.4136573289,,,,41039.4136573289
1695254400,2023-09-21,,,,16758.72887319579,,,,16758.72887319579
1695340800,2023-09-22,,,,15657.968013018544,,,,15657.968013018544
1695427200,2023-09-23,,,,25123.667271714796,,,,25123.667271714796
1695513600,2023-09-24,,,,8310.641414497964,,,,8310.641414497964
1695600000,2023-09-25,,,,13600.599572680196,,,,13600.599572680196
1695686400,2023-09-26,,,,38427.88428033969,,,,38427.88428033969
1695772800,2023-09-27,,,,11401.395980127223,,,,11401.395980127223
1695859200,2023-09-28,,,,29057.878673570456,,,,29057.878673570456
1695945600,2023-09-29,,,,44215.88621029334,,,,44215.88621029334
1696032000,2023-09-30,,,,20569.78780282477,,,,20569.78780282477
1696118400,2023-10-01,,,,15246.726527597555,,,,15246.726527597555
1696204800,2023-10-02,,,,12654.604601641015,,,,12654.604601641015
1696291200,2023-10-03,,,,7202.129738849119,,,,7202.129738849119
1696377600,2023-10-04,,,,28009.76929305177,,,,28009.76929305177
1696464000,2023-10-05,,,,42335.382369017425,,,,42335.382369017425
1696550400,2023-10-06,,,,73669.06521545313,,,,73669.06521545313
1696636800,2023-10-07,,,,49208.53894739415,,,,49208.53894739415
1696723200,2023-10-08,,,,13226.01118465282,,,,13226.01118465282
1696809600,2023-10-09,,,,37952.92925014459,,,,37952.92925014459
1696896000,2023-10-10,,,,15784.677890738421,,,,15784.677890738421
1696982400,2023-10-11,,,,17907.725977645016,,,,17907.725977645016
1697068800,2023-10-12,,,,89857.82250580164,,,,89857.82250580164
1697155200,2023-10-13,,,,422009.31771807163,,,,422009.31771807163
1697241600,2023-10-14,,,,35972.783591897016,,,,35972.783591897016
1697328000,2023-10-15,,,,15378.279006505818,,,,15378.279006505818
1697414400,2023-10-16,,,,33611.98880819697,,,,33611.98880819697
1697500800,2023-10-17,,,,23811.807051217464,,,,23811.807051217464
1697587200,2023-10-18,,,,16862.218767535465,,,,16862.218767535465
1697673600,2023-10-19,,,,10499.304962312957,,,,10499.304962312957
1697760000,2023-10-20,,,,7449.442026348415,,,,7449.442026348415
1697846400,2023-10-21,,,,34342.62790201158,,,,34342.62790201158
1697932800,2023-10-22,,,,52460.85689039535,,,,52460.85689039535
1698019200,2023-10-23,,,,122589.70465639574,,,,122589.70465639574
1698105600,2023-10-24,,,,81953.8518329639,,,,81953.8518329639
1698192000,2023-10-25,,,,44285.74980454063,,,,44285.74980454063
1698278400,2023-10-26,,,,49243.40783135651,,,,49243.40783135651
1698364800,2023-10-27,,,,29311.840178720166,,,,29311.840178720166
1698451200,2023-10-28,,,,11942.455773461068,,,,11942.455773461068
1698537600,2023-10-29,,,,6019.519663093485,,,,6019.519663093485
1698624000,2023-10-30,,,,29170.623107033836,,,,29170.623107033836
1698710400,2023-10-31,,,,43625.63404211497,,,,43625.63404211497
1698796800,2023-11-01,,,,183280.00883664924,,,,183280.00883664924
1698883200,2023-11-02,,,,83397.07152206154,,,,83397.07152206154
1698969600,2023-11-03,,,,38296.84337805105,,,,38296.84337805105
1699056000,2023-11-04,,,,93497.78671451981,,,,93497.78671451981
1699142400,2023-11-05,,,,71380.71745073998,,,,71380.71745073998
1699228800,2023-11-06,,,,24439.037071416504,,,,24439.037071416504
1699315200,2023-11-07,,,,174555.455121356,,,,174555.455121356
1699401600,2023-11-08,,,,73682.91898300518,,,,73682.91898300518
1699488000,2023-11-09,,,,195738.68307640037,,,,195738.68307640037
1699574400,2023-11-10,,,,80499.86749228105,,,,80499.86749228105
1699660800,2023-11-11,,,,34249.064326933396,,,,34249.064326933396
1699747200,2023-11-12,,,,29213.596608836564,,,,29213.596608836564
1699833600,2023-11-13,,,,46237.77494878879,,,,46237.77494878879
1699920000,2023-11-14,,,,76963.85076931369,,,,76963.85076931369
1700006400,2023-11-15,,,,102947.00967455386,,,,102947.00967455386
1700092800,2023-11-16,,,,61428.7993108527,,,,61428.7993108527
1700179200,2023-11-17,,,,51185.93026374908,,,,51185.93026374908
1700265600,2023-11-18,,,,150122.8899245688,,,,150122.8899245688
1700352000,2023-11-19,,,,114291.49409111717,,,,114291.49409111717
1700438400,2023-11-20,,,,49529.89079650155,,,,49529.89079650155
1700524800,2023-11-21,,,,83560.95381231519,,,,83560.95381231519
1700611200,2023-11-22,,,,32731.389426436253,,,,32731.389426436253
1700697600,2023-11-23,,,,43380.209278359056,,,,43380.209278359056
1700784000,2023-11-24,,,,41819.92136161526,,,,41819.92136161526
1700870400,2023-11-25,,,,29414.5836016329,,,,29414.5836016329
1700956800,2023-11-26,,,,44487.22233088096,,,,44487.22233088096
1701043200,2023-11-27,,,,56740.37881621745,,,,56740.37881621745
1701129600,2023-11-28,,,,103301.48113977656,,,,103301.48113977656
1701216000,2023-11-29,,,,21877.502350075585,,,,21877.502350075585
1701302400,2023-11-30,,,,143706.40265858074,,,,143706.40265858074
1701388800,2023-12-01,,,,95514.04985899807,,,,95514.04985899807
1701475200,2023-12-02,,,,63654.634821438114,,,,63654.634821438114
1701561600,2023-12-03,,,,14324.338583986799,,,,14324.338583986799
1701648000,2023-12-04,,,,66961.94915990927,,,,66961.94915990927
1701734400,2023-12-05,,,,133496.95509564472,,,,133496.95509564472
1701820800,2023-12-06,,,,36385.929955928135,,,,36385.929955928135
1701907200,2023-12-07,,,,118688.72878318839,,,,118688.72878318839
1701993600,2023-12-08,,,,51679.98783512715,,,,51679.98783512715
1702080000,2023-12-09,,,,35858.87650009457,,,,35858.87650009457
1702166400,2023-12-10,,,,70754.73982674773,,,,70754.73982674773
1702252800,2023-12-11,,,,67543.24408375093,,,,67543.24408375093
1702339200,2023-12-12,,,,55916.96767235029,,,,55916.96767235029
1702425600,2023-12-13,,,,101230.29126853438,,,,101230.29126853438
1702512000,2023-12-14,,,,46023.14694464489,,,,46023.14694464489
1702598400,2023-12-15,,,,42900.638008690876,,,,42900.638008690876
1702684800,2023-12-16,,,,30859.159838983847,,,,30859.159838983847
1702771200,2023-12-17,,,,46587.815267685335,,,,46587.815267685335
1702857600,2023-12-18,,,,60649.039438871725,,,,60649.039438871725
1702944000,2023-12-19,,,,110578.99662804158,,,,110578.99662804158
1703030400,2023-12-20,,,,109010.04986430323,,,,109010.04986430323
1703116800,2023-12-21,,,,71884.50030939681,,,,71884.50030939681
1703203200,2023-12-22,,,,290033.7831204422,,,,290033.7831204422
1703289600,2023-12-23,,,,99848.86541369077,,,,99848.86541369077
1703376000,2023-12-24,,,,96723.09379547874,,,,96723.09379547874
1703462400,2023-12-25,,,,146010.21973565753,,,,146010.21973565753
1703548800,2023-12-26,,,,62902.265415467424,,,,62902.265415467424
1703635200,2023-12-27,,,,63233.10497063523,,,,63233.10497063523
1703721600,2023-12-28,,,,193712.14072608642,,,,193712.14072608642
1703808000,2023-12-29,,,,49141.32019477425,,,,49141.32019477425
1703894400,2023-12-30,,,,52920.70709584502,,,,52920.70709584502
1703980800,2023-12-31,,,,52153.25077946009,,,,52153.25077946009
1704067200,2024-01-01,,,,37925.306220555154,,,,37925.306220555154
1704153600,2024-01-02,,,,47929.06441838728,,,,47929.06441838728
1704240000,2024-01-03,,,,82553.658314454,,,,82553.658314454
1704326400,2024-01-04,,,,341016.3187955235,,,,341016.3187955235
1704412800,2024-01-05,,,,77501.6538989148,,,,77501.6538989148
1704499200,2024-01-06,,,,95988.79721994302,,,,95988.79721994302
1704585600,2024-01-07,,,,47237.55437838922,,,,47237.55437838922
1704672000,2024-01-08,,,,42538.35797134607,,,,42538.35797134607
1704758400,2024-01-09,,,,60044.697148642495,,,,60044.697148642495
1704844800,2024-01-10,,,,78227.24007168526,,,,78227.24007168526
1704931200,2024-01-11,,,,49913.52095125115,,,,49913.52095125115
1705017600,2024-01-12,,,,77559.82657198192,,,,77559.82657198192
1705104000,2024-01-13,,,,29817.83741755601,,,,29817.83741755601
1705190400,2024-01-14,,,,87473.21535912671,,,,87473.21535912671
1705276800,2024-01-15,,,,65885.60867295854,,,,65885.60867295854
1705363200,2024-01-16,,,,93263.74450364363,,,,93263.74450364363
1705449600,2024-01-17,,,,77887.63771239051,,,,77887.63771239051
1705536000,2024-01-18,,,,120831.63153981467,,,,120831.63153981467
1705622400,2024-01-19,,,,82295.79360928034,,,,82295.79360928034
1705708800,2024-01-20,,,,42753.11601574223,,,,42753.11601574223
1705795200,2024-01-21,,,,79972.71147689031,,,,79972.71147689031
1705881600,2024-01-22,,,,17562.26213840533,,,,17562.26213840533
1707004800,2024-02-04,,,,61445.48482744473,,,,61445.48482744473
1707091200,2024-02-05,,,,38480.71440378834,,,,38480.71440378834
1707177600,2024-02-06,,,,130368.84168048043,,,,130368.84168048043
1707264000,2024-02-07,,,,51331.84258702234,,,,51331.84258702234
1707350400,2024-02-08,,,,161708.84702448832,,,,161708.84702448832
1707436800,2024-02-09,,,,60454.01767349274,,,,60454.01767349274
1707523200,2024-02-10,,,,58232.81145002738,,,,58232.81145002738
1707609600,2024-02-11,,,,110219.44712359985,,,,110219.44712359985
1707696000,2024-02-12,,,,172365.68887697122,,,,172365.68887697122
1707782400,2024-02-13,,,,83094.21088878476,,,,83094.21088878476
1707868800,2024-02-14,,,,126375.6506317271,,,,126375.6506317271
1707955200,2024-02-15,,,,109663.31322610378,,,,109663.31322610378
1708041600,2024-02-16,,,,95038.95323330848,,,,95038.95323330848
1708128000,2024-02-17,,,,76854.67824956181,,,,76854.67824956181
1708214400,2024-02-18,,,,83749.38202929693,,,,83749.38202929693
1708300800,2024-02-19,,,,87276.57070398163,,,,87276.57070398163
1708387200,2024-02-20,,,,222620.51647215243,,,,222620.51647215243
1708473600,2024-02-21,,,,88880.72851938027,,,,88880.72851938027
1708560000,2024-02-22,,,,90368.62497247446,,,,90368.62497247446
1708646400,2024-02-23,,,,50847.3569166225,,,,50847.3569166225
1708732800,2024-02-24,,,,84226.70074717404,,,,84226.70074717404
1708819200,2024-02-25,,,,106449.58934544555,,,,106449.58934544555
1708905600,2024-02-26,,,,54858.32774438776,,,,54858.32774438776
1708992000,2024-02-27,,,,68164.71996067245,,,,68164.71996067245
1709078400,2024-02-28,,,,167827.76360029,,,,167827.76360029
1709164800,2024-02-29,,,,142506.23661958578,,,,142506.23661958578
1709251200,2024-03-01,,,,76912.63880637605,,,,76912.63880637605
1709337600,2024-03-02,,,,75072.50981081536,,,,75072.50981081536
1709424000,2024-03-03,,,,31969.619266726462,,,,31969.619266726462
1709510400,2024-03-04,,,,104482.32177038718,,,,104482.32177038718
1709596800,2024-03-05,,,,177391.08211913417,,,,177391.08211913417
1709683200,2024-03-06,,,,331978.4490852298,,,,331978.4490852298
1709769600,2024-03-07,,,,129975.50114378112,,,,129975.50114378112
1709856000,2024-03-08,,,,128356.6379120292,,,,128356.6379120292
1709942400,2024-03-09,,,,84237.7522004955,,,,84237.7522004955
1710028800,2024-03-10,,,,128465.61159171442,,,,128465.61159171442
1710115200,2024-03-11,,,,135671.96088771705,,,,135671.96088771705
1710201600,2024-03-12,,,,170174.57558539519,,,,170174.57558539519
1710288000,2024-03-13,,,,204541.0308713562,,,,204541.0308713562
1710374400,2024-03-14,,,,141616.45095781612,,,,141616.45095781612
1710460800,2024-03-15,,,,306031.4623688739,,,,306031.4623688739
1710547200,2024-03-16,,,,158562.14679038673,,,,158562.14679038673
1710633600,2024-03-17,,,,218358.33225062245,,,,218358.33225062245
1710720000,2024-03-18,,,,182444.27005264012,,,,182444.27005264012
1710806400,2024-03-19,,,,192720.65522015782,,,,192720.65522015782
1710892800,2024-03-20,,,,141505.888155966,,,,141505.888155966
1710979200,2024-03-21,,,,233701.01109432234,,,,233701.01109432234
1711065600,2024-03-22,,,,92096.59481224365,,,,92096.59481224365
1711152000,2024-03-23,,,,58699.12921264826,,,,58699.12921264826
1711238400,2024-03-24,,,,45791.35903011409,,,,45791.35903011409
1711324800,2024-03-25,,,,105827.66698247415,,,,105827.66698247415
1711411200,2024-03-26,,,,188829.10211068252,,,,188829.10211068252
1711497600,2024-03-27,,,,50757.30599680267,,,,50757.30599680267
1711584000,2024-03-28,,,,60927.282912839386,,134979.80559236283,,195907.0885052022
1711670400,2024-03-29,,,,46113.79169666718,,97050.99036446896,,143164.78206113615
1711756800,2024-03-30,,,,24687.63554403781,,65416.73765999952,,90104.37320403733
1711843200,2024-03-31,,,,117936.77283523022,,81780.874715235,,199717.64755046522
1711929600,2024-04-01,,,,45670.94099036904,,64966.99162569429,,110637.93261606334
1712016000,2024-04-02,,,,52287.28541959119,,251140.9627755604,,303428.24819515157
1712102400,2024-04-03,,,,29941.93957491851,,72592.56052069651,,102534.50009561502
1712188800,2024-04-04,,,,57576.02266170572,,96279.39258445508,,153855.41524616082
1712275200,2024-04-05,,,,43904.51445631427,,30918.30069864592,,74822.81515496019
1712361600,2024-04-06,,,,93544.08395131864,,43711.3236521817,,137255.40760350035
1712448000,2024-04-07,,,,42855.46702580368,,142156.92856136465,,185012.39558716834
1712534400,2024-04-08,,,,55702.06421480852,,135299.54060185858,,191001.6048166671
1712620800,2024-04-09,,,,68605.65176034319,,102789.91106863458,,171395.56282897777
1712707200,2024-04-10,,,,150907.82975347448,,88483.96529913855,,239391.79505261302
1712793600,2024-04-11,,,,184155.64245928856,,56616.3908345056,,240772.03329379414
1712880000,2024-04-12,,,,72861.62511340062,,57150.771624318106,,130012.39673771872
1712966400,2024-04-13,,,,154575.67643512553,,75676.76045719656,,230252.4368923221
1713052800,2024-04-14,,,,71027.14387296347,,64974.7184367717,,136001.86230973515
1713139200,2024-04-15,,,,26953.277125648936,,81346.22412668537,,108299.5012523343
1713225600,2024-04-16,,,,144427.15465874143,,62677.73058543893,,207104.88524418036
1713312000,2024-04-17,,,,52186.07613134661,,47782.720068628245,,99968.79619997485
1713398400,2024-04-18,,,,31048.298671487566,,72109.25140907234,,103157.55008055991
1713484800,2024-04-19,,,,33130.83508466759,,71436.02476123905,,104566.85984590664
1713571200,2024-04-20,,,,21254.508959054147,,36996.01956795395,,58250.52852700809
1713657600,2024-04-21,,,,25457.431769711882,,81746.37010167757,,107203.80187138946
1713744000,2024-04-22,,,,40155.49912746796,,70859.20278067283,,111014.70190814079
1713830400,2024-04-23,,,,29435.476663132282,,56840.633122878105,,86276.10978601039
1713916800,2024-04-24,,,,52688.95227176964,,98567.83395463876,,151256.78622640838
1714003200,2024-04-25,,,,58429.01259699679,,220423.32127577616,,278852.333872773
1714089600,2024-04-26,,,,30172.56744987596,,48931.52403141793,,79104.0914812939
1714176000,2024-04-27,,,,21157.171858099457,,82046.00059155514,,103203.17244965461
1714262400,2024-04-28,0,,,42881.76095037737,,29071.06981459658,,71952.83076497394
1714348800,2024-04-29,0,,,31787.230520396188,,59860.56954911476,,91647.80006951095
1714435200,2024-04-30,0,,,58103.04100899756,,67452.44092127832,,125555.48193027588
1714521600,2024-05-01,0,,,32712.075594049602,,43839.8637196629,,76551.9393137125
1714608000,2024-05-02,0,,,43279.06735537622,,61080.29751564207,,104359.36487101829
1714694400,2024-05-03,0,,,23429.489499758507,,83325.92595130249,,106755.415451061
1714780800,2024-05-04,0,,,54717.68170423808,,64008.90072078297,,118726.58242502104
1714867200,2024-05-05,0,,,19811.383113088163,,52322.14341177212,,72133.52652486028
1714953600,2024-05-06,0,,,97034.41663023437,,120197.88405800945,,217232.30068824382
1715040000,2024-05-07,0,,,46559.455895457795,,70759.15944534322,,117318.61534080101
1715126400,2024-05-08,0,,,56822.694709232586,,50651.443913557,,107474.13862278959
1715212800,2024-05-09,0,,,68607.24117403993,,48607.11210091543,,117214.35327495536
1715299200,2024-05-10,0,,,33781.20782820917,,49495.32909179112,,83276.53692000029
1715385600,2024-05-11,0,,,24839.628595398564,,36221.27087625079,,61060.899471649354
1715472000,2024-05-12,,,,20650.062514751684,,41535.19889217173,,62185.26140692341
1715558400,2024-05-13,0,,,14891.08221898818,,71396.73875403136,,86287.82097301955
1715644800,2024-05-14,0,,,31724.635851009116,,46190.00724086903,,77914.64309187816
1715731200,2024-05-15,0,,,41489.54391028056,,73156.38162620824,,114645.9255364888
1715817600,2024-05-16,,,,66407.385413831,,117491.80459415072,,183899.19000798173
1715904000,2024-05-17,0,,,43588.2270347101,,65432.10116997409,,109020.32820468419
1715990400,2024-05-18,,,,34435.241438178185,,40202.23329691756,,74637.47473509575
1716076800,2024-05-19,,,,34898.750595696816,,48771.22214224114,,83669.97273793796
1716163200,2024-05-20,0,,,72651.92893187127,,80690.41368413006,,153342.34261600132
1716249600,2024-05-21,,,,38883.57783364046,,47900.63604807638,,86784.21388171685
1716336000,2024-05-22,,,,25823.48326266859,,63862.93226131158,,89686.41552398016
1716422400,2024-05-23,,,,35269.12584600864,,45329.81979837094,,80598.94564437958
1716508800,2024-05-24,,,,40986.52303150505,,77612.9704544442,,118599.49348594926
1716595200,2024-05-25,,,,24032.75538305335,,24004.854596616693,,48037.609979670044
1716681600,2024-05-26,,,,23308.074148724103,,36854.85041008968,,60162.924558813786
1716768000,2024-05-27,,,,35044.809514428234,,85996.69152085527,,121041.5010352835
1716854400,2024-05-28,,,,54865.68359626498,,83768.03458338442,,138633.71817964938
1716940800,2024-05-29,,,,39054.07185330263,,92874.89085435602,,131928.96270765865
1717027200,2024-05-30,0,,,61486.15074976835,,76898.06123796383,,138384.21198773218
1717113600,2024-05-31,0,,,64072.56708148711,,55028.38726643039,,119100.9543479175
1717200000,2024-06-01,0,,,21088.675687307026,,54092.478924085604,,75181.15461139263
1717286400,2024-06-02,,,,53216.76320542673,,30332.464446299655,,83549.22765172638
1717372800,2024-06-03,,,,37314.4825976289,,92844.55963781787,,130159.04223544677
1717459200,2024-06-04,,,,41960.631111876755,,37857.964136828276,,79818.59524870504
1717545600,2024-06-05,0,,,28199.95442713951,,87350.31793813984,,115550.27236527935
1717632000,2024-06-06,0,,,60597.25822905923,,64481.69629622386,,125078.9545252831
1717718400,2024-06-07,0,,,39481.47600526688,,99904.1949008287,,139385.6709060956
1717804800,2024-06-08,0,,,32032.727476823795,,116671.51425771634,,148704.24173454012
1717891200,2024-06-09,,,,26947.24774113689,,41610.26741013254,,68557.51515126943
1717977600,2024-06-10,,,,33152.639406559145,,41386.36773163808,,74539.00713819722
1718064000,2024-06-11,0,,,93648.45960447626,,62081.0395620787,,155729.49916655495
1718150400,2024-06-12,,,,40557.298606755794,,38117.96867101948,,78675.26727777527
1718236800,2024-06-13,,,,34040.56557316249,,29254.448564619437,,63295.01413778192
1718323200,2024-06-14,,,,55073.08449095374,,51537.14204685297,,106610.22653780671
1718409600,2024-06-15,,,,18482.694002752694,,37268.877180405274,,55751.57118315797
1718496000,2024-06-16,,,,54704.74228116489,,49332.048671143275,,104036.79095230816
1718582400,2024-06-17,0,,,67330.53890614922,,63877.325109094396,,131207.8640152436
1718668800,2024-06-18,,,,69413.47891238186,,94369.13062399211,,163782.609536374
1718755200,2024-06-19,,,,29741.383320251953,,33315.325828176225,,63056.70914842818
1718841600,2024-06-20,,,,30676.627368840505,,43494.86703482861,,74171.49440366912
1718928000,2024-06-21,,,,43757.43097791958,,63311.257582258564,,107068.68856017815
1719014400,2024-06-22,,,,42514.45304747028,,60505.23116437076,,103019.68421184103
1719100800,2024-06-23,,,,44923.36743121709,,53814.18097592231,,98737.5484071394
1719187200,2024-06-24,,,,44995.13066005739,,82581.1921667502,,127576.32282680759
1719273600,2024-06-25,,,,32872.9693169309,,62632.52902342174,,95505.49834035264
1719360000,2024-06-26,,,,39869.4248004934,,51543.16374502081,,91412.58854551421
1719446400,2024-06-27,,,,39497.777476471034,,49731.68789360409,,89229.46537007512
1719532800,2024-06-28,,,,49576.155229036616,,93587.23536292027,,143163.39059195688
1719619200,2024-06-29,0,,,79089.53245072387,,68781.26047025918,,147870.79292098305
1719705600,2024-06-30,0,,,30131.97940681962,,37115.218159197146,,67247.19756601677
1719792000,2024-07-01,,,,38913.35874914481,,95221.67908059325,,134135.03782973805
1719878400,2024-07-02,,,,26739.545067462095,,51500.39884917399,,78239.94391663608
1719964800,2024-07-03,,,,59427.17794260691,,58057.913765753045,,117485.09170835995
1720051200,2024-07-04,,,,51154.557583043,,74746.77356100098,,125901.33114404399
1720137600,2024-07-05,,,,66066.8193021821,,69418.56758583292,,135485.38688801503
1720224000,2024-07-06,,,,38184.70189526851,,70683.04359955435,,108867.74549482286
1720310400,2024-07-07,,,,15619.981885293653,,39489.208518856896,,55109.19040415055
1720396800,2024-07-08,,,,94341.62533093471,,56915.46481263242,,151257.09014356713
1720483200,2024-07-09,,,,84672.32033618318,,42487.018522358965,,127159.33885854215
1720569600,2024-07-10,,,,56967.1060674863,,27987.944377549313,,84955.05044503561
1720656000,2024-07-11,,,,28947.28668324169,,38537.86240479804,,67485.14908803973
1720742400,2024-07-12,,,,32564.988950381972,,32348.68138822716,,64913.67033860913
1720828800,2024-07-13,,,,12526.47525365512,,22603.94463447758,,35130.4198881327
1720915200,2024-07-14,,,,20216.362837986115,,35686.563969550814,,55902.92680753693
1721001600,2024-07-15,,,,103639.39333308715,,53167.34672163593,,156806.74005472308
1721088000,2024-07-16,,,,42712.36781455148,,18948.57919994386,,61660.94701449534
1721174400,2024-07-17,,,,33665.22119720068,,53589.019938003534,,87254.24113520421
1721260800,2024-07-18,,,,37764.87628560402,,38648.151445183204,,76413.02773078723
1721347200,2024-07-19,,,,74536.50554094388,,40540.03868643414,,115076.54422737802
1721433600,2024-07-20,,,,23402.66485423707,,30950.72294055745,,54353.38779479452
1721520000,2024-07-21,,,,48392.72009702391,,38941.97453437447,,87334.69463139838
1721606400,2024-07-22,,,,40921.03148650018,,43297.01441876126,,84218.04590526145
1721692800,2024-07-23,,,,34465.44335276634,,66525.67123473436,,100991.11458750069
1721779200,2024-07-24,,,,37266.30330077778,,57111.55692230859,,94377.86022308638
1721865600,2024-07-25,,,,81068.3450864024,,73548.62906390504,,154616.97415030745
1721952000,2024-07-26,,,,42259.62793154939,,58353.53911866195,,100613.16705021134
1722038400,2024-07-27,,,,,,16365.992913690301,,16365.992913690301
1722124800,2024-07-28,,,,,,23592.91373036987,,23592.91373036987
1722211200,2024-07-29,,,,,,75099.86535847362,,75099.86535847362
1722297600,2024-07-30,,,,,,51615.49935552624,,51615.49935552624
1722384000,2024-07-31,,,,29043.833189374927,,57704.828208873994,,86748.66139824892
1722470400,2024-08-01,,,,22642.11011075702,,42519.38285486236,,65161.49296561938
1722556800,2024-08-02,,,,17392.569632088056,,47761.691430525316,,65154.26106261337
1722643200,2024-08-03,,,,23705.97395805816,,50687.26603632535,,74393.2399943835
1722729600,2024-08-04,,,,43615.00356841645,,52234.84190981345,,95849.8454782299
1722816000,2024-08-05,,,,135223.21655861716,,173881.0696232202,,309104.2861818373
1722902400,2024-08-06,,,,39477.96320582204,,46527.02484253625,,86004.9880483583
1722988800,2024-08-07,,,,42383.442432341835,,38480.26303837303,,80863.70547071486
1723075200,2024-08-08,0,,,14362.77101127,,69165.47853260225,,83528.24954387225
1723161600,2024-08-09,,,,35635.725733830564,,38762.56251281603,,74398.2882466466
1723248000,2024-08-10,0,,,11786.835389767599,,48741.83529112244,,60528.67068089004
1723334400,2024-08-11,,,,21233.305212069656,,33891.23463783369,,55124.53984990335
1723420800,2024-08-12,0,,,18073.620414486777,,35080.17352286895,,53153.79393735573
1723507200,2024-08-13,,,,15568.909674993967,,21165.616663696463,,36734.526338690426
1723593600,2024-08-14,,,,25788.908406011484,,25037.88750035263,,50826.79590636412
1723680000,2024-08-15,,,,13678.42207830282,,53593.79954373657,31.519528948188,67303.74115098758
1723766400,2024-08-16,,,,21862.573156165243,,24981.56305447678,,46844.13621064203
1723852800,2024-08-17,,,,17577.960905944386,,17153.3106173987,,34731.271523343086
1723939200,2024-08-18,,,,16448.685531488292,,42487.686626720286,,58936.37215820858
1724025600,2024-08-19,,,,49646.49499935828,,25133.247868603125,,74779.74286796141
1724112000,2024-08-20,,,,36553.7344721086,,35391.42380707693,,71945.15827918553
1724198400,2024-08-21,,,,38480.65827396915,,38618.70816215515,,77099.3664361243
1724284800,2024-08-22,,,,36273.82911271206,,34353.33039574979,,70627.15950846186
1724371200,2024-08-23,,,,70700.12326902998,,56013.408405017646,,126713.53167404763
1724457600,2024-08-24,,,,25829.27300211184,,20502.87933505403,,46332.15233716587
1724544000,2024-08-25,,,,107744.22133314895,,42177.287463947956,,149921.5087970969
1724630400,2024-08-26,,,,15536.973144736974,,29843.352670488548,,45380.32581522552
1724716800,2024-08-27,,,,29683.79205286788,,51001.307351204356,,80685.09940407224
1724803200,2024-08-28,,,,25805.407797605258,,29463.649155311243,,55269.0569529165
1724889600,2024-08-29,,,,22779.72637423973,,61488.70020150632,,84268.42657574605
1724976000,2024-08-30,,,,46464.73581549849,,31745.161522856026,,78209.89733835452
1725062400,2024-08-31,,,,23979.310440439534,,22973.09942390569,,46952.40986434522
1725148800,2024-09-01,,,,15445.991505725524,,17252.41537366323,,32698.406879388753
1725235200,2024-09-02,,,,14410.214399734883,,26846.201802059455,,41256.41620179434
1725321600,2024-09-03,,,,25073.698487560378,,41936.369149122474,,67010.06763668286
1725408000,2024-09-04,,,,77152.98134572757,,46818.67878971444,,123971.66013544201
1725494400,2024-09-05,,,,36284.73160306942,,20645.593298892236,,56930.324901961656
1725580800,2024-09-06,,,,38748.8877186816,,44246.33207970056,,82995.21979838217
1725667200,2024-09-07,,,,26078.010019511166,,17725.931528597845,,43803.94154810901
1725753600,2024-09-08,,,,44917.637868281075,,23112.972629659107,,68030.61049794019
1725840000,2024-09-09,,,,31621.50993292158,,22394.330923613124,,54015.840856534705
1725926400,2024-09-10,,,,37630.277989576,,30506.615705310363,,68136.89369488637
1726012800,2024-09-11,,,,28474.58080356526,,20759.381963293912,,49233.96276685917
1726099200,2024-09-12,,,,47009.53078557903,,12668.452120144186,,59677.98290572321
1726185600,2024-09-13,,,,57793.29612232151,,15128.938954205358,,72922.23507652686
1726272000,2024-09-14,,,,52775.81773382038,,11159.543407997642,,63935.36114181802
1726358400,2024-09-15,,,,19316.48689843419,,15173.511432908213,,34489.9983313424
1726444800,2024-09-16,,,,45697.96696121987,,16694.981441056258,,62392.94840227613
1726531200,2024-09-17,,,,60129.84889986889,,17780.347348466705,,77910.19624833559
1726617600,2024-09-18,,,,24416.660808892644,,10172.148544641725,,34588.809353534365
1726704000,2024-09-19,,,,304597.9744999295,,8584.943942260732,,313182.9184421903
1726790400,2024-09-20,,,,75051.2879883158,,9565.59362475752,,84616.88161307332
1726876800,2024-09-21,,,,29768.93341665643,,12029.962575254405,,41798.89599191083
1726963200,2024-09-22,,,,14718.97296504437,,6422.269442754206,,21141.242407798574
1727049600,2024-09-23,,,,48995.07892362214,,12353.42400579315,,61348.50292941529
1727136000,2024-09-24,,,,36213.841237932196,,12646.433345187525,,48860.274583119724
1727222400,2024-09-25,,,,45962.99477890924,,13215.701661954998,,59178.69644086424
1727308800,2024-09-26,,,,59175.66892602374,,10721.724753857743,,69897.39367988148
1727395200,2024-09-27,,,,45271.12271977209,,20085.4542454841,,65356.57696525619
1727481600,2024-09-28,,,,22715.751496440804,,4533.920050348013,,27249.671546788817
1727568000,2024-09-29,,,,21815.036943207662,,11107.358888348132,,32922.3958315558
1727654400,2024-09-30,,,,55915.128254294934,,20288.159544048936,,76203.28779834387
1727740800,2024-10-01,,,,58887.76312784938,,14957.708662083533,,73845.47178993291
1727827200,2024-10-02,,,,45029.247937053384,,16765.338248843247,,61794.58618589663
1727913600,2024-10-03,,,,50512.61911301926,,15822.942150669962,,66335.56126368922
1728000000,2024-10-04,,,,40807.63281015549,,2848.898582387324,,43656.53139254281
1728086400,2024-10-05,,,,27043.33140218093,,3092.715565299144,,30136.046967480077
1728172800,2024-10-06,,,,30882.803270789234,,3044.2496286898836,,33927.05289947912
1728259200,2024-10-07,,,,60824.5770542126,,1890.8373947775885,,62715.41444899019
1728345600,2024-10-08,,,,34334.25429427623,,3251.0661972130238,,37585.320491489256
1728432000,2024-10-09,,,,74813.38737819582,,1734.9665616607863,,76548.3539398566
1728518400,2024-10-10,,,,60135.700314809874,,5225.333947777433,,65361.03426258731
1728604800,2024-10-11,,,,63015.53828092152,,1224.4871980418152,,64240.02547896334
1728691200,2024-10-12,,,,36431.08114985777,,515.5053145611068,,36946.58646441888
1728777600,2024-10-13,,,,23295.88324262517,,277.574686947632,,23573.4579295728
1728864000,2024-10-14,,,,83425.69147166777,,196.3611540477996,,83622.05262571557
1728950400,2024-10-15,,,,69575.82007447704,,214.64871052448265,,69790.46878500153
1729036800,2024-10-16,,,,36550.5478182301,,632.2247098435029,,37182.772528073605
1729123200,2024-10-17,,,,75839.29469402556,,49.090054557258995,,75888.38474858283
1729209600,2024-10-18,,,,116580.5439276273,,851.7661756824625,,117432.31010330976
1729296000,2024-10-19,,,,79633.92782983764,,1313.4152408228015,,80947.34307066044
1729382400,2024-10-20,,,,53944.977268721326,,196.33349236205345,,54141.31076108338
1729468800,2024-10-21,,,,59825.68061356449,,1283.6350011091292,,61109.315614673615
1729555200,2024-10-22,,,,182979.69172580383,,336.86377919670497,,183316.55550500055
1729641600,2024-10-23,,,,88022.989026004,,275.2994375733975,,88298.2884635774
1729728000,2024-10-24,,,,67369.23430101664,,221.68010765613798,,67590.91440867278
1729814400,2024-10-25,,,,192943.34290097497,,385.3865091409262,,193328.7294101159
1729900800,2024-10-26,,,,53646.973222531786,,423.7072454586195,,54070.6804679904
1729987200,2024-10-27,,,,33790.03320745284,,751.1060090078086,,34541.13921646065
1730073600,2024-10-28,,,,53796.2028179456,,782.2140744838405,,54578.41689242944
1730160000,2024-10-29,,,,80667.08160723902,,489.0223558664852,,81156.1039631055
1730246400,2024-10-30,,,,158532.32572028635,,1255.2553162002364,,159787.58103648658
1730332800,2024-10-31,,14100.84312950188,,73539.02033792975,,16.259107733271318,,87656.1225751649
1730419200,2024-11-01,,17608.124300547835,,108002.7135933368,,819.4954848536377,,126430.33337873827
1730505600,2024-11-02,,20160.41204723542,,57866.83143857167,,652.5327736398452,,78679.77625944694
1730592000,2024-11-03,,11480.811121949118,,71687.84218364884,,506.621086595632,,83675.27439219359
1730678400,2024-11-04,,14673.777813460985,,62735.27631822841,,27.57186801631307,,77436.6259997057
1730764800,2024-11-05,,14428.915083576174,0,82431.45474784856,,29.46020914585573,,96889.83004057058
1730851200,2024-11-06,,14149.159587514212,,356949.50566449773,,1330.0906084816002,,372428.7558604936
1730937600,2024-11-07,,33137.91627248195,,209967.23899912898,,563.540223063204,,243668.69549467415
1731024000,2024-11-08,,24655.312965287303,,119669.40053951861,,844.5662595385165,,145169.27976434445
1731110400,2024-11-09,,12852.989635850285,,310619.2826377257,,475.29308585115746,,323947.5653594272
1731196800,2024-11-10,,25669.443786419368,,175684.41488867573,,710.3206690553479,,202064.17934415044
1731283200,2024-11-11,,28470.147412608523,,111532.56132859521,,537.151675630631,,140539.86041683436
1731369600,2024-11-12,,40552.22155600587,,133484.48945078583,,122.25699491738237,,174158.96800170906
1731456000,2024-11-13,,37867.62616196288,,120218.82006297476,,739.347678383322,,158825.79390332094
1731542400,2024-11-14,,69793.15112795334,,80387.28656082545,,77.0043920291775,,150257.44208080796
1731628800,2024-11-15,,33486.37581589104,,79659.30176560995,,2396.0781323202164,,115541.7557138212
1731715200,2024-11-16,,7834.664141955898,,91177.21274313399,,795.3127346546158,,99807.1896197445
1731801600,2024-11-17,,39785.151702027004,0,51475.202909463216,,372.80571877396346,,91633.16033026417
1731888000,2024-11-18,,43525.11388792806,,82313.21091320904,,377.942930869563,,126216.26773200667
1731974400,2024-11-19,,74051.82171272018,,218989.25126077494,,67.292500218202,,293108.3654737133
1732060800,2024-11-20,,51533.09363125926,,165357.702591173,,753.569615287526,,217644.3658377198
1732147200,2024-11-21,,68630.06108059533,0,206367.70627435355,,575.8350008857806,,275573.6023558347
1732233600,2024-11-22,,38356.78110595953,,76899.60441892054,,411.70864855351635,,115668.0941734336
1732320000,2024-11-23,,48879.72654456875,,87626.60220408803,,203.94711206714453,,136710.27586072392
1732406400,2024-11-24,,16637.742820635554,0,66539.49303099186,,377.52383261505145,,83554.75968424247
1732492800,2024-11-25,,28878.93232640285,,87546.93850973563,,838.2018724916115,,117264.07270863009
1732579200,2024-11-26,,59159.4200075141,0,105062.58855438785,,575.640519165168,,164797.64908106712
1732665600,2024-11-27,,45700.55642950488,,402514.7216085401,,33.41840529196,,448248.69644333696
1732752000,2024-11-28,,36048.099646098504,,97534.12180962745,,217260.63004298278,,350842.8514987087
1732838400,2024-11-29,,47368.31788636805,,123529.10481803211,,63.20648299,,170960.62918739015
1732924800,2024-11-30,,113060.57449145704,,57870.193919430196,,35.430299907204,,170966.19871079442
1733011200,2024-12-01,,146019.8466239896,0,90850.32155075719,,73.179341235,,236943.3475159818
1733097600,2024-12-02,,143855.61131767934,0,91329.99997027035,,25.2954102714435,,235210.90669822114
1733184000,2024-12-03,,148916.80265583418,,165778.48130792746,,104.17435634074,,314799.45832010236
1733270400,2024-12-04,,148159.41251904907,,125007.94785511153,,157.4223246765,,273324.78269883705
1733356800,2024-12-05,,132305.12523622406,,153965.03897223697,,580.4679945861209,,286850.63220304716
1733443200,2024-12-06,,156656.311724918,,123885.60259530108,,212.98585962187752,0.501,280755.40117984096
1733529600,2024-12-07,,93267.90649041554,,30158.432868059575,,,,123426.33935847512
1733616000,2024-12-08,,84266.76473306934,,36219.7925614112,,,,120486.55729448055
1733702400,2024-12-09,,143851.3857003355,0,100222.38103196766,,341.9073048141005,,244415.67403711725
1733788800,2024-12-10,,33467.59936987414,0,44575.607126677554,,415.42137733110053,1.2915513,78459.9194251828
1733875200,2024-12-11,,37347.71630861527,0,27566.817305510463,,238.403664881486,7.524,65160.46127900722
1733961600,2024-12-12,,263068.310389254,0,43212.33159194526,,697.8140157448852,799.135120792557,307777.5911177367
1734048000,2024-12-13,,203267.92648533615,0,114943.93127149367,,498.31259118026884,68.1866375,318778.3569855101
1734134400,2024-12-14,,225998.37698370015,0,43467.110793595086,,397.91152199989307,11.5115,269874.9107992952
1734220800,2024-12-15,,282222.0965343861,0,169145.0889679603,,105.0225034705,133.118646308,451605.3266521249
1734307200,2024-12-16,,209527.4171585111,0,67774.77128905401,,419.9080183158313,30.915112770827612,277753.0115786517
1734393600,2024-12-17,,181528.03553338713,0,21542.66063579366,,170.80020406382474,10.3707,203251.86707324462
1734480000,2024-12-18,,65064.89979456518,0,69847.93098571044,,213.77989099071013,47.914724379999996,135174.52539564634
1734566400,2024-12-19,,93671.75149986948,30666.286260809662,68891.46825903511,,239.198089143386,48.64116455,193517.34527340764
1734652800,2024-12-20,,89758.94356650923,6960.881967283622,112677.5918536481,,471.09416732161685,36.64105148,209905.1526062426
1734739200,2024-12-21,,30673.358049041228,14472.506536974,49297.2961632168,12102.22,14.863519386,31.371744,106591.61601261803
1734825600,2024-12-22,,9406.742795462771,3355.0452393445003,26531.812340834615,4.91715,14.16061904064,31.7651,39344.44324468252
1734912000,2024-12-23,,57447.00050810046,2843.51523675675,29499.470115926426,7522.837535306106,149.23041410518536,565.290843615,98027.34465380994
1734998400,2024-12-24,,32280.11378598839,2133.6270076539404,31128.556276304247,26.198625,161.30187956384802,,65729.79757451042
1735084800,2024-12-25,,103179.12024365418,6542.983052549119,13226.281789954308,4361.825,83.634610426854,22.910435045,127416.75513162946
1735171200,2024-12-26,,65592.42030968884,7227.877959889348,11467.861398071878,,4.96678431897,,84293.12645196903
1735257600,2024-12-27,,165889.20041288852,6122.92761053858,19775.994241713186,364.169595,31.432900619014,407.2603088,192590.98506955933
1735344000,2024-12-28,,25601.655363886992,2589.70386830962,25258.024175484996,50.4441799,34.933668264859044,4.013999999999999,53538.77525584647
1735430400,2024-12-29,,61590.49721602874,2993.645245540876,29657.551372340196,3.38952,393.7369128968215,,94638.82026680664
1735516800,2024-12-30,,30468.25072294603,1555.1553671532824,40714.364572332226,,4.983708644659887,,72742.75437107621
1735603200,2024-12-31,,56707.56583717768,2417.82784463615,31588.497298831102,,50.24084102572972,1.4994918412331817,90765.6313135119
1735689600,2025-01-01,,1545.9532675233622,11.525271534,743.9549298760539,,0,,2301.4334689334164