Timestamp,Date,Meson,Squid (Powered by Axelar),Wormhole,Eywa,Hyperlane,Allbridge Core,Celer cBridge,Satellite (Powered by Axelar),Total
1678060800,2023-03-06,,,,,,,0,,0
1678579200,2023-03-12,,,,,,,0,,0
1693526400,2023-09-01,,32784.672061456644,,,,,,,32784.672061456644
1693612800,2023-09-02,,259.565629825202,,,,,,,259.565629825202
1693699200,2023-09-03,,1444.386294837084,,,,,,,1444.386294837084
1693785600,2023-09-04,,1716.608608623897,,,,,,,1716.608608623897
1693872000,2023-09-05,,621.0259379343084,,,,,,,621.0259379343084
1693958400,2023-09-06,,13278.630219868211,,,,,,,13278.630219868211
1694044800,2023-09-07,,2722.2717191612505,,,,,,,2722.2717191612505
1694131200,2023-09-08,,1729.2967443482075,,,,,,,1729.2967443482075
1694217600,2023-09-09,,766.1266896729974,,,,,,,766.1266896729974
1694304000,2023-09-10,,659.3226176343695,,,,,,,659.3226176343695
1694390400,2023-09-11,,14207.01365788865,,,,,,,14207.01365788865
1694476800,2023-09-12,,30277.869665711278,,,,,,,30277.869665711278
1694563200,2023-09-13,,5271.272248086158,,,,,,,5271.272248086158
1694649600,2023-09-14,,1967.098060106582,,,,,,,1967.098060106582
1694736000,2023-09-15,,6188.773994108925,,,,,,,6188.773994108925
1694822400,2023-09-16,,588.0683764378015,,,,,,,588.0683764378015
1694908800,2023-09-17,,223.0656623282285,,,,,,,223.0656623282285
1694995200,2023-09-18,,5322.53066066032,,,,,,0.19019,5322.72085066032
1695081600,2023-09-19,,4676.787818034048,,,,,,40092.84803924258,44769.635857276626
1695168000,2023-09-20,,7037.5271458850675,,,,,,20026.179068,27063.706213885067
1695254400,2023-09-21,,10673.039104296487,,,,,,79996.90354233576,90669.94264663225
1695340800,2023-09-22,,463104.59916919074,,,,,,20028.5,483133.09916919074
1695427200,2023-09-23,,752.9993849802595,,,,,,10014,10766.99938498026
1695513600,2023-09-24,,1753.1347712975044,,,,,,121271.9943881947,123025.12915949221
1695600000,2023-09-25,,61601.285291801185,,,,,,50155.5399045,111756.82519630119
1695686400,2023-09-26,,22527.624203650157,,,,,,,22527.624203650157
1695772800,2023-09-27,,1676.1259775429176,,,,,,,1676.1259775429176
1695859200,2023-09-28,,1643.8949080342904,,,,,,,1643.8949080342904
1695945600,2023-09-29,,37794.81896498477,,,,,,68379.2553630285,106174.07432801326
1696032000,2023-09-30,,1005180.0068021468,,,,,,1350.002321668,1006530.0091238148
1696118400,2023-10-01,,4561.758788651698,,,,,,504.466802940232,5066.2255915919295
1696204800,2023-10-02,,2327.4159944428566,,,,,,20011.6015495,22339.017543942857
1696291200,2023-10-03,,4820.834848286768,,,,,,,4820.834848286768
1696377600,2023-10-04,,2266.2586950463656,,,,,,,2266.2586950463656
1696464000,2023-10-05,,6072.579328760649,,,,,,,6072.579328760649
1696550400,2023-10-06,,860.4024555467765,,,,,,,860.4024555467765
1696636800,2023-10-07,,1625.9893447299291,,,,,,,1625.9893447299291
1696723200,2023-10-08,,539.6794933865965,,,,,,9999.526825,10539.206318386598
1696809600,2023-10-09,,171831.524590614,,,,,,,171831.524590614
1696896000,2023-10-10,,27985.299639093704,,,,,,8.545669994,27993.845309087705
1696982400,2023-10-11,,106667.87885129769,,,,,,,106667.87885129769
1697068800,2023-10-12,,80329.15796477352,,,,,,,80329.15796477352
1697155200,2023-10-13,,69154.40223050164,,,,,,,69154.40223050164
1697241600,2023-10-14,,21414.229419099433,,,,,,2.9783897630189617,21417.20780886245
1697328000,2023-10-15,,108489.7526685798,,,,,,,108489.7526685798
1697414400,2023-10-16,,6071.695204998332,,,,,,482.308571745,6554.003776743332
1697500800,2023-10-17,,13124.877407876407,,,,,,,13124.877407876407
1697587200,2023-10-18,,53250.87601871263,,,,,,27520.249184397,80771.12520310964
1697673600,2023-10-19,,42896.60926237533,,,,,,7.6938336475,42904.30309602283
1697760000,2023-10-20,,29479.253895207243,,,,,,10023.013,39502.26689520724
1697846400,2023-10-21,,2219.2387980583458,,,,,,,2219.2387980583458
1697932800,2023-10-22,,12332.748355033897,,,,,,,12332.748355033897
1698019200,2023-10-23,,1316.0223749975098,,,,,,589.7993736635,1905.8217486610097
1698105600,2023-10-24,,43623.52487378764,,,,,,,43623.52487378764
1698192000,2023-10-25,,1373.4901829389419,,,,,,10040.03,11413.520182938943
1698278400,2023-10-26,,4875.789898045102,,,,,,10054.558,14930.347898045104
1698364800,2023-10-27,,50006.97869169711,,,,,,,50006.97869169711
1698451200,2023-10-28,,66221.443820007,,,,,,10015.5055,76236.949320007
1698537600,2023-10-29,,2029.4304122903789,,,,,,,2029.4304122903789
1698624000,2023-10-30,,57802.682436966,,,,,,,57802.682436966
1698710400,2023-10-31,,72861.9289591614,,,,,,10033.527,82895.45595916141
1698796800,2023-11-01,,12828.62753966538,,,,,,143.3296168386205,12971.957156504
1698883200,2023-11-02,,19126.258004007075,,,,,,16333.22542531,35459.48342931707
1698969600,2023-11-03,,294002.07367671095,,,,,,,294002.07367671095
1699056000,2023-11-04,,1854.0762794165319,,,,,,0.0502,1854.1264794165318
1699142400,2023-11-05,,5753.99702243827,,,,,,9.440274295757073,5763.437296734027
1699228800,2023-11-06,,442729.37426626316,,,,,,,442729.37426626316
1699315200,2023-11-07,,549978.7141398053,,,,,,,549978.7141398053
1699401600,2023-11-08,,25017.6120519855,,,,,,,25017.6120519855
1699488000,2023-11-09,,2701.3125511365442,,,,,,20042.1700192145,22743.482570351043
1699574400,2023-11-10,,17411.10730981786,,,,,,10083.138,27494.24530981786
1699660800,2023-11-11,,17905.744982326436,,,,,,10010.997418,27916.74240032644
1699747200,2023-11-12,,644.90673740752,,,,,,,644.90673740752
1699833600,2023-11-13,,2044.2352394776726,,,,,,,2044.2352394776726
1699920000,2023-11-14,,28463.54862830945,,,,,,3287.6876858705,31751.23631417995
1700006400,2023-11-15,,49609.30888887709,,,,,,,49609.30888887709
1700092800,2023-11-16,,6087.740098871493,,,,,,1089.9225,7177.662598871492
1700179200,2023-11-17,,61331.72285273342,,,,,,,61331.72285273342
1700265600,2023-11-18,,4911.899349716597,,,,,,,4911.899349716597
1700352000,2023-11-19,,10114.0442214615,,,,,,,10114.0442214615
1700438400,2023-11-20,,1327.764931346,,,,,,,1327.764931346
1700524800,2023-11-21,,27357.35346173782,,,,,,,27357.35346173782
1700611200,2023-11-22,,595333.6521403074,,,,,,,595333.6521403074
1700697600,2023-11-23,,1652.399642647807,,,,,,4985.71274035885,6638.112383006657
1700784000,2023-11-24,,4350.985709130944,,,,,,4959.9,9310.885709130944
1700870400,2023-11-25,,8120.161496035565,,,,,,,8120.161496035565
1700956800,2023-11-26,,8610.518683934499,,,,,,0.503,8611.0216839345
1701043200,2023-11-27,,24105.971443746836,,,,,,,24105.971443746836
1701129600,2023-11-28,,50052.3029403685,,,,,,,50052.3029403685
1701216000,2023-11-29,,37403.713008685496,,,,,,,37403.713008685496
1701302400,2023-11-30,,9207.491449605499,,,,,,,9207.491449605499
1701388800,2023-12-01,,26799.81035252522,,,,,,,26799.81035252522
1701475200,2023-12-02,,23254.303741240976,,,,,,0.6473493,23254.951090540977
1701561600,2023-12-03,,60115.41581924327,,,,,,,60115.41581924327
1701648000,2023-12-04,,257050.006441573,,,,,,,257050.006441573
1701734400,2023-12-05,,14876.226170597634,,,,,,,14876.226170597634
1701820800,2023-12-06,,132840.46500553246,,,,,,,132840.46500553246
1701907200,2023-12-07,,99121.47443851452,,,,,,,99121.47443851452
1701993600,2023-12-08,,20190.114168987955,,,,,,1.999393044792,20192.113562032748
1702080000,2023-12-09,,23758.4186770484,,,,,,,23758.4186770484
1702166400,2023-12-10,,29954.176436156882,,,,,,,29954.176436156882
1702252800,2023-12-11,,523112.3735218086,,,,,,10006.705614,533119.0791358086
1702339200,2023-12-12,,696211.8745415017,,,,,,,696211.8745415017
1702425600,2023-12-13,,63851.61500598759,,,,,,1109.318,64960.93300598759
1702512000,2023-12-14,,268004.44394332444,,,,,,,268004.44394332444
1702598400,2023-12-15,,21512.489557828998,,,,,,,21512.489557828998
1702684800,2023-12-16,,76751.39945704144,,,,,,,76751.39945704144
1702771200,2023-12-17,,18914.853731928168,,,,,,,18914.853731928168
1702857600,2023-12-18,,181118.85557817708,,,,,,,181118.85557817708
1702944000,2023-12-19,,538674.2552790752,,,,,,,538674.2552790752
1703030400,2023-12-20,,309276.24974882836,,,,,,6033.668134984767,315309.91788381315
1703116800,2023-12-21,,43541.40442165788,,,,,,53746.38766962108,97287.79209127896
1703203200,2023-12-22,,81617.21337761838,,,,,,,81617.21337761838
1703289600,2023-12-23,,2002200.7956491297,,,,,,3.3584415865,2002204.1540907163
1703376000,2023-12-24,,35329.948071957246,,,,,,1525.8799759734916,36855.828047930736
1703462400,2023-12-25,,29732.133061403536,,,,,,,29732.133061403536
1703548800,2023-12-26,,5328.072450748721,,,,,,1724.437677433185,7052.510128181906
1703635200,2023-12-27,,284031.90870401054,,,,,,6.2491794365,284038.157883447
1703721600,2023-12-28,,17341.83776470626,,,,,,,17341.83776470626
1703808000,2023-12-29,,46051.2460598903,,,,,,3004.8621407805,49056.108200670795
1703894400,2023-12-30,,3631.7400774678954,,,,,,10005.96886426334,13637.708941731235
1703980800,2023-12-31,,8718.488186152805,,,,,,4245.32305106,12963.811237212805
1704067200,2024-01-01,,19431.163294466558,,,,,,7008.1515119625,26439.314806429058
1704153600,2024-01-02,,60768.25164031497,,,,,,18514.1232734785,79282.37491379346
1704240000,2024-01-03,,311846.5299228896,,,,,,5003.36,316849.8899228896
1704326400,2024-01-04,,170865.36469294966,,,,,,29520.337525622,200385.70221857165
1704412800,2024-01-05,,71431.09420470102,,,,,,11997.765955012,83428.86015971302
1704499200,2024-01-06,,18802.591815299285,,,,,,19100.77468549375,37903.36650079304
1704585600,2024-01-07,,5611.599974861097,,,,,,18027.035432322,23638.635407183097
1704672000,2024-01-08,,17406.32999145205,,,,,,18026.875867,35433.20585845205
1704758400,2024-01-09,,54208.840150232616,,,,,,5998.536291245256,60207.37644147787
1704844800,2024-01-10,,283999.4380755622,,,,,,18007.570213627583,302007.0082891898
1704931200,2024-01-11,,214861.3144631412,,,,,,17957.80703975517,232819.12150289636
1705017600,2024-01-12,,7092.984665276392,,,,,,6006.22022,13099.204885276391
1705104000,2024-01-13,,19209.007900457782,,,,,,,19209.007900457782
1705190400,2024-01-14,,12972.55904866442,,,,,,,12972.55904866442
1705276800,2024-01-15,,52303.96301415348,,,,,,,52303.96301415348
1705363200,2024-01-16,,162839.1894411933,,,,,,17995.5363676895,180834.7258088828
1705449600,2024-01-17,,108810.86762105968,,,,,,,108810.86762105968
1705536000,2024-01-18,,140358.63076942717,,,,,,5991.198599585,146349.82936901218
1705622400,2024-01-19,,89265.06007504888,,,,,,5996.842481646,95261.90255669488
1705708800,2024-01-20,0.693810143642,45668.80689315841,,,,,,6000.45825,51669.95895330205
1705795200,2024-01-21,657.4298975891695,16515.38194009257,,,,,,0.999812,17173.81164968174
1705881600,2024-01-22,17.25522499907,30206.714312700227,,,,,,6006.901075175,36230.8706128743
1705968000,2024-01-23,,13776.85324730535,,,,,,,13776.85324730535
1706054400,2024-01-24,0.999293,30937.381133636016,,,,,,,30938.380426636017
1706140800,2024-01-25,,522785.14645391406,,,,,,22424.90583963384,545210.0522935479
1706227200,2024-01-26,249.4669903385,11865.923958665786,,,,,,1818.9886345,13934.379583504286
1706313600,2024-01-27,298.23906526344,4145.571281307065,,,,,,95.2612419,4539.071588470505
1706400000,2024-01-28,3.4278005,14743.237268839852,,,,,,6017.674025,20764.33909433985
1706486400,2024-01-29,11.012521940136,61171.76178982946,,,,,,40.72794657,61223.5022583396
1706572800,2024-01-30,567.5034365,4763.911243087327,,,,,,,5331.414679587328
1706659200,2024-01-31,136.5642201568775,17119.670013854302,,,,,,5983.0691375175,23239.30337152868
1706745600,2024-02-01,10.824300730925,6318.153564160671,,,,,,,6328.977864891595
1706832000,2024-02-02,2.46707482525,15968.083370227083,,,,,,5997.96455759945,21968.515002651784
1706918400,2024-02-03,0.816383854825,10837.315082401363,,,,,,142.166891867,10980.298358123187
1707004800,2024-02-04,67.602690293056,6099.507351000785,,,,,,,6167.110041293841
1707091200,2024-02-05,979.279334934125,12492.972241121479,,,,,,6.7258847981,13478.977460853703
1707177600,2024-02-06,34.523014644184,7758.759818582008,,,,,,2848.0752345,10641.358067726193
1707264000,2024-02-07,240.950425391361,54600.91200070674,,,,,,49980.25,104822.1124260981
1707350400,2024-02-08,24.987,44729.391688404605,,,,,,,44754.378688404606
1707436800,2024-02-09,502.921239696285,23116.53946888265,,,,,,,23619.460708578936
1707523200,2024-02-10,11.44734853986,41268.724425424945,,,,,,,41280.17177396481
1707609600,2024-02-11,,72306.06741286555,,,,,,11.5451351015,72317.61254796706
1707696000,2024-02-12,1015.2241002094624,79742.77246064239,,,,,,,80757.99656085185
1707782400,2024-02-13,87.117065753865,54552.388917299846,,,,,,4998.292745669628,59637.79872872334
1707868800,2024-02-14,1616.888811196652,32130.752586449158,,,,,,,33747.64139764581
1707955200,2024-02-15,566.4661466580055,190258.44189593312,,,,,,1.02405,190825.93209259113
1708041600,2024-02-16,4.15011430972,24437.53559786819,,,,,,,24441.68571217791
1708128000,2024-02-17,2066.2120825,38759.22805491515,,,,,,,40825.44013741515
1708214400,2024-02-18,137.4923478076955,25764.613125721018,,,,,,,25902.105473528714
1708300800,2024-02-19,52.81978179164,553275.0022181415,,,,,,,553327.8219999331
1708387200,2024-02-20,9.99076,25859.99454885656,,,,,,,25869.98530885656
1708473600,2024-02-21,2.8843175,79515.88615383799,,,,,,4502.60048577014,84021.37095710811
1708560000,2024-02-22,42.346504618400004,62181.087429137195,,,,,,,62223.433933755594
1708646400,2024-02-23,87.86031069319,49057.30951400762,,,,,,,49145.16982470081
1708732800,2024-02-24,10.803949718076,28015.6771539144,,,,,,,28026.481103632475
1708819200,2024-02-25,1.7535,53605.98652359185,,,,,,,53607.74002359185
1708905600,2024-02-26,42.364584388,13563.76874445649,,,,,,,13606.133328844491
1708992000,2024-02-27,1075.18245946051,29139.54528330388,,,,,,,30214.72774276439
1709078400,2024-02-28,602.70469320445,13491.873443843779,,,,,,0.502622238,14095.08075928623
1709164800,2024-02-29,22.8488055635,17850.927300307292,,,,,,,17873.77610587079
1709251200,2024-03-01,29.9478965,423473.06802830286,,,,,,12490.724958031164,435993.740882834
1709337600,2024-03-02,245.1040189281695,5236.414989347341,,,,,,,5481.519008275511
1709424000,2024-03-03,200.330774886656,3368.1182027305713,,,,,,,3568.4489776172272
1709510400,2024-03-04,758.471964498486,462859.119248296,,,,,,,463617.5912127945
1709596800,2024-03-05,990.814263288025,46286.45750130573,,,,,,24937.21005789765,72214.4818224914
1709683200,2024-03-06,12.640687798966999,6914.847955721647,,,,,,,6927.488643520614
1709769600,2024-03-07,608.697312830594,17036.156329780177,,,,,,3967.20858,21612.06222261077
1709856000,2024-03-08,152.76982560155648,11735.02898497141,,,,,,,11887.798810572967
1709942400,2024-03-09,1615.5930609192685,22959.899773706864,,,,,,,24575.492834626133
1710028800,2024-03-10,384.5034514990505,27640.665516426183,,,,,,,28025.168967925234
1710115200,2024-03-11,2914.109296652723,10152.838717118932,,,,,,,13066.948013771655
1710201600,2024-03-12,2806.3956896233517,520333.8275723433,,,,,,,523140.22326196666
1710288000,2024-03-13,7.7315311035250005,16729.648199389907,,,,,,,16737.37973049343
1710374400,2024-03-14,26.417489857651002,24604.274323081816,,,,,,,24630.691812939465
1710460800,2024-03-15,125.41140597122249,72565.57877015602,,,,,,6204.064016524448,78895.05419265167
1710547200,2024-03-16,807.7333813215,7369.114797427478,,,,,,684.806450609328,8861.654629358307
1710633600,2024-03-17,331.2150970604,5028.2117229314545,,,,,,612.1889838418215,5971.615803833676
1710720000,2024-03-18,324.51136370735,4133.801459562016,,,,,,,4458.312823269366
1710806400,2024-03-19,,12863.04256951163,,,,,,,12863.04256951163
1710892800,2024-03-20,17.57,39926.127717316165,,,,,,,39943.697717316165
1710979200,2024-03-21,747.90547716326,17251.747102228146,,,,,,,17999.652579391404
1711065600,2024-03-22,200.17554248914502,14436.125485515313,,,,,,,14636.301028004458
1711152000,2024-03-23,,6865.801360802537,,,,,,,6865.801360802537
1711238400,2024-03-24,7.663491825,9246.782339646754,,,,,,,9254.445831471754
1711324800,2024-03-25,,28384.89493737522,,,,,,,28384.89493737522
1711411200,2024-03-26,29.149216431135,517085.5134208453,,,,,,,517114.66263727646
1711497600,2024-03-27,575.0555092022255,51567.284507683034,,,,,,12805.40512038896,64947.74513727422
1711584000,2024-03-28,70.739118581503,15435.817984609916,,,,,,590.430304936,16096.98740812742
1711670400,2024-03-29,3.9355299251,16415.88720034308,,,,,,641.919976,17061.74270626818
1711756800,2024-03-30,278.478284816319,13381.494539311981,,,,,,2215.232736782534,15875.205560910836
1711843200,2024-03-31,83.50154684827051,33211.14833745474,,,,,,984.062936461948,34278.71282076495
1711929600,2024-04-01,5111.403357100779,22566.0981813185,,,,,,263.999347852114,27941.50088627139
1712016000,2024-04-02,28.84283064355,134454.73946930468,,,,,,,134483.58229994823
1712102400,2024-04-03,28.841579160876,26484.14235936533,,,,,,,26512.983938526206
1712188800,2024-04-04,36.916049827476,75037.3537941484,,,,,,,75074.26984397587
1712275200,2024-04-05,44.1077944751,15222.244452825296,,,,,,,15266.352247300396
1712361600,2024-04-06,2562.831860088697,19347.339465388402,,,,,,,21910.1713254771
1712448000,2024-04-07,29.789613942083,28113.690302759747,,,,,,,28143.479916701832
1712534400,2024-04-08,22.58021292529,26191.831227742845,,,,,,335.6221401432515,26550.03358081139
1712620800,2024-04-09,89.091944526404,24789.84690438487,,,,,,309.636057731,25188.574906642276
1712707200,2024-04-10,14.063752784030001,26849.691749381447,,,,,,,26863.755502165477
1712793600,2024-04-11,65.380474107266,13800.870785552113,,,,,,,13866.251259659379
1712880000,2024-04-12,48.291416434843,22753.376824841653,,,,,,281.2283775,23082.896618776496
1712966400,2024-04-13,11.141092589046,27321.19352405457,,,,,,,27332.334616643617
1713052800,2024-04-14,3.42290504758,54582.861726079616,,,,,,0.725410504,54587.01004163119
1713139200,2024-04-15,23.216165845797,11388.206446736878,,,,,,50190.01187079128,61601.43448337395
1713225600,2024-04-16,26.6175035920135,388548.0772147979,,,,,,4704.925926213,393279.62064460287
1713312000,2024-04-17,59.2163805993455,23702.1544830196,,,,,,,23761.370863618944
1713398400,2024-04-18,95.5013874961195,338219.68977324216,,,,,,4253.330483402,342568.5216441403
1713484800,2024-04-19,177.222651393858,16475.063423837037,,,,,,,16652.286075230895
1713571200,2024-04-20,29.822383840047998,12550.811696142653,,,,,,,12580.634079982701
1713657600,2024-04-21,67.4399013135285,7605.420931549175,,,,,,,7672.860832862704
1713744000,2024-04-22,7.411064352574,2931223.9047708837,,,,,,,2931231.315835236
1713830400,2024-04-23,287.953889716373,19641.471911159686,,,,,,365.1912696712935,20294.617070547352
1713916800,2024-04-24,179.7971047474525,81651.51127625632,,,,,,7717.345849986899,89548.65423099068
1714003200,2024-04-25,32.8649926101425,22919.900649639105,,,,,,2.411719175626,22955.177361424874
1714089600,2024-04-26,13.835201278836001,532339.3926440686,,,,,,,532353.2278453474
1714176000,2024-04-27,1.3498425794385,14793.793700014263,,,,,,0.841846,14795.985388593701
1714262400,2024-04-28,18.118568185146497,12449.655133918568,,,,,,271.611913,12739.385615103714
1714348800,2024-04-29,27.07645007028,19347.961232423542,,,,,,,19375.03768249382
1714435200,2024-04-30,507.087070738169,33463.55091907724,,,,,,,33970.63798981541
1714521600,2024-05-01,26.216839345007998,33728.063965090245,,,,,,6595.026527795,40349.30733223025
1714608000,2024-05-02,2.2277966935235,55043.87200741673,,,,,,,55046.09980411025
1714694400,2024-05-03,28.552179158059,37978.38211037311,,,,,,,38006.93428953117
1714780800,2024-05-04,852.6703675466999,10964.731518080978,,,,,,,11817.401885627678
1714867200,2024-05-05,14.864768072969001,8302.302743900247,,,,,,,8317.167511973215
1714953600,2024-05-06,14.8442063336105,22415.993086369534,,,,,,,22430.837292703145
1715040000,2024-05-07,29.662495218834998,12157.211823406633,,,,,,19.25,12206.124318625469
1715126400,2024-05-08,17.922653648332002,19323.654482969127,,,,,,,19341.57713661746
1715212800,2024-05-09,53.1637317995,21216.366957684382,,,,,,,21269.530689483883
1715299200,2024-05-10,316.6883807675655,16988.404903908275,,,,,,,17305.09328467584
1715385600,2024-05-11,14.662653531928001,20784.440604848405,,,,,,,20799.10325838033
1715472000,2024-05-12,14.09873186325,15503.819195686257,,,,,,,15517.917927549508
1715558400,2024-05-13,74.2863115995,33551.222567884,,,,,,3.4286676165795,33628.937547100075
1715644800,2024-05-14,30.296131092585,26430.58862663174,,,,,,,26460.884757724325
1715731200,2024-05-15,6.9456999999999995,11145.886055279545,,,,,,,11152.831755279545
1715817600,2024-05-16,28.4967757317,14740.058367946483,,,,,,,14768.555143678184
1715904000,2024-05-17,18.821635095999998,24479.42942630373,,,,0.125125,,,24498.376186399728
1715990400,2024-05-18,7.4530857,13841.42000351973,,,,,,15.356902561,13864.22999178073
1716076800,2024-05-19,2.407680105141,1522.087529404532,,,,,,,1524.495209509673
1716163200,2024-05-20,2.95321655,47443.3145824116,,,,,,271.9023044726205,47718.17010343422
1716249600,2024-05-21,3509.890129389545,20001.28833825727,,,,,,,23511.178467646816
1716336000,2024-05-22,510.55154322805004,89548.01711545904,,,,,,1108.422684431318,91166.99134311841
1716422400,2024-05-23,1514.3578983723748,15170.880838919118,,,,,,,16685.238737291493
1716508800,2024-05-24,98.1725021515125,23348.95105435387,,,,,,,23447.123556505383
1716595200,2024-05-25,16.498739658725,16919.31828237647,,,,,,,16935.817022035193
1716681600,2024-05-26,5.3905048424,7467.8426930726,,,,,,,7473.233197915
1716768000,2024-05-27,2064.411674945883,65550.5189481109,,,,554.3904716895576,,,68169.32109474634
1716854400,2024-05-28,34.0225270893955,37691.664182250046,,,,50445.89026354243,,,88171.57697288187
1716940800,2024-05-29,771.2722886247155,37570.4946118029,,,,63441.12054685758,,,101782.88744728519
1717027200,2024-05-30,151.23401551102,16494.548112544257,,,,17140.23111966398,,,33786.01324771925
1717113600,2024-05-31,42.082303056306,39255.67652255004,,,,13631.245206109812,,1999.812,54928.81603171616
1717200000,2024-06-01,706.3239502473446,18151.187867012926,,,,10869.683862849157,,4.939726969164,29732.135407078593
1717286400,2024-06-02,28.342988524064,15994.69343236991,,,,6611.5005612902505,,,22634.536982184225
1717372800,2024-06-03,14011.467014087566,44009.89769913651,,,,6364.932006675541,,3878.715076236,68265.01179613562
1717459200,2024-06-04,179.2061787422,20607.570673767375,,,,7257.137434871045,,,28043.91428738062
1717545600,2024-06-05,125.001913533193,17904.9904724089,,,,5136.268413445902,,,23166.260799387994
1717632000,2024-06-06,177.789460280823,28763.53749769322,,,,5493.689120825393,,,34435.01607879944
1717718400,2024-06-07,37.413211633367,58910.79442595615,,,,4748.09549287331,,,63696.303130462824
1717804800,2024-06-08,63.2032690588305,20493.118036204876,,,,7628.498832187948,,,28184.820137451658
1717891200,2024-06-09,250.489882570015,4232.866037907508,,,,4459.176039657958,,,8942.531960135482
1717977600,2024-06-10,28.4356578,38436.22210879096,,,,4131.061726882067,,,42595.71949347302
1718064000,2024-06-11,1562.1848558069755,24442.22474179825,,,,1367.718285098418,,,27372.127882703644
1718150400,2024-06-12,561.582897251837,38898.21477610278,,,,2051.464145302054,,16263.108412453,57774.37023110967
1718236800,2024-06-13,27.731854484005,193158.0394842533,,,,4714.377001866846,,,197900.14834060415
1718323200,2024-06-14,79.0371635708335,606570.1415314607,,,,7448.592917395286,,,614097.7716124268
1718409600,2024-06-15,30.303249183746,18670.106258988166,,,,2219.3159074596797,,,20919.725415631594
1718496000,2024-06-16,507.0188250190795,39723.97468482255,,,,13419.51913768636,,20059.5810112935,73710.09365882148
1718582400,2024-06-17,511.832574694823,31182.02857146495,,,,1466.4105834818492,,,33160.27172964162
1718668800,2024-06-18,295.47261436075,69575.84492326497,,,,1577.5518851429229,,,71448.86942276865
1718755200,2024-06-19,1002.7781102655,8855.915561201205,,,,2906.758409945761,,,12765.452081412466
1718841600,2024-06-20,42.7255228140555,3545.7516804079737,,,,1210.466384878811,,10245.653139327082,15044.596727427921
1718928000,2024-06-21,18.7421214524465,14588.96233820056,,,,4195.823895817526,,4987.90352219029,23791.43187766082
1719014400,2024-06-22,64.595804474463,27102.891196024437,,,,7170.645808815165,,,34338.13280931406
1719100800,2024-06-23,,8402.473959796433,,,,4197.532429288578,,,12600.00638908501
1719187200,2024-06-24,9.3072730334745,11071.821587340039,,,,5831.173225040706,,,16912.30208541422
1719273600,2024-06-25,5.866026433564,32646.924332206887,,,,2612.138922010703,,,35264.92928065115
1719360000,2024-06-26,10.01023427986,46972.242710600025,,,,2291.212785707154,,,49273.465730587035
1719446400,2024-06-27,,94808.73438745666,,,,5045.476244019836,,,99854.2106314765
1719532800,2024-06-28,39.0792335555455,26427.373797017222,,,,5711.5506043692,,,32178.003634941968
1719619200,2024-06-29,13.140999535928,32147.25925136196,,,,3830.399551948256,,,35990.799802846144
1719705600,2024-06-30,7.654595459531,21509.240344735645,,,,3228.8056887931607,,,24745.700628988336
1719792000,2024-07-01,23.923481841166,28053.069360566864,,,,1528.410511245847,,,29605.403353653877
1719878400,2024-07-02,13.6912136654385,35575.723387560756,,,,3082.0065946997024,,,38671.4211959259
1719964800,2024-07-03,10.572630053924,41542.08874164118,,,,4614.098590456375,,,46166.75996215148
1720051200,2024-07-04,0.48296406785,49008.2760403408,,,,1838.471911241272,,,50847.230915649925
1720137600,2024-07-05,5.9701464857,176691.05518679656,,,,2571.0236274202853,,,179268.04896070252
1720224000,2024-07-06,103.18738978633,8040.634953823713,,,,5190.3445904607825,,11.287000838967,13345.453934909792
1720310400,2024-07-07,19.907050144419998,24587.844292712318,,,,1912.2120804220506,,,26519.963423278787
1720396800,2024-07-08,4.11092299,39971.89569861979,,,,1424.8571605186994,,,41400.863782128494
1720483200,2024-07-09,109.1393398032425,27950.835024180167,,,,1740.234803679104,,,29800.209167662513
1720569600,2024-07-10,32.759176926,45176.34944672576,,,,2501.1114889664154,,,47710.22011261818
1720656000,2024-07-11,55.7182426592,21977.325095183005,,,,2146.2247893680174,,,24179.268127210224
1720742400,2024-07-12,40.0874142296895,204192.38890544442,,,,4855.931506089238,,,209088.40782576334
1720828800,2024-07-13,5.920678993622,16434.979649204473,,,,695.5814059289864,,,17136.481734127083
1720915200,2024-07-14,25.79366466765,32092.968102084455,,,,702.94199446862,,,32821.70376122073
1721001600,2024-07-15,583.24889273,32454.458660219407,,,,2140.0487438446735,,,35177.756296794076
1721088000,2024-07-16,,15040.358774460787,,,,4634.827957189838,,,19675.186731650625
1721174400,2024-07-17,11.583186496764,56741.54148633101,,,,6528.065771100164,,691.1714698081895,63972.361913736124
1721260800,2024-07-18,47.061792510157,908.7838675136145,,,,21204.495059052497,,,22160.34071907627
1721347200,2024-07-19,28.628146811085,90287.03444164987,,,,772.824237500454,,,91088.4868259614
1721433600,2024-07-20,98.68410906079001,21069.037247136515,,,,1462.5001781488384,,,22630.221534346143
1721520000,2024-07-21,62.2728743249375,2962.2605961439967,,,,2650.5278515297528,,,5675.061321998687
1721606400,2024-07-22,47.5689386165455,2120.004103588799,,,,36890.33127531374,,,39057.90431751909
1721692800,2024-07-23,10.179800195143,61718.51489707806,,,,2441.72693375584,,,64170.42163102904
1721779200,2024-07-24,2.704474653,26180.37092308482,,,,56.179421230058,,,26239.254818967882
1721865600,2024-07-25,5.907623722,9795.374041078114,,,,17.21723996534,,5996.843071387,15815.341976152453
1721952000,2024-07-26,2.980112497368,3346.338268930558,,,,8436.722206642506,,,11786.040588070431
1722038400,2024-07-27,48.2828256433395,1470.7949197981056,,,,14427.491971489562,,,15946.569716931008
1722124800,2024-07-28,50.2866515092565,17919.42761668254,,,,11984.298968840165,,,29954.013237031962
1722211200,2024-07-29,10.5015166426,28147.41019233921,,,,20065.628158485488,,,48223.5398674673
1722297600,2024-07-30,,24508.384932554996,,,,5376.81423548885,,,29885.199168043844
1722384000,2024-07-31,18.54456474374,12607.162250444606,,,,9067.262925448535,,,21692.96974063688
1722470400,2024-08-01,,2038.4158559766106,,,,9776.130068720187,,,11814.545924696798
1722556800,2024-08-02,11.6710349238225,211036.37430842823,,,,21784.58528294697,,,232832.630626299
1722643200,2024-08-03,17.446830786,4473.465265509909,,,,9187.070131831391,,,13677.982228127301
1722729600,2024-08-04,,5948.211810712522,,,,8540.864095066147,,,14489.075905778667
1722816000,2024-08-05,20.1346529041,29784.190921989706,,,,14938.821628003909,,,44743.147202897715
1722902400,2024-08-06,,27841.295753465663,,,,16934.280389068364,,,44775.57614253403
1722988800,2024-08-07,17.70180552,30553.892010835876,,,,6374.717391835078,,,36946.31120819095
1723075200,2024-08-08,64.96697938454,25324.632207139006,,,,68093.88227602994,,,93483.48146255348
1723161600,2024-08-09,4.7056009,18348.96453967445,,,,99593.525146594,,,117947.19528716845
1723248000,2024-08-10,,9484.569894046912,,,,637.115415541374,,49.2413513780986,10170.926660966385
1723334400,2024-08-11,200.2,7478.766465386926,,,,2237.4167962848787,,,9916.383261671805
1723420800,2024-08-12,,15977.413578544945,,,,627.138319700083,,,16604.551898245027
1723507200,2024-08-13,,18730.28229845104,,,,11598.861770165538,,,30329.144068616577
1723593600,2024-08-14,9.781665,9692.387070443558,,,,2232.64712116753,,,11934.815856611087
1723680000,2024-08-15,,14637.30243092976,,,,1881.1899800938095,,,16518.49241102357
1723766400,2024-08-16,221.10464310628,21826.802064852614,,,,1607.285445982495,,,23655.19215394139
1723852800,2024-08-17,1.5567222492915,22657.97939946704,,,,2245.2959476086266,,,24904.832069324955
1723939200,2024-08-18,,4829.572203788741,,,,1916.6507328233529,,,6746.222936612094
1724025600,2024-08-19,2.227988667,14333.543483759782,,,,426.4006778658195,,,14762.172150292601
1724112000,2024-08-20,228.456,20881.00751920737,,,,3099.494163281908,,2801.114813574251,27010.07249606353
1724198400,2024-08-21,19.469201,13398.523506310856,,,,1295.582980091864,,,14713.57568740272
1724284800,2024-08-22,3.22890936332,52978.547572895746,,,,470.376663484653,,,53452.15314574372
1724371200,2024-08-23,,6103.780102549534,,,,487.6435758057705,,,6591.423678355304
1724457600,2024-08-24,2.220815758,5221.596670001702,,,,477.075494905935,,,5700.892980665636
1724544000,2024-08-25,,14039.72896436027,,,,758.9459792425,,,14798.674943602771
1724630400,2024-08-26,,7912.068707738757,,,,1997.4094285909841,,,9909.47813632974
1724716800,2024-08-27,24.035475,6441.8329005744345,,,,1566.2952247388405,,,8032.163600313274
1724803200,2024-08-28,4.195604612,45554.275966364075,,,,1057.0041544120945,,1907.709734179193,48523.18545956737
1724889600,2024-08-29,,22517.450827304045,,,,478.499753675055,,,22995.9505809791
1724976000,2024-08-30,,31474.19065256004,,,,4925.066802048284,,,36399.25745460832
1725062400,2024-08-31,,33849.94488099023,,,,371.795543032101,,,34221.74042402233
1725148800,2024-09-01,,24979.548975495378,,,,2256.4295850033045,,,27235.978560498683
1725235200,2024-09-02,,51240.69557779808,,,,8742.781050162761,,,59983.47662796084
1725321600,2024-09-03,11.079312557808,18201.765037414218,,,,14336.889393748164,,,32549.733743720193
1725408000,2024-09-04,,29191.215952287883,,,,1632.27197850267,,,30823.487930790554
1725494400,2024-09-05,,6425.309361783879,,,,145.5142013880085,,2390.734296,8961.557859171888
1725580800,2024-09-06,,23006.074388561257,,,,307.83250734981146,,,23313.90689591107
1725667200,2024-09-07,,62355.61059952697,,,,1245.1078842086836,,,63600.718483735654
1725753600,2024-09-08,,64378.11755885198,,,,4169.989843186157,,,68548.10740203813
1725840000,2024-09-09,,53650.41765584344,,,,1454.9081914454655,,0.24999575,55105.5758430389
1725926400,2024-09-10,,36519.24204730092,,,,122.421086449255,,,36641.663133750175
1726012800,2024-09-11,4.039975527814,3015.0180666030255,,,,88.669450114669,,,3107.7274922455085
1726099200,2024-09-12,,41527.16120916192,,,,162.45159982645401,,,41689.61280898837
1726185600,2024-09-13,2.617992248,383067.92778786644,,,,1825.2310255720886,,,384895.77680568653
1726272000,2024-09-14,,48216.08034946746,,,,542.8503904015,,,48758.93073986896
1726358400,2024-09-15,29.6486341845645,315283.14673152537,,,,283.842024864161,,,315596.6373905741
1726444800,2024-09-16,,1407396.9888376263,,,,274.74727549647355,,,1407671.7361131227
1726531200,2024-09-17,10.178975688,523954.05632733455,,,,10398.889789803412,,,534363.125092826
1726617600,2024-09-18,,127684.50269821184,,,,14112.693299715687,,,141797.19599792754
1726704000,2024-09-19,50.5505,294433.4924475272,,,,756.0827183700001,,,295240.1256658972
1726790400,2024-09-20,,260033.56391665747,,,,393.7511849163975,,,260427.31510157385
1726876800,2024-09-21,,151411.21326538798,,,,2913.038770779722,,,154324.25203616772
1726963200,2024-09-22,,83020.49810428827,,,,304.126274755653,,,83324.62437904392
1727049600,2024-09-23,12.880025,371229.07924687676,,,,617.9647904612865,,,371859.9240623381
1727136000,2024-09-24,,348881.09785584646,,,,66.98828727575,,,348948.08614312223
1727222400,2024-09-25,,243569.70509512085,,,,529.0751672193845,,,244098.78026234024
1727308800,2024-09-26,80.3734108663275,606400.2261578672,,,,555.606448785351,,,607036.206017519
1727395200,2024-09-27,,1012221.7876490371,,,,2408.6447436440717,,,1014630.4323926811
1727481600,2024-09-28,0.007957383,137728.9721396612,,,,717.373212823666,,1.741841101,138448.09515096887
1727568000,2024-09-29,1.169256272195,557290.4337508248,,,,330.789294022506,,,557622.3923011194
1727654400,2024-09-30,2.246370236104,1142637.1148134968,,,,1236.8056685840554,,,1143876.166852317
1727740800,2024-10-01,0.7284277,803123.9537522406,,,,8602.384902335738,,,811727.0670822763
1727827200,2024-10-02,,1003549.3295515657,,,,8277.250988765061,,,1011826.5805403307
1727913600,2024-10-03,,390273.7114523107,,,,2798.028693820961,,,393071.7401461316
1728000000,2024-10-04,,185687.18298206813,,,,17164.49338675806,,,202851.67636882619
1728086400,2024-10-05,,191191.9214169748,,,,1516.670749048383,,,192708.59216602318
1728172800,2024-10-06,,54884.18543932872,,,,1295.874917447436,,,56180.06035677616
1728259200,2024-10-07,999.0793712379999,385874.95295042655,,,,3972.2960111165958,,48850.3705254565,439696.69885823765
1728345600,2024-10-08,448.49660061,581884.0759238015,,,,5762.007568540504,,,588094.580092952
1728432000,2024-10-09,5.444704117632,162617.20949992706,,,,372.66346428245504,,37175.689044,200171.00671232716
1728518400,2024-10-10,,510138.7476793372,,,,662.010509280301,,,510800.75818861753
1728604800,2024-10-11,,866820.9999386696,,,,2225.2280607171124,,,869046.2279993867
1728691200,2024-10-12,,175830.93182090562,,,,3658.5973660736972,,,179489.5291869793
1728777600,2024-10-13,117.65556377836,211743.52425161618,,,,2871.401973941097,,,214732.58178933564
1728864000,2024-10-14,4.708083344,462296.5248682812,,,,2655.333235203533,,,464956.5661868287
1728950400,2024-10-15,2.143685121785,845177.0851312664,,,,6997.612287473923,,,852176.841103862
1729036800,2024-10-16,305.740583709804,1303806.7076792603,,,,1044.7775119840535,,,1305157.2257749543
1729123200,2024-10-17,3.4492881135,140474.94709193494,,,,2948.5222637651705,,58865.3065,202292.22514381362
1729209600,2024-10-18,,345088.9041806929,,,,1464.0360315783068,,0.003905227815,346552.94411749905
1729296000,2024-10-19,,399853.57587197097,,,,5394.230956440359,,66054.75514,471302.5619684113
1729382400,2024-10-20,502.358724,118308.31777756223,,,,3341.5047222563385,,,122152.18122381858
1729468800,2024-10-21,,742814.8245121787,,,,2435.361208059392,,,745250.185720238
1729555200,2024-10-22,15.902252902608,1087448.7529696594,,,,5321.542113429819,,,1092786.1973359918
1729641600,2024-10-23,3.7162054710105,662851.7047000781,,,,12954.84688513001,,,675810.2677906791
1729728000,2024-10-24,,414127.43723312253,,,,11140.23695295207,,,425267.6741860746
1729814400,2024-10-25,18.3796968355,922188.0311509805,,,,1498.300403780546,,61892.817000821015,985597.5282524176
1729900800,2024-10-26,,143149.4713306196,,,,2840.9787406647165,,,145990.45007128431
1729987200,2024-10-27,,247191.6143007969,,,,8961.40621665106,,,256153.02051744796
1730073600,2024-10-28,14.723,380284.00963611645,,,,6532.441604273305,,,386831.1742403897
1730160000,2024-10-29,10.4383554275,635807.2086561517,,,,5715.852278532688,,,641533.4992901118
1730246400,2024-10-30,4.5412680542,1627188.8391558728,,,,4729.951501895775,,,1631923.3319258227
1730332800,2024-10-31,,936789.6896958747,,,,4865.733785923896,,,941655.4234817986
1730419200,2024-11-01,,686775.5436430825,,,,531.5380499576211,,325.5515586,687632.6332516401
1730505600,2024-11-02,,141190.2712133904,,,,3411.6892439480653,,,144601.96045733846
1730592000,2024-11-03,,618847.4540525016,,,,5392.70887353293,,,624240.1629260345
1730678400,2024-11-04,,930166.9179454967,,,,21580.461485499254,,,951747.379430996
1730764800,2024-11-05,,378319.55674039514,,,,2434.77861765872,,75000.0073535,455754.34271155385
1730851200,2024-11-06,48.828697496586,930116.4231421716,,,,7570.057998070039,,,937735.3098377382
1730937600,2024-11-07,,818818.3005141404,,,,4305.607017795737,,50052.3571142595,873176.2646461957
1731024000,2024-11-08,,1154541.9236245812,,,,3489.0592509710323,,,1158030.9828755523
1731110400,2024-11-09,,471138.0418519581,,,,1642.648831348,,,472780.6906833061
1731196800,2024-11-10,,494247.89034432184,,,,10568.9040375511,,,504816.7943818729
1731283200,2024-11-11,75.3060405,494842.8344989114,,,,19802.278987426194,,,514720.4195268376
1731369600,2024-11-12,,465061.21393985755,,,,5667.716654097168,,,470728.93059395475
1731456000,2024-11-13,,906434.9579786547,,,,1377.379153425362,,293432.43582354113,1201244.7729556211
1731542400,2024-11-14,,623791.2006948208,,,,8754.8366539425,,,632546.0373487633
1731628800,2024-11-15,,891815.093210499,,,,13527.980387466916,,,905343.073597966
1731715200,2024-11-16,,512894.26550685824,,,,2048.7124029842507,,,514942.9779098425
1731801600,2024-11-17,3239.9815103482565,362307.61860286526,,,0,6132.121354922658,,,371679.7214681362
1731888000,2024-11-18,,638229.7879901542,,,0,901.016503715231,,,639130.8044938694
1731974400,2024-11-19,,126129.17364575819,,,0,448.10806324925005,,,126577.28170900744
1732060800,2024-11-20,,420643.03127898613,,,0,2098.393013328425,,,422741.42429231456
1732147200,2024-11-21,169.124842929472,355753.5573180917,,,0,2217.6317892738252,,,358140.313950295
1732233600,2024-11-22,,383168.484309177,10254.0129019475,,0,1511.508806823,,,394934.00601794745
1732320000,2024-11-23,5.333832898275,272262.3369363778,291872.29904894996,,0,1783.5000012925,,,565923.4698195185
1732406400,2024-11-24,1.252065977109,439528.64784269466,15604.29539591,,0,2155.4941342887005,,,457289.6894388704
1732492800,2024-11-25,,614458.3402553644,5626.60642664,,0,17576.910851101093,,,637661.8575331054
1732579200,2024-11-26,,700326.8501201537,343600.289628045,,0,2323.1415926931336,,,1046250.2813408918
1732665600,2024-11-27,3.3358660506095,698528.0403432208,289986.503252105,0,0,8853.012732117182,,44.175129,997415.0673224935
1732752000,2024-11-28,,555274.2666956529,232339.55833358,0,0,1085.1442723483135,,,788698.9693015811
1732838400,2024-11-29,,471146.19480183104,21315.190374115,0,0,1573.0625525998084,,,494034.44772854587
1732924800,2024-11-30,,78935.48424995865,344143.7328718365,0,0,3555.8270097507116,,75005.011555,501640.0556865459
1733011200,2024-12-01,7.830332590672,242911.9230525191,30761.909985800005,0,0,1699.771061460357,,,275381.4344323701
1733097600,2024-12-02,13.325550011335,1185192.337083827,246236.73831319,0,0,,,,1431442.4009470283
1733184000,2024-12-03,6.534101674,708730.7836385211,163990.15984581498,0,,,,,872727.47758601
1733270400,2024-12-04,9.5775864605,1023708.6561723185,198823.093781604,0,,2596.4858778855,,,1225137.8134182685
1733356800,2024-12-05,5.7189915,1147358.0863445634,80922.5441395915,0,,2826.893557849112,,,1231113.243033504
1733443200,2024-12-06,26.901558684,1028069.0237001434,266069.49591110495,0,0,14253.118411296993,,,1308418.5395812294
1733529600,2024-12-07,2.5953813101005,125318.744222916,81749.12408701,0,0,855.0460618699999,,,207925.5097531061
1733616000,2024-12-08,,458844.2949296393,72248.82880232,0,0,1038.142226613,,,532131.2659585724
1733702400,2024-12-09,,785626.4975598325,252497.383246285,0,0,1675.999614884307,,,1039799.8804210018
1733788800,2024-12-10,1.8501924375,541098.5360483708,348005.73224618996,0,0,328.5762658461465,,,889434.6947528444
1733875200,2024-12-11,9.222408,1167762.906025526,58697.523839775,0,0,298.86423648749997,,,1226768.5165097886
1733961600,2024-12-12,7.875125320184,875666.7188330332,87305.647918135,0,0,8785.776231433549,,,971766.0181079219
1734048000,2024-12-13,,843538.9095713595,72987.08428799,0,0,2897.5030705211893,,,919423.4969298707
1734134400,2024-12-14,,18367.493827602546,187695.451611891,0,0,1820.8685710356594,,,207883.8140105292
1734220800,2024-12-15,,488930.3743793316,106202.433801465,0,0,3393.1538576529683,,,598525.9620384495
1734307200,2024-12-16,81.4590738156125,1962231.3688252924,42408.454071425,0,0,1973.8730399339229,,,2006695.155010467
1734393600,2024-12-17,,985516.8240325935,181265.996441035,0,0,4181.348636411714,,,1170964.1691100404
1734480000,2024-12-18,7.787726337,629944.2745797886,4696.52204238,0,0,927.9540559350199,,,635576.5384044405
1734566400,2024-12-19,,1322311.957454488,205164.691021675,0,0,5936.600365398934,,,1533413.2488415618
1734652800,2024-12-20,,3467091.739321243,8945.88394574,0,0,3143.6081312881024,,,3479181.231398271
1734739200,2024-12-21,,115743.90297506678,161398.68995758498,0,0,2214.5032665049494,,,279357.0961991567
1734825600,2024-12-22,5.3791276155,755506.0462266783,20817.41048187,0,0,1527.656792555589,,,777856.4926287193
1734912000,2024-12-23,,1306074.3013711718,3233.008516465,0,0,3847.4454363414834,,,1313154.7553239784
1734998400,2024-12-24,,289967.8998752626,3308.151703615,0,0,3084.8701722455125,,,296360.92175112304
1735084800,2024-12-25,,282739.44210727635,32715.019148170002,0,0,2078.2854136621795,,,317532.7466691086
1735171200,2024-12-26,,68458.03093196766,43597.403531525,0,0,9430.287877019993,,,121485.72234051264
1735257600,2024-12-27,,1065026.9107430482,55056.051331919,0,0,787.9721505018755,,,1120870.934225469
1735344000,2024-12-28,,333583.84858521324,47474.095367304995,0,0,5166.431407064756,,,386224.375359583
1735430400,2024-12-29,109.5564392584025,17946.104031862153,25380.86066769,0,0,4187.323231398427,,,47623.84437020898
1735516800,2024-12-30,7.596786158159,631924.5055340407,7311.495536601,,0,1861.7959757621088,,,641105.393832562
1735603200,2024-12-31,7.482938439554999,348398.66678457486,4216.686315465,0,0,1705.1650694975724,,,354328.001107977
1735689600,2025-01-01,8.382382008,581793.7431243213,7525.366818805,0,0,780.885622619054,,,590108.3779477534
1735776000,2025-01-02,0,794082.4283617092,19588.059603730002,0,0,2412.925826547925,,,816083.4137919871
1735862400,2025-01-03,4.456933139102551,1387740.3337274063,18729.159038359998,0,0,2720.5942234783433,,,1409194.5439223838
1735948800,2025-01-04,,126911.46549702671,9000.19961305,0,0,2802.6430690896086,,,138714.30817916634
1736035200,2025-01-05,4.665359911278998,310716.56210434984,5055.814382330001,0,0,3621.3422114151463,,,319398.3840580062
1736121600,2025-01-06,,2258.602715590391,,,0,693.527935691541,,,2952.130651281932