date,unix_timestamp,Snowtrace - Gas Price,C-Chain
2025-01-01,1735689600000,6.168224620005e-8,5.165431998e-9
2024-12-31,1735603200000,6.825518955896e-8,6.251421395e-9
2024-12-30,1735516800000,6.376728329672e-8,6.969037923e-9
2024-12-29,1735430400000,5.799865511399e-8,4.633175972e-9
2024-12-28,1735344000000,6.003365534419e-8,4.79492266e-9
2024-12-27,1735257600000,6.0229516488e-8,8.085103242e-9
2024-12-26,1735171200000,5.100496444493e-8,7.86137683e-9
2024-12-25,1735084800000,5.645644390156e-8,7.817682137e-9
2024-12-24,1734998400000,6.086105752741e-8,8.073143458e-9
2024-12-23,1734912000000,5.635208361862e-8,9.280531782e-9
2024-12-22,1734825600000,4.237085552373e-8,8.592239691e-9
2024-12-21,1734739200000,5.174873316597e-8,9.900705855e-9
2024-12-20,1734652800000,6.19855727041e-8,1.3207529986e-8
2024-12-19,1734566400000,5.471963010604e-8,1.8102808387e-8
2024-12-18,1734480000000,5.67628152108e-8,2.2704638036e-8
2024-12-17,1734393600000,5.01197991883e-8,9.224620361e-9
2024-12-16,1734307200000,5.548383000807e-8,2.5782735219e-8
2024-12-15,1734220800000,3.072302527454e-8,3.6293173488e-8
2024-12-14,1734134400000,4.105478074892e-8,3.3871591234e-8
2024-12-13,1734048000000,6.150286031893e-8,3.6168459308e-8
2024-12-12,1733961600000,5.338026271761e-8,4.0833806119e-8
2024-12-11,1733875200000,5.243930194079e-8,3.6927061115e-8
2024-12-10,1733788800000,4.897698145741e-8,3.8915619575e-8
2024-12-09,1733702400000,5.443403776016e-8,9.3853486336e-8
2024-12-08,1733616000000,6.025223909079e-8,3.7179768964e-8
2024-12-07,1733529600000,4.270480351886e-8,4.0929209597e-8
2024-12-06,1733443200000,4.228160937822e-8,3.9801905691e-8
2024-12-05,1733356800000,4.14107411074e-8,4.1881582238e-8
2024-12-04,1733270400000,1.0265280344082e-7,4.2563715191e-8
2024-12-03,1733184000000,1.4736748677537e-7,4.0426785319e-8
2024-12-02,1733097600000,2.0108348780863e-7,4.1582319255e-8
2024-12-01,1733011200000,1.6245354006381e-7,3.4334293299e-8
2024-11-30,1732924800000,1.771195028454e-7,3.3673782614e-8
2024-11-29,1732838400000,1.8561732364735e-7,3.3084395977e-8
2024-11-28,1732752000000,1.6964144702286e-7,3.355836395e-8
2024-11-27,1732665600000,1.7343892708575e-7,3.4141967741e-8
2024-11-26,1732579200000,1.378481725672e-7,3.7643171777e-8
2024-11-25,1732492800000,1.7942279299146e-7,3.8839500153e-8
2024-11-24,1732406400000,2.6928130034405e-7,3.8216739867e-8
2024-11-23,1732320000000,2.7720529338048e-7,3.9422870848e-8
2024-11-22,1732233600000,3.0295302698164e-7,3.8047199777e-8
2024-11-21,1732147200000,3.7390988913253e-7,3.6263070617e-8
2024-11-20,1732060800000,3.747538000704e-7,3.6681177337e-8
2024-11-19,1731974400000,2.9702723627309e-7,3.5146813556e-8
2024-11-18,1731888000000,3.5099656468683e-7,3.49250113e-8
2024-11-17,1731801600000,5.165949738012e-7,3.6818996602e-8
2024-11-16,1731715200000,3.3895781212862e-7,3.4860973063e-8
2024-11-15,1731628800000,3.698397974602e-7,3.4106577609e-8
2024-11-14,1731542400000,2.3176618836224e-7,3.5584927288e-8
2024-11-13,1731456000000,1.1480423018296e-7,3.761454117e-8
2024-11-12,1731369600000,1.0237336348329e-7,3.9751696941e-8
2024-11-11,1731283200000,1.1615317808877e-7,3.6788029604e-8
2024-11-10,1731196800000,1.0803439131179e-7,3.521256142e-8
2024-11-09,1731110400000,1.0806987027235e-7,3.4803296145e-8
2024-11-08,1731024000000,1.4186279188495e-7,3.3630442956e-8
2024-11-07,1730937600000,1.2665047998541e-7,3.2236463302e-8
2024-11-06,1730851200000,1.2752753920308e-7,3.3263165326e-8
2024-11-05,1730764800000,1.3436258301509e-7,3.1174372867e-8
2024-11-04,1730678400000,1.4501710053512e-7,3.2230834482e-8
2024-11-03,1730592000000,1.2920489214376e-7,3.1716374685e-8
2024-11-02,1730505600000,1.4218118318922e-7,2.9834584801e-8
2024-11-01,1730419200000,1.2888361614896e-7,3.1554538908e-8
2024-10-31,1730332800000,1.1760781747009e-7,3.0758735886e-8
2024-10-30,1730246400000,1.4393598535744e-7,3.0630680855e-8
2024-10-29,1730160000000,1.3388090191712e-7,3.3645702258e-8
2024-10-28,1730073600000,1.3533721123242e-7,3.1798182328e-8
2024-10-27,1729987200000,1.3380013796723e-7,3.0194390727e-8
2024-10-26,1729900800000,1.3526608501569e-7,3.0625082489e-8
2024-10-25,1729814400000,1.1797773777783e-7,3.2264611494e-8
2024-10-24,1729728000000,1.2504587374788e-7,3.0058357765e-8
2024-10-23,1729641600000,1.2508341591e-7,3.0633969856e-8
2024-10-22,1729555200000,1.3091244681064e-7,3.1107979742e-8
2024-10-21,1729468800000,1.4621387272649e-7,3.0121325906e-8
2024-10-20,1729382400000,1.4871836390892e-7,3.0262379452e-8
2024-10-19,1729296000000,1.5744944605063e-7,3.0527645062e-8
2024-10-18,1729209600000,1.7349233564132e-7,3.0208332079e-8
2024-10-17,1729123200000,1.4249059804009e-7,3.1830900356e-8
2024-10-16,1729036800000,1.5676767068507e-7,3.3376394999e-8
2024-10-15,1728950400000,1.2659592358417e-7,3.5222725378e-8
2024-10-14,1728864000000,1.6511068173735e-7,3.2870278273e-8
2024-10-13,1728777600000,2.3312569169665e-7,3.3505503103e-8
2024-10-12,1728691200000,2.6596480314199e-7,3.3916053978e-8
2024-10-11,1728604800000,2.3976291593759e-7,3.3705617571e-8
2024-10-10,1728518400000,2.5359864026629e-7,3.2172726196e-8
2024-10-09,1728432000000,3.192616405279e-7,3.2351961445e-8
2024-10-08,1728345600000,3.2451788476194e-7,3.2253889178e-8
2024-10-07,1728259200000,3.3462342141997e-7,3.2630927267e-8
2024-10-06,1728172800000,3.3803979396564e-7,3.2156157864e-8
2024-10-05,1728086400000,3.7396321673182e-7,3.0801007466e-8
2024-10-04,1728000000000,3.0292384084911e-7,3.2508080064e-8
2024-10-03,1727913600000,1.9351034730711e-7,3.4116228996e-8
2024-10-02,1727827200000,1.9858498344731e-7,3.2419882848e-8
2024-10-01,1727740800000,2.1630109260681e-7,3.6289514409e-8
2024-09-30,1727654400000,1.9043097027517e-7,3.3067062186e-8
2024-09-29,1727568000000,2.1081517083532e-7,3.242409301e-8
2024-09-28,1727481600000,2.2788187210923e-7,3.2330660518e-8
2024-09-27,1727395200000,2.2134200572903e-7,3.3882294109e-8
2024-09-26,1727308800000,1.9817835821425e-7,3.3204037745e-8
2024-09-25,1727222400000,2.0401923849099e-7,3.4732762773e-8
2024-09-24,1727136000000,2.0327225252197e-7,3.339092653e-8
2024-09-23,1727049600000,1.6684959012824e-7,3.3356066697e-8
2024-09-22,1726963200000,1.7073145610929e-7,3.1761506465e-8
2024-09-21,1726876800000,1.9629519160222e-7,3.362476436e-8
2024-09-20,1726790400000,1.7098594199236e-7,3.6966576874e-8
2024-09-19,1726704000000,0.00000106537074741553,3.3676073377e-8
2024-09-18,1726617600000,0.00000109008619399745,3.436017553e-8
2024-09-17,1726531200000,6.7844617107785e-7,3.3444670098e-8
2024-09-16,1726444800000,2.674285972378e-7,3.6028638077e-8
2024-09-15,1726358400000,2.475015729923e-7,3.4087587973e-8
2024-09-14,1726272000000,2.8453204075127e-7,3.3136685507e-8
2024-09-13,1726185600000,2.5491904785347e-7,3.5335941371e-8
2024-09-12,1726099200000,2.1209713741662e-7,3.374376582e-8
2024-09-11,1726012800000,1.6343241285827e-7,3.3079234509e-8
2024-09-10,1725926400000,2.3005259271875e-7,3.326494661e-8
2024-09-09,1725840000000,1.9773590078235e-7,3.4479263196e-8
2024-09-08,1725753600000,2.3189717485037e-7,3.4722072656e-8
2024-09-07,1725667200000,2.2185961774586e-7,3.1781923198e-8
2024-09-06,1725580800000,1.9837168226466e-7,3.9019210617e-8
2024-09-05,1725494400000,2.1955741902239e-7,3.3383696972e-8
2024-09-04,1725408000000,2.2132466731281e-7,3.6452852493e-8
2024-09-03,1725321600000,2.0169093241487e-7,3.2406456349e-8
2024-09-02,1725235200000,2.3589494507931e-7,3.3064442381e-8
2024-09-01,1725148800000,2.1355547550968e-7,3.5030260549e-8
2024-08-31,1725062400000,2.6195516850986e-7,3.1706329049e-8
2024-08-30,1724976000000,2.2064338415736e-7,3.4003464073e-8
2024-08-29,1724889600000,2.2007395096223e-7,3.4445668291e-8
2024-08-28,1724803200000,1.9085253560559e-7,3.5193406816e-8
2024-08-27,1724716800000,2.0006460659552e-7,3.8309716357e-8
2024-08-26,1724630400000,2.3035112133027e-7,3.6491238391e-8
2024-08-25,1724544000000,2.5130914482923e-7,3.4648679101e-8
2024-08-24,1724457600000,2.3175840787442e-7,3.7409512008e-8
2024-08-23,1724371200000,1.7671093362746e-7,3.8177533098e-8
2024-08-22,1724284800000,1.8511145446077e-7,4.1087547292e-8
2024-08-21,1724198400000,2.3613272580087e-7,3.8967599248e-8
2024-08-20,1724112000000,1.9190534479948e-7,3.5071729651e-8
2024-08-19,1724025600000,1.756348331455e-7,3.5515304839e-8
2024-08-18,1723939200000,2.0248182129104e-7,3.2979626529e-8
2024-08-17,1723852800000,2.3861054738252e-7,3.1500471798e-8
2024-08-16,1723766400000,2.1068104603264e-7,3.5290420356e-8
2024-08-15,1723680000000,1.8214057201047e-7,3.7380281694e-8
2024-08-14,1723593600000,1.8899707140854e-7,3.5038258875e-8
2024-08-13,1723507200000,2.0759784388581e-7,3.3406469477e-8
2024-08-12,1723420800000,2.0513784283767e-7,3.5117145863e-8
2024-08-11,1723334400000,1.9081564672931e-7,3.4610841978e-8
2024-08-10,1723248000000,1.7879504024801e-7,3.3730550804e-8
2024-08-09,1723161600000,1.8256212731638e-7,3.3949091437e-8
2024-08-08,1723075200000,1.7938650174466e-7,3.7190513978e-8
2024-08-07,1722988800000,1.8869666619256e-7,3.6111171789e-8
2024-08-06,1722902400000,1.8950982735891e-7,3.5744683145e-8
2024-08-05,1722816000000,1.8492236302171e-7,1.14936460673e-7
2024-08-04,1722729600000,2.0047923228726e-7,3.9616118398e-8
2024-08-03,1722643200000,1.8030090655506e-7,3.5296171427e-8
2024-08-02,1722556800000,1.6881965165378e-7,3.5440224147e-8
2024-08-01,1722470400000,1.855235942578e-7,3.3395762838e-8
2024-07-31,1722384000000,1.8610683897375e-7,3.2915470565e-8
2024-07-30,1722297600000,1.7205904275173e-7,3.2948473434e-8
2024-07-29,1722211200000,1.7384732132662e-7,3.3435298399e-8
2024-07-28,1722124800000,1.9214357884432e-7,3.2948069513e-8
2024-07-27,1722038400000,1.9426365833478e-7,3.3077753713e-8
2024-07-26,1721952000000,2.010572791207e-7,3.5083275803e-8
2024-07-25,1721865600000,1.8275366150198e-7,3.5641321571e-8
2024-07-24,1721779200000,2.0488281055121e-7,3.7612032633e-8
2024-07-23,1721692800000,2.0379954353613e-7,3.4122847696e-8
2024-07-22,1721606400000,2.3476954042587e-7,3.5705708576e-8
2024-07-21,1721520000000,2.6519099617806e-7,3.7547136161e-8
2024-07-20,1721433600000,2.6694819125939e-7,3.3395258948e-8
2024-07-19,1721347200000,2.2538198859396e-7,3.4287616933e-8
2024-07-18,1721260800000,2.09518933921e-7,3.4093010442e-8
2024-07-17,1721174400000,2.6332132600079e-7,3.6390766134e-8
2024-07-16,1721088000000,2.4278969623533e-7,3.5348724826e-8
2024-07-15,1721001600000,2.0989909066317e-7,3.3633517435e-8
2024-07-14,1720915200000,2.3078135807682e-7,3.2772225791e-8
2024-07-13,1720828800000,2.3739280829733e-7,3.3529598001e-8
2024-07-12,1720742400000,2.4191107323412e-7,3.2909787861e-8
2024-07-11,1720656000000,1.9722145048853e-7,3.4080000028e-8
2024-07-10,1720569600000,2.1447435306507e-7,3.2587983504e-8
2024-07-09,1720483200000,2.1893546322516e-7,3.3922048671e-8
2024-07-08,1720396800000,2.1333510584767e-7,3.3726482823e-8
2024-07-07,1720310400000,1.9664509591201e-7,3.2628427338e-8
2024-07-06,1720224000000,2.9418543008471e-7,3.2255513801e-8
2024-07-05,1720137600000,2.4436362001416e-7,4.7658032713e-8
2024-07-04,1720051200000,2.8010593681129e-7,3.2620279278e-8
2024-07-03,1719964800000,2.1955340810397e-7,3.2093777907e-8
2024-07-02,1719878400000,2.6007898341709e-7,3.1813187639e-8
2024-07-01,1719792000000,2.3019655205024e-7,3.1710645109e-8
2024-06-30,1719705600000,2.6146508935361e-7,3.4674584565e-8
2024-06-29,1719619200000,2.5404080980922e-7,3.1187911679e-8
2024-06-28,1719532800000,2.3478811934058e-7,3.2351845441e-8
2024-06-27,1719446400000,2.3568138518293e-7,3.2391335124e-8
2024-06-26,1719360000000,2.2810268351104e-7,3.2408354459e-8
2024-06-25,1719273600000,3.1596778361095e-7,3.1204459347e-8
2024-06-24,1719187200000,2.3813433302654e-7,3.5052336565e-8
2024-06-23,1719100800000,2.7439155007053e-7,3.5031637421e-8
2024-06-22,1719014400000,3.1038517877816e-7,3.8855970409e-8
2024-06-21,1718928000000,2.6449553973401e-7,3.1999339529e-8
2024-06-20,1718841600000,2.0328923869162e-7,3.3470569752e-8
2024-06-19,1718755200000,2.1023967445795e-7,3.8109261325e-8
2024-06-18,1718668800000,2.6062546889785e-7,4.3736355426e-8
2024-06-17,1718582400000,3.1196621666826e-7,3.4566406994e-8
2024-06-16,1718496000000,4.3940864155614e-7,3.1774207881e-8
2024-06-15,1718409600000,3.4245340557512e-7,3.0885436144e-8
2024-06-14,1718323200000,2.9544981927964e-7,3.5639412653e-8
2024-06-13,1718236800000,2.9340784069227e-7,3.4688714272e-8
2024-06-12,1718150400000,2.5737516323033e-7,3.8301270759e-8
2024-06-11,1718064000000,2.6390071698832e-7,3.5553079066e-8
2024-06-10,1717977600000,2.8686934040076e-7,3.2897047997e-8
2024-06-09,1717891200000,3.8339923235164e-7,3.2261421515e-8
2024-06-08,1717804800000,3.0737524908747e-7,3.3735846084e-8
2024-06-07,1717718400000,2.5809736860466e-7,6.2714515535e-8
2024-06-06,1717632000000,2.2150029628675e-7,3.3012595e-8
2024-06-05,1717545600000,2.24368204352e-7,3.4713102658e-8
2024-06-04,1717459200000,4.041436603826e-7,3.3573829786e-8
2024-06-03,1717372800000,6.4562154323419e-7,3.4344645647e-8
2024-06-02,1717286400000,8.1759030197329e-7,3.310101247e-8
2024-06-01,1717200000000,7.7620220526468e-7,3.7945841879e-8
2024-05-31,1717113600000,7.0489868115602e-7,3.3187665985e-8
2024-05-30,1717027200000,7.2094172645243e-7,3.5261820534e-8
2024-05-29,1716940800000,6.4417911324234e-7,3.443345591e-8
2024-05-28,1716854400000,4.159640896247e-7,3.5100256602e-8
2024-05-27,1716768000000,3.3816314934513e-7,3.5132808916e-8
2024-05-26,1716681600000,4.2521640753719e-7,3.4852040941e-8
2024-05-25,1716595200000,5.1416938408884e-7,3.3893892341e-8
2024-05-24,1716508800000,3.8257327423781e-7,3.4593249465e-8
2024-05-23,1716422400000,3.041309440572e-7,3.9784332517e-8
2024-05-22,1716336000000,2.7123495957577e-7,3.5186289119e-8
2024-05-21,1716249600000,3.2374267268503e-7,3.3674721578e-8
2024-05-20,1716163200000,3.4900868653557e-7,3.5615575193e-8
2024-05-19,1716076800000,3.7542776276744e-7,3.3437912367e-8
2024-05-18,1715990400000,3.5281471689044e-7,3.4166949902e-8
2024-05-17,1715904000000,3.4819498061307e-7,3.4804505881e-8
2024-05-16,1715817600000,3.9566128545578e-7,3.362127645e-8
2024-05-15,1715731200000,3.4436306784452e-7,3.4928041541e-8
2024-05-14,1715644800000,3.447523604799e-7,3.5568490621e-8
2024-05-13,1715558400000,4.6862782586955e-7,3.5378134227e-8
2024-05-12,1715472000000,3.7768762153996e-7,3.1656608405e-8
2024-05-11,1715385600000,4.0636967904461e-7,3.6605435872e-8
2024-05-10,1715299200000,3.27041023229e-7,3.3289124382e-8
2024-05-09,1715212800000,3.741769726723e-7,3.2006885657e-8
2024-05-08,1715126400000,5.0874995616741e-7,3.2966976437e-8
2024-05-07,1715040000000,5.5786029246325e-7,3.2256655889e-8
2024-05-06,1714953600000,5.2350202385918e-7,3.4696554304e-8
2024-05-05,1714867200000,3.2707902016668e-7,3.2915879863e-8
2024-05-04,1714780800000,3.2384157551197e-7,3.3665801239e-8
2024-05-03,1714694400000,3.8715403314165e-7,3.1748381917e-8
2024-05-02,1714608000000,3.951242598341e-7,3.2709743511e-8
2024-05-01,1714521600000,3.5130281868682e-7,3.7011692144e-8
2024-04-30,1714435200000,3.5046166201057e-7,3.4732774784e-8
2024-04-29,1714348800000,3.8452551779643e-7,3.4500492183e-8
2024-04-28,1714262400000,4.0947675087839e-7,3.3240382008e-8
2024-04-27,1714176000000,3.8870224365444e-7,3.3175793602e-8
2024-04-26,1714089600000,3.6829865858936e-7,3.2980230813e-8
2024-04-25,1714003200000,3.6264475213671e-7,3.2494649925e-8
2024-04-24,1713916800000,3.7016908608802e-7,3.4356449599e-8
2024-04-23,1713830400000,5.3935480087574e-7,3.2582132394e-8
2024-04-22,1713744000000,3.6153888381267e-7,3.749214919e-8
2024-04-21,1713657600000,3.8589161860918e-7,3.4888078563e-8
2024-04-20,1713571200000,4.2284066396843e-7,3.3603693343e-8
2024-04-19,1713484800000,3.8270423629175e-7,3.5488111905e-8
2024-04-18,1713398400000,3.5585242350706e-7,3.5512156955e-8
2024-04-17,1713312000000,3.5687114400414e-7,3.5286617939e-8
2024-04-16,1713225600000,3.6319039126599e-7,3.5104563774e-8
2024-04-15,1713139200000,3.2300628643574e-7,3.466228124e-8
2024-04-14,1713052800000,2.9234954370503e-7,3.5581969976e-8
2024-04-13,1712966400000,3.9563089741858e-7,1.08823963745e-7
2024-04-12,1712880000000,3.8635703756039e-7,8.466484214e-8
2024-04-11,1712793600000,3.8273096239846e-7,3.4510284011e-8
2024-04-10,1712707200000,3.9694979332147e-7,3.4259878933e-8
2024-04-09,1712620800000,3.8636226914198e-7,3.4907538914e-8
2024-04-08,1712534400000,4.1509184661034e-7,3.3516661298e-8
2024-04-07,1712448000000,4.6743738097459e-7,3.4066874071e-8
2024-04-06,1712361600000,3.8459309005745e-7,3.6381922051e-8
2024-04-05,1712275200000,4.9344510681962e-7,3.4165874846e-8
2024-04-04,1712188800000,4.8455620998686e-7,3.3895808128e-8
2024-04-03,1712102400000,3.9689435123287e-7,3.3149586375e-8
2024-04-02,1712016000000,3.5022309499981e-7,3.7731592341e-8
2024-04-01,1711929600000,3.6425280664945e-7,3.9849105216e-8
2024-03-31,1711843200000,4.346633350187e-7,3.2130777704e-8
2024-03-30,1711756800000,4.0153090993886e-7,3.2649686673e-8
2024-03-29,1711670400000,3.567304081707e-7,3.3143117548e-8
2024-03-28,1711584000000,6.2459605728306e-7,3.7934092608e-8
2024-03-27,1711497600000,3.861685188642e-7,3.3788605071e-8
2024-03-26,1711411200000,3.3826126251337e-7,3.393078104e-8
2024-03-25,1711324800000,3.5535390964689e-7,3.2748135147e-8
2024-03-24,1711238400000,4.1133868851605e-7,3.7920341684e-8
2024-03-23,1711152000000,4.4509493319391e-7,3.2700054867e-8
2024-03-22,1711065600000,3.2720186916407e-7,3.7060667777e-8
2024-03-21,1710979200000,5.7730294723553e-7,3.7507471642e-8
2024-03-20,1710892800000,3.2433022363433e-7,4.1207423593e-8
2024-03-19,1710806400000,3.6486118765585e-7,3.9721781326e-8
2024-03-18,1710720000000,3.1569595267485e-7,4.2664801146e-8
2024-03-17,1710633600000,2.9694440040531e-7,4.2489816874e-8
2024-03-16,1710547200000,2.9511980729215e-7,4.2580637313e-8
2024-03-15,1710460800000,2.9028976941141e-7,4.9794957893e-8
2024-03-14,1710374400000,5.3570498732058e-7,4.3093810121e-8
2024-03-13,1710288000000,2.2471207605511e-7,4.5918287411e-8
2024-03-12,1710201600000,2.6980274994504e-7,5.1404762583e-8
2024-03-11,1710115200000,3.5618271953391e-7,4.360559024e-8
2024-03-10,1710028800000,4.1622035991551e-7,4.0691397767e-8
2024-03-09,1709942400000,3.5887699927816e-7,4.0800779152e-8
2024-03-08,1709856000000,2.7483030257397e-7,4.1528423303e-8
2024-03-07,1709769600000,2.3794675639755e-7,3.842045165e-8
2024-03-06,1709683200000,2.3158896233673e-7,3.9371976318e-8
2024-03-05,1709596800000,2.2687956005789e-7,5.3523215438e-8
2024-03-04,1709510400000,2.3737362244276e-7,4.2741050016e-8
2024-03-03,1709424000000,2.4180734894742e-7,4.0569760959e-8
2024-03-02,1709337600000,2.4785049865043e-7,3.9278528599e-8
2024-03-01,1709251200000,2.7828294528096e-7,3.9211538699e-8
2024-02-29,1709164800000,3.5486034884892e-7,4.1077863769e-8
2024-02-28,1709078400000,3.6614203989569e-7,4.8556403902e-8
2024-02-27,1708992000000,3.4341502380189e-7,4.1804367962e-8
2024-02-26,1708905600000,3.6330874602317e-7,4.6506446181e-8
2024-02-25,1708819200000,3.0057148726139e-7,1.06103916009e-7
2024-02-24,1708732800000,1.3700899928026e-7,1.04503485977e-7
2024-02-23,1708646400000,1.8609899755112e-7,8.849322607e-8
2024-02-22,1708560000000,2.1223692569334e-7,3.8670828996e-8
2024-02-21,1708473600000,2.8328697266555e-7,3.8032920841e-8
2024-02-20,1708387200000,2.4530916680577e-7,3.9921635455e-8
2024-02-19,1708300800000,3.5581528172405e-7,4.0071402122e-8
2024-02-18,1708214400000,4.1747579297857e-7,3.568450279e-8
2024-02-17,1708128000000,4.4429313946339e-7,3.6499291178e-8
2024-02-16,1708041600000,3.6213876994932e-7,4.1027349722e-8
2024-02-15,1707955200000,4.3580525182204e-7,3.9512255969e-8
2024-02-14,1707868800000,3.7761689031152e-7,4.5937363765e-8
2024-02-13,1707782400000,3.0476566349234e-7,3.9205161599e-8
2024-02-12,1707696000000,3.3894473742183e-7,3.9302757118e-8
2024-02-11,1707609600000,3.5623815926865e-7,3.7754357922e-8
2024-02-10,1707523200000,3.0254445132551e-7,3.8752805825e-8
2024-02-09,1707436800000,3.1564913455178e-7,3.9203482234e-8
2024-02-08,1707350400000,2.2993113766854e-7,4.1214029769e-8
2024-02-07,1707264000000,2.5170304500713e-7,4.0752992123e-8
2024-02-06,1707177600000,1.9312229508798e-7,3.9949100154e-8
2024-02-05,1707091200000,2.6364172608611e-7,3.6096922715e-8
2024-02-04,1707004800000,3.598054594968e-7,3.7512677635e-8
2024-02-03,1706918400000,3.9700850720629e-7,3.6596553001e-8
2024-02-02,1706832000000,3.6930277674924e-7,3.7561807393e-8
2024-02-01,1706745600000,2.6810113410711e-7,3.9734907895e-8
2024-01-31,1706659200000,3.6232950991278e-7,3.6635918829e-8
2024-01-30,1706572800000,3.1934602222258e-7,3.8027818521e-8
2024-01-29,1706486400000,3.4909462478726e-7,3.8239287594e-8
2024-01-28,1706400000000,3.90289295169e-7,4.1077905597e-8
2024-01-27,1706313600000,3.1578191691968e-7,3.7240637385e-8
2024-01-26,1706227200000,2.9894933919988e-7,4.0243455757e-8
2024-01-25,1706140800000,3.4156502854763e-7,3.6767166677e-8
2024-01-24,1706054400000,3.2645701145946e-7,3.4899968255e-8
2024-01-23,1705968000000,2.6512312526047e-7,3.84676433e-8
2024-01-22,1705881600000,3.5610083200214e-7,4.3983405201e-8
2024-01-21,1705795200000,4.0949686016287e-7,3.6682177002e-8
2024-01-20,1705708800000,3.78886606565e-7,3.6993756078e-8
2024-01-19,1705622400000,3.9220695783408e-7,4.0013121761e-8
2024-01-18,1705536000000,3.6534531963461e-7,3.5797335406e-8
2024-01-17,1705449600000,3.0927706508119e-7,3.6966119186e-8
2024-01-16,1705363200000,2.8824520116653e-7,3.5275372709e-8
2024-01-15,1705276800000,2.9723337472237e-7,3.6376143732e-8
2024-01-14,1705190400000,3.407492081838e-7,3.4466894296e-8
2024-01-13,1705104000000,3.1565927365237e-7,3.2053604934e-8
2024-01-12,1705017600000,2.6861334550567e-7,3.4171791887e-8
2024-01-11,1704931200000,3.3932300444548e-7,3.4955038721e-8
2024-01-10,1704844800000,3.4628209692248e-7,3.8699198729e-8
2024-01-09,1704758400000,3.8714794623542e-7,3.6730478904e-8
2024-01-08,1704672000000,3.5356083587351e-7,4.0429724402e-8
2024-01-07,1704585600000,2.4993893022754e-7,4.1761174314e-8
2024-01-06,1704499200000,3.007274087899e-7,3.4862962882e-8
2024-01-05,1704412800000,5.7950724035525e-7,3.9722415462e-8
2024-01-04,1704326400000,2.2407321535472e-7,3.7892217627e-8
2024-01-03,1704240000000,2.4234812247075e-7,4.3402010241e-8
2024-01-02,1704153600000,1.5405769423411e-7,3.2212703665e-8
2024-01-01,1704067200000,1.1133165192467e-7,3.0003714195e-8
2023-12-31,1703980800000,1.9068398285555e-7,3.0667736651e-8
2023-12-30,1703894400000,1.7471522332847e-7,2.8997117932e-8
2023-12-29,1703808000000,1.7084793032091e-7,3.0527946561e-8
2023-12-28,1703721600000,1.3159382929038e-7,2.9528709032e-8
2023-12-27,1703635200000,7.950648403949e-8,3.217549868e-8
2023-12-26,1703548800000,1.0847301529424e-7,5.6941972637e-8
2023-12-25,1703462400000,8.512895278706e-8,5.7757277914e-8
2023-12-24,1703376000000,1.0589324110904e-7,8.2940831728e-8
2023-12-23,1703289600000,1.0829851744198e-7,8.9559964997e-8
2023-12-22,1703203200000,1.7976719655177e-7,1.73116592396e-7
2023-12-21,1703116800000,5.9317186463747e-7,6.70944053043e-7
2023-12-20,1703030400000,0.00000133722981270498,0.000001559160964152
2023-12-19,1702944000000,9.2802549630893e-7,0.000001055691889466
2023-12-18,1702857600000,9.9884522381472e-7,0.000001146282088684
2023-12-17,1702771200000,7.5965901869509e-7,8.62102477774e-7
2023-12-16,1702684800000,9.6877391358504e-7,0.000001087037000191
2023-12-15,1702598400000,5.1412120294568e-7,5.72286835238e-7
2023-12-14,1702512000000,2.3153009430332e-7,2.39572087632e-7
2023-12-13,1702425600000,1.5076404144471e-7,1.34932488645e-7
2023-12-12,1702339200000,1.2188155841469e-7,3.8881939764e-8
2023-12-11,1702252800000,1.4326824928952e-7,4.1644556953e-8
2023-12-10,1702166400000,1.3242910916678e-7,9.1327677285e-8
2023-12-09,1702080000000,1.4870023165786e-7,1.32816799989e-7
2023-12-08,1701993600000,9.307033910081e-8,5.4844813007e-8
2023-12-07,1701907200000,1.0220547975976e-7,2.842930854e-8
2023-12-06,1701820800000,2.1656303406925e-7,4.1463133266e-8
2023-12-05,1701734400000,2.3203452797362e-7,3.7712655288e-8
2023-12-04,1701648000000,3.1668655771715e-7,4.0408946373e-8
2023-12-03,1701561600000,2.6146354772237e-7,3.343274263e-8
2023-12-02,1701475200000,2.5971795106621e-7,3.3926750922e-8
2023-12-01,1701388800000,2.7532352904611e-7,3.3390387396e-8
2023-11-30,1701302400000,3.7273999634245e-7,3.3064208858e-8
2023-11-29,1701216000000,2.8657827596044e-7,3.3379706999e-8
2023-11-28,1701129600000,2.8551208928447e-7,3.2677306633e-8
2023-11-27,1701043200000,2.8956015333788e-7,3.4357430334e-8
2023-11-26,1700956800000,2.957117672076e-7,3.2411843367e-8
2023-11-25,1700870400000,2.2619171571945e-7,2.9187486665e-8
2023-11-24,1700784000000,3.3444944493555e-7,3.6516395687e-8
2023-11-23,1700697600000,2.549667259231e-7,2.30483380743e-7
2023-11-22,1700611200000,3.0138731138566e-7,2.94708976148e-7
2023-11-21,1700524800000,1.3766666590756e-7,1.12540864927e-7
2023-11-20,1700438400000,9.617668157164e-8,6.3625402383e-8
2023-11-19,1700352000000,1.6478680929718e-7,8.0186328034e-8
2023-11-18,1700265600000,2.2416199023241e-7,3.3273551786e-8
2023-11-17,1700179200000,1.9497248982152e-7,4.3218337963e-8
2023-11-16,1700092800000,2.0965763357461e-7,4.6367632189e-8
2023-11-15,1700006400000,1.9655651295778e-7,4.6975977361e-8
2023-11-14,1699920000000,2.2044262678611e-7,4.7279775699e-8
2023-11-13,1699833600000,2.2356364345783e-7,4.1131021249e-8
2023-11-12,1699747200000,2.4554192805848e-7,4.564770186e-8
2023-11-11,1699660800000,2.7714541574078e-7,4.4139331626e-8
2023-11-10,1699574400000,2.4712529001681e-7,4.326151559e-8
2023-11-09,1699488000000,2.3135032788389e-7,4.942420178e-8
2023-11-08,1699401600000,2.9416919317633e-7,3.4073464566e-8
2023-11-07,1699315200000,2.6583981335595e-7,3.3525372374e-8
2023-11-06,1699228800000,1.9483826577035e-7,3.3474552063e-8
2023-11-05,1699142400000,2.0220837243169e-7,3.2630679428e-8
2023-11-04,1699056000000,2.1102688978345e-7,3.1404453283e-8
2023-11-03,1698969600000,2.1643808429838e-7,3.2323118645e-8
2023-11-02,1698883200000,2.0115102169721e-7,3.468199566e-8
2023-11-01,1698796800000,1.9384547454253e-7,3.6037898442e-8
2023-10-31,1698710400000,1.8385606548901e-7,3.3440362629e-8
2023-10-30,1698624000000,1.7359485489652e-7,3.2899905232e-8
2023-10-29,1698537600000,2.0032350053341e-7,3.3288694758e-8
2023-10-28,1698451200000,1.721462083405e-7,3.2281292814e-8
2023-10-27,1698364800000,1.8490776667323e-7,3.3845500417e-8
2023-10-26,1698278400000,2.139953703329e-7,3.6781881624e-8
2023-10-25,1698192000000,1.9244240932972e-7,3.4354090436e-8
2023-10-24,1698105600000,1.7651962123749e-7,3.7115428226e-8
2023-10-23,1698019200000,1.8851085407552e-7,3.8735414779e-8
2023-10-22,1697932800000,1.897570287122e-7,3.3360445459e-8
2023-10-21,1697846400000,2.1351501954401e-7,5.6631689071e-8
2023-10-20,1697760000000,1.9325622906432e-7,3.0123813434e-8
2023-10-19,1697673600000,1.7392061437721e-7,2.9977814544e-8
2023-10-18,1697587200000,9.466825584321e-8,3.2515594663e-8
2023-10-17,1697500800000,1.5166254440531e-7,3.7758930271e-8
2023-10-16,1697414400000,2.0008767878328e-7,3.5859954363e-8
2023-10-15,1697328000000,1.5356964386491e-7,3.015415367e-8
2023-10-14,1697241600000,2.1422240006918e-7,3.0757352553e-8
2023-10-13,1697155200000,2.2624949338282e-7,3.0288542226e-8
2023-10-12,1697068800000,2.1227260934925e-7,3.2130069004e-8
2023-10-11,1696982400000,2.2433694264797e-7,3.3285200565e-8
2023-10-10,1696896000000,2.3554001378301e-7,3.2170226763e-8
2023-10-09,1696809600000,2.1135165753011e-7,3.3140988157e-8
2023-10-08,1696723200000,2.0544903369899e-7,3.222307944e-8
2023-10-07,1696636800000,1.9548432327595e-7,4.0367438031e-8
2023-10-06,1696550400000,1.5974544651377e-7,3.9833205211e-8
2023-10-05,1696464000000,1.720004470996e-7,3.8051940659e-8
2023-10-04,1696377600000,1.466710033392e-7,3.6019549591e-8
2023-10-03,1696291200000,1.4620465312031e-7,2.8648997773e-8
2023-10-02,1696204800000,1.8157407081567e-7,3.1993759284e-8
2023-10-01,1696118400000,1.9592071555239e-7,3.0738428778e-8
2023-09-30,1696032000000,2.060548727948e-7,2.8887313973e-8
2023-09-29,1695945600000,1.9276935765939e-7,2.9010881955e-8
2023-09-28,1695859200000,1.9978865810765e-7,2.9347759448e-8
2023-09-27,1695772800000,2.1565336649642e-7,3.0556386057e-8
2023-09-26,1695686400000,2.1130059117983e-7,2.9309258811e-8
2023-09-25,1695600000000,1.9031222090913e-7,2.8568672441e-8
2023-09-24,1695513600000,2.1031462684721e-7,2.9889876375e-8
2023-09-23,1695427200000,2.2687408961986e-7,2.9205066528e-8
2023-09-22,1695340800000,1.5922985145947e-7,2.9874546069e-8
2023-09-21,1695254400000,2.0975345032878e-7,3.0655381522e-8
2023-09-20,1695168000000,2.078603328938e-7,2.9759557513e-8
2023-09-19,1695081600000,2.0513974272909e-7,2.9817066561e-8
2023-09-18,1694995200000,2.0829163412424e-7,3.0339023417e-8
2023-09-17,1694908800000,2.165609046476e-7,3.0233295482e-8
2023-09-16,1694822400000,2.1389124420391e-7,2.938929769e-8
2023-09-15,1694736000000,2.3312780158756e-7,3.01881476e-8
2023-09-14,1694649600000,2.0417344821961e-7,3.0184726936e-8
2023-09-13,1694563200000,2.1906099639593e-7,3.2655075127e-8
2023-09-12,1694476800000,2.3195122179529e-7,3.183814889e-8
2023-09-11,1694390400000,2.3424395740695e-7,3.2010505838e-8
2023-09-10,1694304000000,2.3588119527741e-7,3.4533334841e-8
2023-09-09,1694217600000,2.572294863321e-7,2.9139148245e-8
2023-09-08,1694131200000,2.4774482659517e-7,2.97938123e-8
2023-09-07,1694044800000,2.434511271199e-7,2.9959883188e-8
2023-09-06,1693958400000,2.079834710387e-7,3.0624857785e-8
2023-09-05,1693872000000,2.0325929337622e-7,3.0631355229e-8
2023-09-04,1693785600000,2.7001201781369e-7,3.1380526454e-8
2023-09-03,1693699200000,2.4484359600803e-7,3.065688416e-8
2023-09-02,1693612800000,2.4905248312132e-7,3.1187613921e-8
2023-09-01,1693526400000,2.6098396592422e-7,3.2046159919e-8
2023-08-31,1693440000000,2.1439652532487e-7,3.5185318408e-8
2023-08-30,1693353600000,2.3780685565964e-7,3.3187150432e-8
2023-08-29,1693267200000,2.3834499305399e-7,3.4442157942e-8
2023-08-28,1693180800000,2.3507204917448e-7,3.0251617753e-8
2023-08-27,1693094400000,2.4533257158493e-7,2.9638707014e-8
2023-08-26,1693008000000,2.2495457549105e-7,3.1085290857e-8
2023-08-25,1692921600000,2.1103668136064e-7,3.1345152386e-8
2023-08-24,1692835200000,1.9470599881943e-7,3.0671854946e-8
2023-08-23,1692748800000,1.890701348467e-7,3.001535834e-8
2023-08-22,1692662400000,2.0096583252147e-7,3.3120463879e-8
2023-08-21,1692576000000,2.0356992878146e-7,3.198928775e-8
2023-08-20,1692489600000,1.9844556248853e-7,2.9059704473e-8
2023-08-19,1692403200000,2.0229953591968e-7,2.9976754277e-8
2023-08-18,1692316800000,1.740570006267e-7,3.2244162193e-8
2023-08-17,1692230400000,1.8515250108657e-7,6.4196001192e-8
2023-08-16,1692144000000,1.9082674726773e-7,3.1015600674e-8
2023-08-15,1692057600000,1.9324925057443e-7,4.0430355543e-8
2023-08-14,1691971200000,1.8530926004811e-7,2.9816796401e-8
2023-08-13,1691884800000,1.9511053821587e-7,2.9471178872e-8
2023-08-12,1691798400000,2.1441994317578e-7,2.9447443092e-8
2023-08-11,1691712000000,1.9259466495828e-7,3.0195261436e-8
2023-08-10,1691625600000,1.7318016804286e-7,3.0277863225e-8
2023-08-09,1691539200000,2.0100919822543e-7,2.9605111881e-8
2023-08-08,1691452800000,2.1036742498879e-7,2.971574574e-8
2023-08-07,1691366400000,1.82616217334e-7,2.9538448411e-8
2023-08-06,1691280000000,1.8172392095427e-7,2.9138900806e-8
2023-08-05,1691193600000,1.8318520016956e-7,2.9599967567e-8
2023-08-04,1691107200000,1.7663313283928e-7,2.9677362235e-8
2023-08-03,1691020800000,1.7427867594986e-7,2.9637062616e-8
2023-08-02,1690934400000,1.7336056932019e-7,3.051943371e-8
2023-08-01,1690848000000,1.9433985601584e-7,3.0538634615e-8
2023-07-31,1690761600000,1.971057437213e-7,3.1661399676e-8
2023-07-30,1690675200000,2.1222160485618e-7,3.0780139027e-8
2023-07-29,1690588800000,2.2796932369236e-7,2.9075740215e-8
2023-07-28,1690502400000,2.0677851763045e-7,2.9027616823e-8
2023-07-27,1690416000000,1.7945077305823e-7,2.9343347757e-8
2023-07-26,1690329600000,1.7937657073653e-7,2.9693743672e-8
2023-07-25,1690243200000,1.2799616951693e-7,3.330685099e-8
2023-07-24,1690156800000,1.6347170385882e-7,3.215399392e-8
2023-07-23,1690070400000,1.8549037894616e-7,3.003507975e-8
2023-07-22,1689984000000,1.8127939769429e-7,2.9391067066e-8
2023-07-21,1689897600000,1.7284861903689e-7,2.9507383291e-8
2023-07-20,1689811200000,1.8529324799073e-7,3.0302316493e-8
2023-07-19,1689724800000,1.7670477072747e-7,2.983988708e-8
2023-07-18,1689638400000,1.8726439049892e-7,2.9670294203e-8
2023-07-17,1689552000000,1.4826960087411e-7,3.0532535557e-8
2023-07-16,1689465600000,8.976490087871e-8,3.0183603283e-8
2023-07-15,1689379200000,9.512674925995e-8,3.0322619171e-8
2023-07-14,1689292800000,1.4715379985663e-7,3.519850291e-8
2023-07-13,1689206400000,1.7462480137478e-7,3.0859848247e-8
2023-07-12,1689120000000,1.6725559517123e-7,3.0093603728e-8
2023-07-11,1689033600000,1.8364564538034e-7,3.0461605234e-8
2023-07-10,1688947200000,1.6147093934748e-7,2.9949345425e-8
2023-07-09,1688860800000,1.635363767328e-7,2.9475450112e-8
2023-07-08,1688774400000,1.659530391308e-7,2.9775846301e-8
2023-07-07,1688688000000,1.7215870019917e-7,2.9338319162e-8
2023-07-06,1688601600000,1.5875860054047e-7,2.9699323496e-8
2023-07-05,1688515200000,1.726068540135e-7,2.9453454132e-8
2023-07-04,1688428800000,1.7072175462255e-7,2.9803614495e-8
2023-07-03,1688342400000,1.6348271149966e-7,2.964897485e-8
2023-07-02,1688256000000,1.6972341885352e-7,2.9219444855e-8
2023-07-01,1688169600000,1.714171136417e-7,2.9668718406e-8
2023-06-30,1688083200000,1.5355398900325e-7,3.5904250759e-8
2023-06-29,1687996800000,1.5417131273188e-7,2.9855425109e-8
2023-06-28,1687910400000,1.6737554905372e-7,3.0119830178e-8
2023-06-27,1687824000000,1.5414105635517e-7,2.9362819522e-8
2023-06-26,1687737600000,1.5322210095118e-7,2.952722079e-8
2023-06-25,1687651200000,1.4986744297427e-7,2.9450406943e-8
2023-06-24,1687564800000,1.6235597385698e-7,2.9151545272e-8
2023-06-23,1687478400000,1.6553690553384e-7,2.9904191051e-8
2023-06-22,1687392000000,1.620423613207e-7,3.0631285946e-8
2023-06-21,1687305600000,1.5467890373602e-7,3.0403010222e-8
2023-06-20,1687219200000,1.3821852055622e-7,3.0616151295e-8
2023-06-19,1687132800000,1.5753618750323e-7,3.0861976003e-8
2023-06-18,1687046400000,1.5356414812728e-7,3.0602939364e-8
2023-06-17,1686960000000,1.4880097090433e-7,3.0402863763e-8
2023-06-16,1686873600000,1.5037265993025e-7,3.0604886738e-8
2023-06-15,1686787200000,1.3915956391765e-7,3.2899025867e-8
2023-06-14,1686700800000,1.3501423677087e-7,3.3007092481e-8
2023-06-13,1686614400000,1.6984218670237e-7,3.1381154552e-8
2023-06-12,1686528000000,1.493574950001e-7,3.1650507001e-8
2023-06-11,1686441600000,1.5706026922726e-7,3.1608359701e-8
2023-06-10,1686355200000,1.8544365223851e-7,6.2503137065e-8
2023-06-09,1686268800000,1.7234108861078e-7,3.0836922013e-8
2023-06-08,1686182400000,1.7600338359895e-7,3.1088458718e-8
2023-06-07,1686096000000,1.8422436881767e-7,3.1758026151e-8
2023-06-06,1686009600000,1.8737658791337e-7,3.2098224777e-8
2023-06-05,1685923200000,1.7139618838124e-7,3.6368173302e-8
2023-06-04,1685836800000,1.4444008716098e-7,3.0375517123e-8
2023-06-03,1685750400000,1.0535712536364e-7,3.0671576898e-8
2023-06-02,1685664000000,1.0999076810776e-7,3.0982263262e-8
2023-06-01,1685577600000,3.835872960181e-7,3.168240981e-8
2023-05-31,1685491200000,2.330626365823e-7,3.2113041365e-8
2023-05-30,1685404800000,1.4057902767539e-7,3.1835961803e-8
2023-05-29,1685318400000,2.563531312671e-7,3.1278697671e-8
2023-05-28,1685232000000,1.3361413932537e-7,3.2099986994e-8
2023-05-27,1685145600000,1.3755917963674e-7,3.099348009e-8
2023-05-26,1685059200000,1.2846973238123e-7,3.1024892114e-8
2023-05-25,1684972800000,1.1193650459187e-7,3.1906807725e-8
2023-05-24,1684886400000,1.2268934951353e-7,3.2973151642e-8
2023-05-23,1684800000000,1.2764655075636e-7,3.1385915632e-8
2023-05-22,1684713600000,1.2694941209955e-7,3.1390616836e-8
2023-05-21,1684627200000,1.378995601319e-7,3.1381322562e-8
2023-05-20,1684540800000,8.699017658217e-8,3.1509453267e-8
2023-05-19,1684454400000,8.725082224042e-8,3.1989743515e-8
2023-05-18,1684368000000,8.663450792832e-8,3.2285802836e-8
2023-05-17,1684281600000,8.728505142409e-8,3.564045481e-8
2023-05-16,1684195200000,9.642821488238e-8,3.2475159574e-8
2023-05-15,1684108800000,8.80383743483e-8,3.1458630775e-8
2023-05-14,1684022400000,9.084332003264e-8,3.1485325157e-8
2023-05-13,1683936000000,8.732732317494e-8,3.2666285012e-8
2023-05-12,1683849600000,9.726452774218e-8,3.3939747361e-8
2023-05-11,1683763200000,9.44148672826e-8,3.3229627612e-8
2023-05-10,1683676800000,8.613909564547e-8,3.6700561516e-8
2023-05-09,1683590400000,8.787312633637e-8,3.4662211633e-8
2023-05-08,1683504000000,8.936554591361e-8,3.7014633899e-8
2023-05-07,1683417600000,8.357624843598e-8,3.2791700225e-8
2023-05-06,1683331200000,8.248655832215e-8,3.4070858767e-8
2023-05-05,1683244800000,8.430353181576e-8,3.228264241e-8
2023-05-04,1683158400000,8.206734835557e-8,3.1531679923e-8
2023-05-03,1683072000000,8.570378850175e-8,3.257456618e-8
2023-05-02,1682985600000,8.688279496413e-8,3.1250412124e-8
2023-05-01,1682899200000,8.537930834087e-8,3.286907848e-8
2023-04-30,1682812800000,7.975680942904e-8,3.3158377871e-8
2023-04-29,1682726400000,8.44062724647e-8,3.4264898886e-8
2023-04-28,1682640000000,8.18272579822e-8,3.8686761634e-8
2023-04-27,1682553600000,7.677060929911e-8,4.5493350258e-8
2023-04-26,1682467200000,6.924880323648e-8,5.0419880099e-8
2023-04-25,1682380800000,8.62189759646e-8,4.7538705085e-8
2023-04-24,1682294400000,8.103351218587e-8,4.7069049557e-8
2023-04-23,1682208000000,8.020933208608e-8,4.4551807903e-8
2023-04-22,1682121600000,7.965082098981e-8,3.7446369473e-8
2023-04-21,1682035200000,7.930276993533e-8,4.0340599717e-8
2023-04-20,1681948800000,8.27536640452e-8,3.8239082266e-8
2023-04-19,1681862400000,9.490350902086e-8,3.8820194909e-8
2023-04-18,1681776000000,8.643328747139e-8,3.0713971695e-8
2023-04-17,1681689600000,1.0548619834768e-7,3.1860139153e-8
2023-04-16,1681603200000,1.3627198183439e-7,3.3106696503e-8
2023-04-15,1681516800000,1.2670390350002e-7,3.3452541476e-8
2023-04-14,1681430400000,1.1151547238006e-7,3.2013479226e-8
2023-04-13,1681344000000,1.1210897387698e-7,3.2649817626e-8
2023-04-12,1681257600000,1.0056785846257e-7,3.1681495834e-8
2023-04-11,1681171200000,1.1493653751545e-7,3.0879515149e-8
2023-04-10,1681084800000,1.2665488935579e-7,3.1022928835e-8
2023-04-09,1680998400000,9.611060071266e-8,3.0328914502e-8
2023-04-08,1680912000000,1.0021845256721e-7,3.1076978486e-8
2023-04-07,1680825600000,1.2119268533953e-7,3.1088445003e-8
2023-04-06,1680739200000,1.5640148738743e-7,3.502431946e-8
2023-04-05,1680652800000,8.863848344796e-8,3.3115872434e-8
2023-04-04,1680566400000,8.899295407931e-8,3.3256587625e-8
2023-04-03,1680480000000,8.558568617514e-8,3.2655135411e-8
2023-04-02,1680393600000,8.747920824864e-8,3.2716680696e-8
2023-04-01,1680307200000,8.737667974957e-8,3.1963960637e-8
2023-03-31,1680220800000,8.755696970814e-8,3.3739497072e-8
2023-03-30,1680134400000,9.02691200345e-8,4.1090566874e-8
2023-03-29,1680048000000,8.605272416859e-8,3.2963587254e-8
2023-03-28,1679961600000,7.853725714371e-8,3.5874977169e-8
2023-03-27,1679875200000,5.802432365143e-8,3.8236905064e-8
2023-03-26,1679788800000,7.518064126859e-8,3.4765338148e-8
2023-03-25,1679702400000,8.80335804186e-8,3.0870583046e-8
2023-03-24,1679616000000,8.367660343742e-8,3.3043520828e-8
2023-03-23,1679529600000,1.0066319857514e-7,3.3191066946e-8
2023-03-22,1679443200000,7.789519782309e-8,3.6585103143e-8
2023-03-21,1679356800000,8.363923297508e-8,3.7775384013e-8
2023-03-20,1679270400000,8.420942242545e-8,3.4466868323e-8
2023-03-19,1679184000000,8.40782318891e-8,3.933843414e-8
2023-03-18,1679097600000,8.388571839387e-8,4.8266640892e-8
2023-03-17,1679011200000,9.068952935882e-8,3.3669345913e-8
2023-03-16,1678924800000,1.0077504669536e-7,3.626305254e-8
2023-03-15,1678838400000,1.002507242694e-7,3.4265965987e-8
2023-03-14,1678752000000,9.236167105005e-8,4.252566373e-8
2023-03-13,1678665600000,8.89352454216e-8,3.6050033528e-8
2023-03-12,1678579200000,8.540874500927e-8,3.9585162865e-8
2023-03-11,1678492800000,8.958574241176e-8,5.7884562478e-8
2023-03-10,1678406400000,8.862356790869e-8,4.0737536109e-8
2023-03-09,1678320000000,9.257557949262e-8,3.9338549657e-8
2023-03-08,1678233600000,9.123623093829e-8,3.333329752e-8
2023-03-07,1678147200000,9.304044434606e-8,3.770597585e-8
2023-03-06,1678060800000,9.080111561697e-8,3.4552188409e-8
2023-03-05,1677974400000,8.815447876398e-8,3.0907781417e-8
2023-03-04,1677888000000,9.009424121524e-8,3.4059488555e-8
2023-03-03,1677801600000,8.363887799592e-8,4.3776455818e-8
2023-03-02,1677715200000,5.211147392179e-8,3.3623042763e-8
2023-03-01,1677628800000,7.531390981184e-8,3.4379043261e-8
2023-02-28,1677542400000,8.764609702309e-8,3.7465653016e-8
2023-02-27,1677456000000,7.68028272823e-8,3.2815442258e-8
2023-02-26,1677369600000,7.951068776187e-8,3.6044092972e-8
2023-02-25,1677283200000,7.72200068899e-8,3.2836794857e-8
2023-02-24,1677196800000,7.893449437961e-8,3.6963149814e-8
2023-02-23,1677110400000,7.652317996083e-8,3.4983460072e-8
2023-02-22,1677024000000,7.532809551589e-8,3.5575637345e-8
2023-02-21,1676937600000,8.405488889477e-8,3.5366841092e-8
2023-02-20,1676851200000,7.914068383553e-8,3.6459846707e-8
2023-02-19,1676764800000,7.604860297709e-8,3.5610599256e-8
2023-02-18,1676678400000,7.761894125839e-8,3.4690435505e-8
2023-02-17,1676592000000,7.760646472213e-8,3.2665077692e-8
2023-02-16,1676505600000,7.902793156466e-8,3.8096742067e-8
2023-02-15,1676419200000,7.952669945011e-8,3.4203161512e-8
2023-02-14,1676332800000,9.860859591862e-8,3.6413209015e-8
2023-02-13,1676246400000,7.116445672567e-8,3.4203757627e-8
2023-02-12,1676160000000,3.383335853585e-8,3.1834930853e-8
2023-02-11,1676073600000,7.509242743329e-8,3.0768849173e-8
2023-02-10,1675987200000,5.522578439328e-8,3.3994737777e-8
2023-02-09,1675900800000,1.807613378589e-8,3.8080841687e-8
2023-02-08,1675814400000,3.519307848212e-8,3.282042032e-8
2023-02-07,1675728000000,5.705703759522e-8,3.3814663763e-8
2023-02-06,1675641600000,5.532755240749e-8,3.7575522275e-8
2023-02-05,1675555200000,5.271415106887e-8,3.2870603588e-8
2023-02-04,1675468800000,7.105993780659e-8,3.1741549249e-8
2023-02-03,1675382400000,4.798839491391e-8,3.4295828474e-8
2023-02-02,1675296000000,4.928685827321e-8,3.9726651496e-8
2023-02-01,1675209600000,4.83063364315e-8,3.7971394985e-8
2023-01-31,1675123200000,4.835897913324e-8,3.1375128649e-8
2023-01-30,1675036800000,5.081291529718e-8,4.0463259027e-8
2023-01-29,1674950400000,5.199054320245e-8,3.1259271185e-8
2023-01-28,1674864000000,4.84795751711e-8,3.6261050159e-8
2023-01-27,1674777600000,4.87972880857e-8,4.1447188091e-8
2023-01-26,1674691200000,4.624309156566e-8,3.3721554616e-8
2023-01-25,1674604800000,4.560356816789e-8,3.2884288469e-8
2023-01-24,1674518400000,4.643979180471e-8,3.881292193e-8
2023-01-23,1674432000000,4.888717466481e-8,3.5661369864e-8
2023-01-22,1674345600000,4.898577542457e-8,3.446153665e-8
2023-01-21,1674259200000,4.576431041853e-8,3.8252467626e-8
2023-01-20,1674172800000,5.881424603815e-8,3.8060761763e-8
2023-01-19,1674086400000,4.938499414105e-8,3.3121126053e-8
2023-01-18,1674000000000,4.518852105181e-8,3.8701462927e-8
2023-01-17,1673913600000,4.76905095351e-8,3.9509032395e-8
2023-01-16,1673827200000,4.724756184848e-8,3.8417473882e-8
2023-01-15,1673740800000,4.013726845642e-8,3.6597206448e-8
2023-01-14,1673654400000,7.049918062836e-8,4.7422927234e-8
2023-01-13,1673568000000,6.78607850755e-8,3.5449790395e-8
2023-01-12,1673481600000,6.003273307333e-8,4.2093846989e-8
2023-01-11,1673395200000,5.436380997524e-8,4.4528582714e-8
2023-01-10,1673308800000,4.964666010509e-8,3.3539974575e-8
2023-01-09,1673222400000,3.589769831649e-8,3.781897792e-8
2023-01-08,1673136000000,3.166712247418e-8,3.111094536e-8
2023-01-07,1673049600000,3.398324262914e-8,3.018976792e-8
2023-01-06,1672963200000,3.745132550276e-8,4.8449381048e-8
2023-01-05,1672876800000,3.355643436503e-8,3.4112564998e-8
2023-01-04,1672790400000,3.531809380893e-8,3.2773958192e-8
2023-01-03,1672704000000,3.184794632484e-8,3.2709163007e-8
2023-01-02,1672617600000,2.505888299917e-8,3.2639474771e-8
2023-01-01,1672531200000,8.49322607426e-9,3.743991763e-8
2022-12-31,1672444800000,7.56710675892e-9,4.0491416493e-8
2022-12-30,1672358400000,3.435182014568e-8,3.1523352612e-8
2022-12-29,1672272000000,6.808320413876e-8,3.376867958e-8
2022-12-28,1672185600000,3.541649719319e-8,3.251722494e-8
2022-12-27,1672099200000,3.538550819976e-8,3.2620788226e-8
2022-12-26,1672012800000,3.488041176112e-8,3.0179796955e-8
2022-12-25,1671926400000,3.517889872936e-8,3.0791560627e-8
2022-12-24,1671840000000,3.770272577661e-8,3.0220014846e-8
2022-12-23,1671753600000,3.317176849777e-8,3.0513162067e-8
2022-12-22,1671667200000,2.97843201632e-8,3.120864971e-8
2022-12-21,1671580800000,2.906484291201e-8,3.0261595148e-8
2022-12-20,1671494400000,1.928140165855e-8,3.0520867694e-8
2022-12-19,1671408000000,7.89202153081e-9,3.3095038641e-8
2022-12-18,1671321600000,5.29651445947e-9,3.0106070479e-8
2022-12-17,1671235200000,5.76961581793e-9,3.1411098377e-8
2022-12-16,1671148800000,5.44568131209e-9,3.7680936968e-8
2022-12-15,1671062400000,5.43100297983e-9,3.1264101828e-8
2022-12-14,1670976000000,5.58101550464e-9,3.1146153215e-8
2022-12-13,1670889600000,5.62742778725e-9,4.100218422e-8
2022-12-12,1670803200000,5.19748034249e-9,3.192894976e-8
2022-12-11,1670716800000,4.81176524009e-9,3.2349304956e-8
2022-12-10,1670630400000,5.0429105056e-9,3.4855321364e-8
2022-12-09,1670544000000,5.65728357468e-9,3.0983250463e-8
2022-12-08,1670457600000,6.01822550021e-9,3.1229997262e-8
2022-12-07,1670371200000,5.82333469094e-9,3.2932473575e-8
2022-12-06,1670284800000,5.93466041327e-9,3.1638242558e-8
2022-12-05,1670198400000,5.27716245775e-9,3.1911101579e-8
2022-12-04,1670112000000,4.82298735384e-9,3.1390286943e-8
2022-12-03,1670025600000,5.1898528395e-9,3.173992688e-8
2022-12-02,1669939200000,5.47026259865e-9,3.464375915e-8
2022-12-01,1669852800000,5.23792086739e-9,3.2463184743e-8
2022-11-30,1669766400000,5.53111100882e-9,3.1661612947e-8
2022-11-29,1669680000000,6.12870248643e-9,3.2265073322e-8
2022-11-28,1669593600000,5.62040742217e-9,3.4015473906e-8
2022-11-27,1669507200000,6.21824556854e-9,3.0727657397e-8
2022-11-26,1669420800000,6.12224540343e-9,3.2103162344e-8
2022-11-25,1669334400000,5.95502629249e-9,3.3578370925e-8
2022-11-24,1669248000000,5.79298370367e-9,3.3409157026e-8
2022-11-23,1669161600000,6.17581685836e-9,3.4171236985e-8
2022-11-22,1669075200000,6.64334368931e-9,3.3826039258e-8
2022-11-21,1668988800000,7.08506690014e-9,3.7270690552e-8
2022-11-20,1668902400000,6.12396929245e-9,3.423344165e-8
2022-11-19,1668816000000,5.77567107631e-9,3.138892078e-8
2022-11-18,1668729600000,5.69414657582e-9,3.0464724365e-8
2022-11-17,1668643200000,5.87674922971e-9,3.3205943014e-8
2022-11-16,1668556800000,5.67557962317e-9,3.1836893165e-8
2022-11-15,1668470400000,5.32670037078e-9,3.3781091387e-8
2022-11-14,1668384000000,6.02303050895e-9,3.9538167727e-8
2022-11-13,1668297600000,5.14769832001e-9,3.6602749686e-8
2022-11-12,1668211200000,5.34256736309e-9,3.8657019798e-8
2022-11-11,1668124800000,6.60429724578e-9,5.546691432e-8
2022-11-10,1668038400000,7.3986041872e-9,4.5411086802e-8
2022-11-09,1667952000000,9.27535085368e-9,5.5302496233e-8
2022-11-08,1667865600000,1.123834365285e-8,7.449463795e-8
2022-11-07,1667779200000,6.66916358851e-9,3.1909996687e-8
2022-11-06,1667692800000,6.47725329669e-9,3.0171264823e-8
2022-11-05,1667606400000,7.05030076802e-9,3.1854257724e-8
2022-11-04,1667520000000,7.35320440027e-9,3.3498652156e-8
2022-11-03,1667433600000,8.04881131145e-9,3.9380385693e-8
2022-11-02,1667347200000,7.66638348882e-9,3.4556483246e-8
2022-11-01,1667260800000,6.75050081119e-9,2.9016598811e-8
2022-10-31,1667174400000,8.39608413326e-9,3.0867965518e-8
2022-10-30,1667088000000,6.67777538461e-9,3.1666867119e-8
2022-10-29,1667001600000,7.32178212615e-9,3.3997843309e-8
2022-10-28,1666915200000,7.79394035425e-9,5.0157271158e-8
2022-10-27,1666828800000,6.49794118818e-9,3.9350414434e-8
2022-10-26,1666742400000,6.72197534532e-9,3.7972433222e-8
2022-10-25,1666656000000,7.99781498538e-9,4.3724398111e-8
2022-10-24,1666569600000,6.69199096286e-9,3.0148461118e-8
2022-10-23,1666483200000,6.45324860177e-9,3.5180561543e-8
2022-10-22,1666396800000,5.85058043401e-9,3.0545658193e-8
2022-10-21,1666310400000,7.27811014534e-9,3.5564891414e-8
2022-10-20,1666224000000,7.02350020639e-9,3.7837694486e-8
2022-10-19,1666137600000,6.32932663205e-9,3.1660847598e-8
2022-10-18,1666051200000,6.71958714363e-9,3.0206190325e-8
2022-10-17,1665964800000,7.03274825549e-9,3.0200851933e-8
2022-10-16,1665878400000,6.73347505875e-9,3.0110974073e-8
2022-10-15,1665792000000,7.86103008841e-9,3.0079755906e-8
2022-10-14,1665705600000,8.49981183612e-9,3.2879626929e-8
2022-10-13,1665619200000,1.040104693307e-8,5.4371006458e-8
2022-10-12,1665532800000,5.10376708698e-9,3.1060806413e-8
2022-10-11,1665446400000,5.62699954826e-9,3.2755743084e-8
2022-10-10,1665360000000,5.56107839448e-9,3.2006192393e-8
2022-10-09,1665273600000,4.94315114225e-9,3.1281789425e-8
2022-10-08,1665187200000,4.80431723145e-9,3.1507612661e-8
2022-10-07,1665100800000,5.30264217014e-9,3.2492828613e-8
2022-10-06,1665014400000,1.03199816163e-8,4.0436169391e-8
2022-10-05,1664928000000,1.4154678691e-8,3.5652312451e-8
2022-10-04,1664841600000,1.442409016689e-8,3.09293507e-8
2022-10-03,1664755200000,1.300937411546e-8,3.3158117561e-8
2022-10-02,1664668800000,9.31487199785e-9,3.1119891375e-8
2022-10-01,1664582400000,8.19349011963e-9,3.0147224134e-8
2022-09-30,1664496000000,8.50630755596e-9,3.1480241396e-8
2022-09-29,1664409600000,9.32486277688e-9,3.0585014743e-8
2022-09-28,1664323200000,7.849213232e-9,3.1963061494e-8
2022-09-27,1664236800000,8.80551093176e-9,3.1784757917e-8
2022-09-26,1664150400000,8.51710656625e-9,3.1142328003e-8
2022-09-25,1664064000000,8.8109480887e-9,3.0810698986e-8
2022-09-24,1663977600000,8.38240131776e-9,3.154007201e-8
2022-09-23,1663891200000,1.033759615474e-8,3.1570224494e-8
2022-09-22,1663804800000,1.120003790342e-8,3.3235250102e-8
2022-09-21,1663718400000,9.03381328627e-9,4.8798636851e-8
2022-09-20,1663632000000,3.84047598948e-9,3.2808743849e-8
2022-09-19,1663545600000,3.58304793768e-9,3.7518529692e-8
2022-09-18,1663459200000,5.14715258149e-9,5.6593298747e-8
2022-09-17,1663372800000,1.246677586217e-8,3.4886240162e-8
2022-09-16,1663286400000,3.51682493401e-9,3.5015435813e-8
2022-09-15,1663200000000,3.34481674622e-9,3.4149930187e-8
2022-09-14,1663113600000,3.03734017449e-9,3.2664447989e-8
2022-09-13,1663027200000,4.90766819191e-9,4.5546906528e-8
2022-09-12,1662940800000,4.4991256226e-9,3.7027513991e-8
2022-09-11,1662854400000,3.28018682362e-9,3.1085298738e-8
2022-09-10,1662768000000,3.1688479343e-9,3.1655247383e-8
2022-09-09,1662681600000,3.80191395607e-9,3.3137017528e-8
2022-09-08,1662595200000,3.81720184634e-9,3.198170106e-8
2022-09-07,1662508800000,3.40293250436e-9,3.1747213684e-8
2022-09-06,1662422400000,3.86205347728e-9,3.4958707272e-8
2022-09-05,1662336000000,3.53616647558e-9,3.1080887161e-8
2022-09-04,1662249600000,2.65692117085e-9,3.0869911291e-8
2022-09-03,1662163200000,2.8456162793e-9,3.1303599415e-8
2022-09-02,1662076800000,3.47425757131e-9,3.1767319434e-8
2022-09-01,1661990400000,3.8859656993e-9,3.0688678686e-8
2022-08-31,1661904000000,5.2657906156e-9,3.1990713779e-8
2022-08-30,1661817600000,6.36789944236e-9,3.5433451548e-8
2022-08-29,1661731200000,5.8623476655e-9,3.388213016e-8
2022-08-28,1661644800000,4.51662469382e-9,3.4310666782e-8
2022-08-27,1661558400000,3.80565078016e-9,3.240419938e-8
2022-08-26,1661472000000,9.80174651389e-9,3.5579297503e-8
2022-08-25,1661385600000,1.091409048692e-8,3.1836749344e-8
2022-08-24,1661299200000,6.47044688255e-9,3.0815633027e-8
2022-08-23,1661212800000,5.67434568611e-9,3.2196420822e-8
2022-08-22,1661126400000,7.670063515e-9,3.5545598052e-8
2022-08-21,1661040000000,5.49807138849e-9,3.1934673852e-8
2022-08-20,1660953600000,8.05058987383e-9,3.3624939651e-8
2022-08-19,1660867200000,1.147753488513e-8,3.9364509439e-8
2022-08-18,1660780800000,7.49692438658e-9,3.197005612e-8
2022-08-17,1660694400000,6.6889787332e-9,3.1930495554e-8
2022-08-16,1660608000000,6.42566864658e-9,3.2079178631e-8
2022-08-15,1660521600000,8.68709789508e-9,3.3841914078e-8
2022-08-14,1660435200000,4.43849372015e-9,3.0922606476e-8
2022-08-13,1660348800000,7.27343539699e-9,3.5044839002e-8
2022-08-12,1660262400000,9.90678396533e-9,4.2666886267e-8
2022-08-11,1660176000000,8.00072463557e-9,3.2178420242e-8
2022-08-10,1660089600000,1.048498315445e-8,3.5915812019e-8
2022-08-09,1660003200000,8.29881905197e-9,3.1985054227e-8
2022-08-08,1659916800000,1.0216602323e-8,3.6917547208e-8
2022-08-07,1659830400000,8.28019568001e-9,3.5869875968e-8
2022-08-06,1659744000000,8.89539840334e-9,3.5847912892e-8
2022-08-05,1659657600000,8.9624036102e-9,3.3848374239e-8
2022-08-04,1659571200000,2.07476055549e-8,3.1060413612e-8
2022-08-03,1659484800000,1.2133464785e-8,3.4944388621e-8
2022-08-02,1659398400000,1.073904093073e-8,3.2930199306e-8
2022-08-01,1659312000000,9.41567638076e-9,3.1162033027e-8
2022-07-31,1659225600000,1.026845849967e-8,3.2597664406e-8
2022-07-30,1659139200000,9.33482714922e-9,3.2249718752e-8
2022-07-29,1659052800000,1.447397082092e-8,3.4488864159e-8
2022-07-28,1658966400000,1.918178678575e-8,3.7643812283e-8
2022-07-27,1658880000000,1.454684267879e-8,4.2060391733e-8
2022-07-26,1658793600000,1.071118499822e-8,3.2865893846e-8
2022-07-25,1658707200000,1.228850600594e-8,3.4343181544e-8
2022-07-24,1658620800000,1.382264800036e-8,3.4235710823e-8
2022-07-23,1658534400000,1.596855696039e-8,3.3318700001e-8
2022-07-22,1658448000000,1.78212739075e-8,3.3704503907e-8
2022-07-21,1658361600000,1.907604494007e-8,3.501459163e-8
2022-07-20,1658275200000,3.133553519292e-8,3.5490115751e-8
2022-07-19,1658188800000,4.091847856467e-8,4.5568085163e-8
2022-07-18,1658102400000,3.982326624796e-8,4.7118515589e-8
2022-07-17,1658016000000,2.129027563243e-8,3.3746544587e-8
2022-07-16,1657929600000,3.029536200338e-8,4.3594122071e-8
2022-07-15,1657843200000,2.840751623707e-8,3.3671079708e-8
2022-07-14,1657756800000,2.653811711593e-8,3.4854662274e-8
2022-07-13,1657670400000,3.163179588188e-8,4.0772949519e-8
2022-07-12,1657584000000,3.009773095254e-8,4.9412204034e-8
2022-07-11,1657497600000,2.103163958012e-8,3.5855917366e-8
2022-07-10,1657411200000,1.989066226123e-8,3.147787353e-8
2022-07-09,1657324800000,2.891605951415e-8,3.1870920371e-8
2022-07-08,1657238400000,3.014069806239e-8,3.4598150067e-8
2022-07-07,1657152000000,2.830667022029e-8,3.5561403451e-8
2022-07-06,1657065600000,2.795390863391e-8,3.541989719e-8
2022-07-05,1656979200000,2.798607780489e-8,4.1938587881e-8
2022-07-04,1656892800000,3.300280195401e-8,4.0895203192e-8
2022-07-03,1656806400000,2.399465872775e-8,3.4737251754e-8
2022-07-02,1656720000000,2.135380084745e-8,3.3469570625e-8
2022-07-01,1656633600000,2.685161437046e-8,3.5826446141e-8
2022-06-30,1656547200000,4.135003268898e-8,3.8241782934e-8
2022-06-29,1656460800000,3.094381493684e-8,3.7534809309e-8
2022-06-28,1656374400000,3.914100908892e-8,3.8815079501e-8
2022-06-27,1656288000000,3.110633342015e-8,3.5987345574e-8
2022-06-26,1656201600000,3.256103068664e-8,3.5892182199e-8
2022-06-25,1656115200000,3.321638025335e-8,4.0933856253e-8
2022-06-24,1656028800000,7.242546081553e-8,4.4469100136e-8
2022-06-23,1655942400000,2.360595847428e-8,3.5714670042e-8
2022-06-22,1655856000000,1.943890056502e-8,3.7174268315e-8
2022-06-21,1655769600000,2.167794248036e-8,3.6696669598e-8
2022-06-20,1655683200000,3.163930302181e-8,3.9955645175e-8
2022-06-19,1655596800000,3.867109141281e-8,4.6219599454e-8
2022-06-18,1655510400000,4.918002329181e-8,6.9525244707e-8
2022-06-17,1655424000000,2.648579468968e-8,3.7354220515e-8
2022-06-16,1655337600000,3.609665760976e-8,4.702040665e-8
2022-06-15,1655251200000,5.902964528183e-8,7.5921073216e-8
2022-06-14,1655164800000,3.794045451475e-8,5.7244280468e-8
2022-06-13,1655078400000,6.5702908173e-8,9.5499323367e-8
2022-06-12,1654992000000,2.75413065815e-8,4.8589226725e-8
2022-06-11,1654905600000,2.680665615206e-8,4.8754903018e-8
2022-06-10,1654819200000,2.448879520442e-8,4.5753736453e-8
2022-06-09,1654732800000,1.900744729567e-8,3.6418870034e-8
2022-06-08,1654646400000,2.025173923872e-8,3.6242997544e-8
2022-06-07,1654560000000,2.415400075323e-8,4.031243197e-8
2022-06-06,1654473600000,2.128331791359e-8,3.8335344116e-8
2022-06-05,1654387200000,1.709754787963e-8,3.3983804432e-8
2022-06-04,1654300800000,2.018663625428e-8,3.6578897692e-8
2022-06-03,1654214400000,2.039382471491e-8,3.8222077749e-8
2022-06-02,1654128000000,2.417840067796e-8,4.2299488229e-8
2022-06-01,1654041600000,2.496084831365e-8,4.4545010129e-8
2022-05-31,1653955200000,2.473327797091e-8,4.3820694515e-8
2022-05-30,1653868800000,2.63175265277e-8,4.7649800206e-8
2022-05-29,1653782400000,2.055856160449e-8,4.3082384036e-8
2022-05-28,1653696000000,2.542924434168e-8,5.0427081772e-8
2022-05-27,1653609600000,3.316978920645e-8,5.2624845122e-8
2022-05-26,1653523200000,2.913304769126e-8,4.9236386368e-8
2022-05-25,1653436800000,2.025736814685e-8,4.1231552668e-8
2022-05-24,1653350400000,2.167539992389e-8,4.1685329751e-8
2022-05-23,1653264000000,2.248867322277e-8,4.3072588054e-8
2022-05-22,1653177600000,1.998998215966e-8,4.0960306739e-8
2022-05-21,1653091200000,1.984181369252e-8,3.9804036025e-8
2022-05-20,1653004800000,2.394703823567e-8,4.1084846235e-8
2022-05-19,1652918400000,2.379005623289e-8,4.2496449619e-8
2022-05-18,1652832000000,2.212661255536e-8,3.965751047e-8
2022-05-17,1652745600000,2.214163112755e-8,3.7048229497e-8
2022-05-16,1652659200000,2.43808329068e-8,3.782224317e-8
2022-05-15,1652572800000,2.449047463688e-8,3.7764114698e-8
2022-05-14,1652486400000,2.66233918349e-8,3.8434200623e-8
2022-05-13,1652400000000,6.09640860025e-8,8.1506994121e-8
2022-05-12,1652313600000,1.4290045685086e-7,1.83091580199e-7
2022-05-11,1652227200000,1.7017120477328e-7,2.12153658416e-7
2022-05-10,1652140800000,8.473180323345e-8,1.06244770556e-7
2022-05-09,1652054400000,8.434080737645e-8,1.04983401005e-7
2022-05-08,1651968000000,4.483144902411e-8,5.5642812319e-8
2022-05-07,1651881600000,5.190365398587e-8,6.4895501972e-8
2022-05-06,1651795200000,9.100737695057e-8,1.10581600339e-7
2022-05-05,1651708800000,8.81553051976e-8,1.09409501199e-7
2022-05-04,1651622400000,8.122278662257e-8,9.9191142007e-8
2022-05-03,1651536000000,7.589150076149e-8,9.0118965385e-8
2022-05-02,1651449600000,6.04863835293e-8,7.1769486569e-8
2022-05-01,1651363200000,4.317912366884e-8,5.1603951297e-8
2022-04-30,1651276800000,4.167479574153e-8,5.0746329222e-8
2022-04-29,1651190400000,3.688215905391e-8,4.6508706521e-8
2022-04-28,1651104000000,4.885638774156e-8,6.0882968335e-8
2022-04-27,1651017600000,6.303615352478e-8,7.7347673553e-8
2022-04-26,1650931200000,6.900792504456e-8,8.4781533e-8
2022-04-25,1650844800000,6.476143113348e-8,7.9133860902e-8
2022-04-24,1650758400000,5.158165653512e-8,6.3310064616e-8
2022-04-23,1650672000000,5.586830408432e-8,6.8747063862e-8
2022-04-22,1650585600000,6.044919946667e-8,7.4605171798e-8
2022-04-21,1650499200000,6.77109016537e-8,8.3851949788e-8
2022-04-20,1650412800000,7.752893118515e-8,9.5166994821e-8
2022-04-19,1650326400000,6.443298646321e-8,7.9816984831e-8
2022-04-18,1650240000000,5.809772604608e-8,7.5276011444e-8
2022-04-17,1650153600000,4.418624093434e-8,5.6969976076e-8
2022-04-16,1650067200000,7.403443870935e-8,9.1915415502e-8
2022-04-15,1649980800000,9.24916456753e-8,1.12456353512e-7
2022-04-14,1649894400000,7.164688826984e-8,8.7057935597e-8
2022-04-13,1649808000000,6.764911399982e-8,8.0040983356e-8
2022-04-12,1649721600000,7.751961255073e-8,9.1502441711e-8
2022-04-11,1649635200000,9.171068601538e-8,1.10437418268e-7
2022-04-10,1649548800000,7.052376833956e-8,8.5956664982e-8
2022-04-09,1649462400000,4.75009708695e-8,5.8250125084e-8
2022-04-08,1649376000000,5.864869430082e-8,7.4030188052e-8
2022-04-07,1649289600000,6.476380016816e-8,8.4700541143e-8
2022-04-06,1649203200000,5.861677639374e-8,7.7053568299e-8
2022-04-05,1649116800000,5.430945641856e-8,6.8410211391e-8
2022-04-04,1649030400000,6.792246720768e-8,8.2942871612e-8
2022-04-03,1648944000000,5.677733894667e-8,6.6971953399e-8
2022-04-02,1648857600000,5.447345296938e-8,6.7245936707e-8
2022-04-01,1648771200000,6.550738354238e-8,7.0067649175e-8
2022-03-31,1648684800000,6.384232488598e-8,7.7887035449e-8
2022-03-30,1648598400000,7.603618844242e-8,7.7419789828e-8
2022-03-29,1648512000000,8.474958489511e-8,8.4755459015e-8
2022-03-28,1648425600000,8.818937481807e-8,8.8195689602e-8
2022-03-27,1648339200000,4.729907873152e-8,4.7299195983e-8
2022-03-26,1648252800000,4.259297279346e-8,4.2593533093e-8
2022-03-25,1648166400000,7.061359122223e-8,7.061497381e-8
2022-03-24,1648080000000,6.495195380683e-8,6.495210782e-8
2022-03-23,1647993600000,7.784394422652e-8,7.78441305e-8
2022-03-22,1647907200000,8.11647297611e-8,8.1169954311e-8
2022-03-21,1647820800000,7.8124499252e-8,7.8124499252e-8
2022-03-20,1647734400000,6.4838496365e-8,6.4838496365e-8
2022-03-19,1647648000000,6.244999868398e-8,6.2450152334e-8
2022-03-18,1647561600000,7.1950285034e-8,7.1950285034e-8
2022-03-17,1647475200000,8.26992432332e-8,8.2699546974e-8
2022-03-16,1647388800000,6.682973966346e-8,6.6829996055e-8
2022-03-15,1647302400000,7.7108677287e-8,7.7108677287e-8
2022-03-14,1647216000000,9.5815288379e-8,9.5815288379e-8
2022-03-13,1647129600000,6.1482421609e-8,6.1482421609e-8
2022-03-12,1647043200000,5.1587540524e-8,5.1587540524e-8
2022-03-11,1646956800000,6.699752303e-8,6.699752303e-8
2022-03-10,1646870400000,3.9103507961e-8,3.9103507961e-8
2022-03-09,1646784000000,5.2147292632e-8,5.2147292632e-8
2022-03-08,1646697600000,4.6626697458e-8,4.6626697458e-8
2022-03-07,1646611200000,5.738063088e-8,5.738063088e-8
2022-03-06,1646524800000,5.7521178633e-8,5.7521178633e-8
2022-03-05,1646438400000,5.6246588773e-8,5.6246588773e-8
2022-03-04,1646352000000,8.4552213859e-8,8.4552213859e-8
2022-03-03,1646265600000,6.0701019063e-8,6.0701019063e-8
2022-03-02,1646179200000,6.8449717606e-8,6.8449717606e-8
2022-03-01,1646092800000,8.2544602211e-8,8.2544602211e-8
2022-02-28,1646006400000,7.3842632717e-8,7.3842632717e-8
2022-02-27,1645920000000,6.1528557022e-8,6.1528557022e-8
2022-02-26,1645833600000,5.2495798511e-8,5.2495798511e-8
2022-02-25,1645747200000,6.2411527535e-8,6.2411527535e-8
2022-02-24,1645660800000,7.8654940803e-8,7.8654940803e-8
2022-02-23,1645574400000,4.593787266e-8,4.593787266e-8
2022-02-22,1645488000000,7.8584150738e-8,7.8584150738e-8
2022-02-21,1645401600000,5.7559217353e-8,5.7559217353e-8
2022-02-20,1645315200000,5.7174125747e-8,5.7174125747e-8
2022-02-19,1645228800000,9.3325406499e-8,9.3325406499e-8
2022-02-18,1645142400000,5.1216459468e-8,5.1216459468e-8
2022-02-17,1645056000000,5.4740796526e-8,5.4740796526e-8
2022-02-16,1644969600000,4.9360628035e-8,4.9360628035e-8
2022-02-15,1644883200000,6.7364164685e-8,6.7364164685e-8
2022-02-14,1644796800000,6.1927817968e-8,6.1927817968e-8
2022-02-13,1644710400000,4.9805977046e-8,4.9805977046e-8
2022-02-12,1644624000000,5.0561226963e-8,5.0561226963e-8
2022-02-11,1644537600000,6.3902093764e-8,6.3902093764e-8
2022-02-10,1644451200000,9.0715995867e-8,9.0715995867e-8
2022-02-09,1644364800000,5.9982716001e-8,5.9982716001e-8
2022-02-08,1644278400000,4.9884983833e-8,4.9884983833e-8
2022-02-07,1644192000000,7.2964571378e-8,7.2964571378e-8
2022-02-06,1644105600000,5.1832984666e-8,5.1832984666e-8
2022-02-05,1644019200000,4.8646743706e-8,4.8646743706e-8
2022-02-04,1643932800000,5.5463449611e-8,5.5463449611e-8
2022-02-03,1643846400000,4.945439263e-8,4.945439263e-8
2022-02-02,1643760000000,5.0875743828e-8,5.0875743828e-8
2022-02-01,1643673600000,4.8401413691e-8,4.8401413691e-8
2022-01-31,1643587200000,9.658344226e-8,9.658344226e-8
2022-01-30,1643500800000,5.2729837465e-8,5.2729837465e-8
2022-01-29,1643414400000,5.2303747842e-8,5.2303747842e-8
2022-01-28,1643328000000,4.3549076341e-8,4.3549076341e-8
2022-01-27,1643241600000,6.3552737688e-8,6.3552737688e-8
2022-01-26,1643155200000,6.9909457949e-8,6.9909457949e-8
2022-01-25,1643068800000,6.2119353144e-8,6.2119353144e-8
2022-01-24,1642982400000,5.1601003344e-8,5.1601003344e-8
2022-01-23,1642896000000,4.8304252277e-8,4.8304252277e-8
2022-01-22,1642809600000,6.1223235843e-8,6.1223235843e-8
2022-01-21,1642723200000,7.8458791658e-8,7.8458791658e-8
2022-01-20,1642636800000,4.2479973787e-8,4.2479973787e-8
2022-01-19,1642550400000,8.7689964881e-8,8.7689964881e-8
2022-01-18,1642464000000,4.5241500045e-8,4.5241500045e-8
2022-01-17,1642377600000,8.5560902377e-8,8.5560902377e-8
2022-01-16,1642291200000,5.3483547794e-8,5.3483547794e-8
2022-01-15,1642204800000,5.466670042e-8,5.466670042e-8
2022-01-14,1642118400000,5.8634112987e-8,5.8634112987e-8
2022-01-13,1642032000000,5.5276182207e-8,5.5276182207e-8
2022-01-12,1641945600000,5.0565145449e-8,5.0565145449e-8
2022-01-11,1641859200000,4.9885344818e-8,4.9885344818e-8
2022-01-10,1641772800000,4.8329523918e-8,4.8329523918e-8
2022-01-09,1641686400000,4.739701756e-8,4.739701756e-8
2022-01-08,1641600000000,4.4744446379e-8,4.4744446379e-8
2022-01-07,1641513600000,5.4489897254e-8,5.4489897254e-8
2022-01-06,1641427200000,4.2388348533e-8,4.2388348533e-8
2022-01-05,1641340800000,4.9835490328e-8,4.9835490328e-8
2022-01-04,1641254400000,4.2891777439e-8,4.2891777439e-8
2022-01-03,1641168000000,4.4742198677e-8,4.4742198677e-8
2022-01-02,1641081600000,4.2047639375e-8,4.2047639375e-8
2022-01-01,1640995200000,4.1828451385e-8,4.1828451385e-8
2021-12-31,1640908800000,4.3797416667e-8,4.3797416667e-8
2021-12-30,1640822400000,4.2564890336e-8,4.2564890336e-8
2021-12-29,1640736000000,4.2781824231e-8,4.2781824231e-8
2021-12-28,1640649600000,4.3488930114e-8,4.3488930114e-8
2021-12-27,1640563200000,4.0635343035e-8,4.0635343035e-8
2021-12-26,1640476800000,4.2494607238e-8,4.2494607238e-8
2021-12-25,1640390400000,3.740480389e-8,3.740480389e-8
2021-12-24,1640304000000,3.8160512167e-8,3.8160512167e-8
2021-12-23,1640217600000,4.2522234881e-8,4.2522234881e-8
2021-12-22,1640131200000,6.422935787e-8,6.422935787e-8
2021-12-21,1640044800000,4.7955119226e-8,4.7955119226e-8
2021-12-20,1639958400000,6.3424774199e-8,6.3424774199e-8
2021-12-19,1639872000000,3.9270074477e-8,3.9270074477e-8
2021-12-18,1639785600000,3.9055864593e-8,3.9055864593e-8
2021-12-17,1639699200000,4.5153851072e-8,4.5153851072e-8
2021-12-16,1639612800000,4.2030157086e-8,4.2030157086e-8
2021-12-15,1639526400000,4.3850626833e-8,4.3850626833e-8
2021-12-14,1639440000000,4.6960509507e-8,4.6960509507e-8
2021-12-13,1639353600000,6.6457732234e-8,6.6457732234e-8
2021-12-12,1639267200000,4.1813410349e-8,4.1813410349e-8
2021-12-11,1639180800000,4.0783060553e-8,4.0783060553e-8
2021-12-10,1639094400000,4.5042569777e-8,4.5042569777e-8
2021-12-09,1639008000000,4.6195677726e-8,4.6195677726e-8
2021-12-08,1638921600000,4.8128870929e-8,4.8128870929e-8
2021-12-07,1638835200000,4.3425738747e-8,4.3425738747e-8
2021-12-06,1638748800000,4.921822805e-8,4.921822805e-8
2021-12-05,1638662400000,4.5255707311e-8,4.5255707311e-8
2021-12-04,1638576000000,7.2812115838e-8,7.2812115838e-8
2021-12-03,1638489600000,5.396936337e-8,5.396936337e-8
2021-12-02,1638403200000,6.4284448725e-8,6.4284448725e-8
2021-12-01,1638316800000,4.7056660036e-8,4.7056660036e-8
2021-11-30,1638230400000,4.9271716266e-8,4.9271716266e-8
2021-11-29,1638144000000,9.8318625054e-8,9.8318625054e-8
2021-11-28,1638057600000,5.5842519476e-8,5.5842519476e-8
2021-11-27,1637971200000,4.4844037873e-8,4.4844037873e-8
2021-11-26,1637884800000,1.6259821389e-7,1.6259821389e-7
2021-11-25,1637798400000,1.10127543082e-7,1.10127543082e-7
2021-11-24,1637712000000,9.188932544e-8,9.188932544e-8
2021-11-23,1637625600000,1.07165094401e-7,1.07165094401e-7
2021-11-22,1637539200000,1.58823526114e-7,1.58823526114e-7
2021-11-21,1637452800000,7.5401553211e-8,7.5401553211e-8
2021-11-20,1637366400000,5.853895051e-8,5.853895051e-8
2021-11-19,1637280000000,4.5521190521e-8,4.5521190521e-8
2021-11-18,1637193600000,9.2592570848e-8,9.2592570848e-8
2021-11-17,1637107200000,6.523251239e-8,6.523251239e-8
2021-11-16,1637020800000,4.6038369938e-8,4.6038369938e-8
2021-11-15,1636934400000,4.1553602167e-8,4.1553602167e-8
2021-11-14,1636848000000,3.4209016763e-8,3.4209016763e-8
2021-11-13,1636761600000,1.07175775757e-7,1.07175775757e-7
2021-11-12,1636675200000,3.6331190271e-8,3.6331190271e-8
2021-11-11,1636588800000,3.5782418191e-8,3.5782418191e-8
2021-11-10,1636502400000,4.3331960588e-8,4.3331960588e-8
2021-11-09,1636416000000,3.6690460251e-8,3.6690460251e-8
2021-11-08,1636329600000,5.7276409621e-8,5.7276409621e-8
2021-11-07,1636243200000,3.7920236844e-8,3.7920236844e-8
2021-11-06,1636156800000,3.5355107153e-8,3.5355107153e-8
2021-11-05,1636070400000,3.7251439131e-8,3.7251439131e-8
2021-11-04,1635984000000,3.9373306729e-8,3.9373306729e-8
2021-11-03,1635897600000,3.6961906127e-8,3.6961906127e-8
2021-11-02,1635811200000,3.4728243385e-8,3.4728243385e-8
2021-11-01,1635724800000,3.7145787872e-8,3.7145787872e-8
2021-10-31,1635638400000,3.3633840329e-8,3.3633840329e-8
2021-10-30,1635552000000,3.3458566422e-8,3.3458566422e-8
2021-10-29,1635465600000,3.3716146447e-8,3.3716146447e-8
2021-10-28,1635379200000,3.639230479e-8,3.639230479e-8
2021-10-27,1635292800000,4.0165464299e-8,4.0165464299e-8
2021-10-26,1635206400000,3.7427017327e-8,3.7427017327e-8
2021-10-25,1635120000000,3.514725883e-8,3.514725883e-8
2021-10-24,1635033600000,3.4807808098e-8,3.4807808098e-8
2021-10-23,1634947200000,3.5294483823e-8,3.5294483823e-8
2021-10-22,1634860800000,4.0623267909e-8,4.0623267909e-8
2021-10-21,1634774400000,3.6815733627e-8,3.6815733627e-8
2021-10-20,1634688000000,6.4872424351e-8,6.4872424351e-8
2021-10-19,1634601600000,3.6068162159e-8,3.6068162159e-8
2021-10-18,1634515200000,3.7520413325e-8,3.7520413325e-8
2021-10-17,1634428800000,3.7397262824e-8,3.7397262824e-8
2021-10-16,1634342400000,3.7375474691e-8,3.7375474691e-8
2021-10-15,1634256000000,3.9669132156e-8,3.9669132156e-8
2021-10-14,1634169600000,3.6820480758e-8,3.6820480758e-8
2021-10-13,1634083200000,3.6492245454e-8,3.6492245454e-8
2021-10-12,1633996800000,4.4311394012e-8,4.4311394012e-8
2021-10-11,1633910400000,3.8375823139e-8,3.8375823139e-8
2021-10-10,1633824000000,3.921065607e-8,3.921065607e-8
2021-10-09,1633737600000,3.5141551055e-8,3.5141551055e-8
2021-10-08,1633651200000,3.7709203679e-8,3.7709203679e-8
2021-10-07,1633564800000,3.9970173008e-8,3.9970173008e-8
2021-10-06,1633478400000,4.3571486446e-8,4.3571486446e-8
2021-10-05,1633392000000,9.5261555413e-8,9.5261555413e-8
2021-10-04,1633305600000,5.0065851734e-8,5.0065851734e-8
2021-10-03,1633219200000,4.6607864818e-8,4.6607864818e-8
2021-10-02,1633132800000,4.0699028742e-8,4.0699028742e-8
2021-10-01,1633046400000,3.9499239491e-8,3.9499239491e-8
2021-09-30,1632960000000,4.2944160058e-8,4.2944160058e-8
2021-09-29,1632873600000,4.939434443e-8,4.939434443e-8
2021-09-28,1632787200000,3.7290814744e-8,3.7290814744e-8
2021-09-27,1632700800000,4.1207723035e-8,4.1207723035e-8
2021-09-26,1632614400000,4.7992073429e-8,4.7992073429e-8
2021-09-25,1632528000000,4.4574247708e-8,4.4574247708e-8
2021-09-24,1632441600000,5.5693266928e-8,5.5693266928e-8
2021-09-23,1632355200000,5.2136872762e-8,5.2136872762e-8
2021-09-22,1632268800000,1.06541030902e-7,1.06541030902e-7
2021-09-21,1632182400000,1.34846492107e-7,1.34846492107e-7
2021-09-20,1632096000000,1.40920549057e-7,1.40920549057e-7
2021-09-19,1632009600000,1.08056372223e-7,1.08056372223e-7
2021-09-18,1631923200000,1.12478351295e-7,1.12478351295e-7
2021-09-17,1631836800000,1.13678988736e-7,1.13678988736e-7
2021-09-16,1631750400000,1.38645157707e-7,1.38645157707e-7
2021-09-15,1631664000000,1.2342231597e-7,1.2342231597e-7
2021-09-14,1631577600000,1.12948437368e-7,1.12948437368e-7
2021-09-13,1631491200000,1.30072598965e-7,1.30072598965e-7
2021-09-12,1631404800000,1.4141371948e-7,1.4141371948e-7
2021-09-11,1631318400000,1.42011609397e-7,1.42011609397e-7
2021-09-10,1631232000000,1.50998495157e-7,1.50998495157e-7
2021-09-09,1631145600000,1.24539569722e-7,1.24539569722e-7
2021-09-08,1631059200000,1.21988783733e-7,1.21988783733e-7
2021-09-07,1630972800000,1.4337078311e-7,1.4337078311e-7
2021-09-06,1630886400000,1.04625898141e-7,1.04625898141e-7
2021-09-05,1630800000000,1.01569323899e-7,1.01569323899e-7
2021-09-04,1630713600000,1.05173662594e-7,1.05173662594e-7
2021-09-03,1630627200000,1.07493679293e-7,1.07493679293e-7
2021-09-02,1630540800000,1.20526514129e-7,1.20526514129e-7
2021-09-01,1630454400000,1.10200500396e-7,1.10200500396e-7
2021-08-31,1630368000000,1.21121121607e-7,1.21121121607e-7
2021-08-30,1630281600000,1.25181622367e-7,1.25181622367e-7
2021-08-29,1630195200000,1.14538809848e-7,1.14538809848e-7
2021-08-28,1630108800000,1.44742302516e-7,1.44742302516e-7
2021-08-27,1630022400000,1.62135889023e-7,1.62135889023e-7
2021-08-26,1629936000000,1.3160500458e-7,1.3160500458e-7
2021-08-25,1629849600000,1.34451626058e-7,1.34451626058e-7
2021-08-24,1629763200000,1.86571626653e-7,1.86571626653e-7
2021-08-23,1629676800000,2.13538789902e-7,2.13538789902e-7
2021-08-22,1629590400000,2.14961851613e-7,2.14961851613e-7
2021-08-21,1629504000000,2.13476401174e-7,2.13476401174e-7
2021-08-20,1629417600000,2.15240084237e-7,2.15240084237e-7
2021-08-19,1629331200000,2.14033467148e-7,2.14033467148e-7
2021-08-18,1629244800000,2.11065972508e-7,2.11065972508e-7
2021-08-17,1629158400000,2.06142165449e-7,2.06142165449e-7
2021-08-16,1629072000000,2.0754964569e-7,2.0754964569e-7
2021-08-15,1628985600000,2.07526782136e-7,2.07526782136e-7
2021-08-14,1628899200000,2.12991896937e-7,2.12991896937e-7
2021-08-13,1628812800000,2.1493060173e-7,2.1493060173e-7
2021-08-12,1628726400000,2.15342509491e-7,2.15342509491e-7
2021-08-11,1628640000000,2.19246134134e-7,2.19246134134e-7
2021-08-10,1628553600000,2.16145050519e-7,2.16145050519e-7
2021-08-09,1628467200000,2.12801594392e-7,2.12801594392e-7
2021-08-08,1628380800000,2.1591151895e-7,2.1591151895e-7
2021-08-07,1628294400000,2.14082711279e-7,2.14082711279e-7
2021-08-06,1628208000000,2.15031851265e-7,2.15031851265e-7
2021-08-05,1628121600000,2.1150987553e-7,2.1150987553e-7
2021-08-04,1628035200000,2.06636317457e-7,2.06636317457e-7
2021-08-03,1627948800000,2.14225003735e-7,2.14225003735e-7
2021-08-02,1627862400000,2.16054311412e-7,2.16054311412e-7
2021-08-01,1627776000000,2.16092681503e-7,2.16092681503e-7
2021-07-31,1627689600000,2.16186332024e-7,2.16186332024e-7
2021-07-30,1627603200000,2.18429183324e-7,2.18429183324e-7
2021-07-29,1627516800000,2.18242339491e-7,2.18242339491e-7
2021-07-28,1627430400000,2.16819548817e-7,2.16819548817e-7
2021-07-27,1627344000000,2.16945595326e-7,2.16945595326e-7
2021-07-26,1627257600000,2.17046715396e-7,2.17046715396e-7
2021-07-25,1627171200000,2.16202848621e-7,2.16202848621e-7
2021-07-24,1627084800000,2.15703646461e-7,2.15703646461e-7
2021-07-23,1626998400000,2.17982120688e-7,2.17982120688e-7
2021-07-22,1626912000000,2.16713202645e-7,2.16713202645e-7
2021-07-21,1626825600000,2.17153451975e-7,2.17153451975e-7
2021-07-20,1626739200000,2.18515882873e-7,2.18515882873e-7
2021-07-19,1626652800000,2.17955406615e-7,2.17955406615e-7
2021-07-18,1626566400000,2.17434667674e-7,2.17434667674e-7
2021-07-17,1626480000000,2.17886294642e-7,2.17886294642e-7
2021-07-16,1626393600000,2.17454515496e-7,2.17454515496e-7
2021-07-15,1626307200000,2.17773582683e-7,2.17773582683e-7
2021-07-14,1626220800000,2.17365179155e-7,2.17365179155e-7
2021-07-13,1626134400000,2.17517517477e-7,2.17517517477e-7
2021-07-12,1626048000000,2.17032958029e-7,2.17032958029e-7
2021-07-11,1625961600000,2.17350570095e-7,2.17350570095e-7
2021-07-10,1625875200000,2.18353029022e-7,2.18353029022e-7
2021-07-09,1625788800000,2.17224206527e-7,2.17224206527e-7
2021-07-08,1625702400000,2.17966521537e-7,2.17966521537e-7
2021-07-07,1625616000000,2.18101483727e-7,2.18101483727e-7
2021-07-06,1625529600000,2.17742555666e-7,2.17742555666e-7
2021-07-05,1625443200000,2.1613310879e-7,2.1613310879e-7
2021-07-04,1625356800000,2.15474759036e-7,2.15474759036e-7
2021-07-03,1625270400000,2.18731415364e-7,2.18731415364e-7
2021-07-02,1625184000000,2.1567272023e-7,2.1567272023e-7
2021-07-01,1625097600000,2.15205295791e-7,2.15205295791e-7
2021-06-30,1625011200000,2.14310858909e-7,2.14310858909e-7
2021-06-29,1624924800000,2.16304539424e-7,2.16304539424e-7
2021-06-28,1624838400000,2.15444316194e-7,2.15444316194e-7
2021-06-27,1624752000000,2.1855989159e-7,2.1855989159e-7
2021-06-26,1624665600000,2.19937921961e-7,2.19937921961e-7
2021-06-25,1624579200000,2.2006365224e-7,2.2006365224e-7
2021-06-24,1624492800000,2.17937372322e-7,2.17937372322e-7
2021-06-23,1624406400000,2.17229751766e-7,2.17229751766e-7
2021-06-22,1624320000000,2.16491050434e-7,2.16491050434e-7
2021-06-21,1624233600000,2.13939737451e-7,2.13939737451e-7
2021-06-20,1624147200000,2.13468049714e-7,2.13468049714e-7
2021-06-19,1624060800000,2.13816285498e-7,2.13816285498e-7
2021-06-18,1623974400000,2.13410265949e-7,2.13410265949e-7
2021-06-17,1623888000000,2.1232757415e-7,2.1232757415e-7
2021-06-16,1623801600000,2.15737843778e-7,2.15737843778e-7
2021-06-15,1623715200000,2.12429666685e-7,2.12429666685e-7
2021-06-14,1623628800000,2.14390585743e-7,2.14390585743e-7
2021-06-13,1623542400000,2.12792276611e-7,2.12792276611e-7
2021-06-12,1623456000000,2.13441667983e-7,2.13441667983e-7
2021-06-11,1623369600000,2.13728965199e-7,2.13728965199e-7
2021-06-10,1623283200000,2.14573942979e-7,2.14573942979e-7
2021-06-09,1623196800000,2.12325969361e-7,2.12325969361e-7
2021-06-08,1623110400000,2.13541299758e-7,2.13541299758e-7
2021-06-07,1623024000000,2.12348928978e-7,2.12348928978e-7
2021-06-06,1622937600000,2.1282430287e-7,2.1282430287e-7
2021-06-05,1622851200000,2.14011228204e-7,2.14011228204e-7
2021-06-04,1622764800000,2.13699363935e-7,2.13699363935e-7
2021-06-03,1622678400000,2.09508412758e-7,2.09508412758e-7
2021-06-02,1622592000000,2.06429499565e-7,2.06429499565e-7
2021-06-01,1622505600000,2.04405827946e-7,2.04405827946e-7
2021-05-31,1622419200000,2.13093147783e-7,2.13093147783e-7
2021-05-30,1622332800000,2.12635205981e-7,2.12635205981e-7
2021-05-29,1622246400000,2.12620010068e-7,2.12620010068e-7
2021-05-28,1622160000000,2.1662899382e-7,2.1662899382e-7
2021-05-27,1622073600000,2.18659809532e-7,2.18659809532e-7
2021-05-26,1621987200000,2.1622390083e-7,2.1622390083e-7
2021-05-25,1621900800000,2.17999962451e-7,2.17999962451e-7
2021-05-24,1621814400000,2.18131978173e-7,2.18131978173e-7
2021-05-23,1621728000000,2.21821204362e-7,2.21821204362e-7
2021-05-22,1621641600000,2.18352187092e-7,2.18352187092e-7
2021-05-21,1621555200000,2.17510363051e-7,2.17510363051e-7
2021-05-20,1621468800000,2.18930626781e-7,2.18930626781e-7
2021-05-19,1621382400000,2.19588789382e-7,2.19588789382e-7
2021-05-18,1621296000000,2.14135767236e-7,2.14135767236e-7
2021-05-17,1621209600000,2.16898074804e-7,2.16898074804e-7
2021-05-16,1621123200000,2.1211222925e-7,2.1211222925e-7
2021-05-15,1621036800000,2.09964227795e-7,2.09964227795e-7
2021-05-14,1620950400000,2.47133977504e-7,2.47133977504e-7
2021-05-13,1620864000000,2.03281215425e-7,2.03281215425e-7
2021-05-12,1620777600000,2.11278800726e-7,2.11278800726e-7
2021-05-11,1620691200000,2.10761620872e-7,2.10761620872e-7
2021-05-10,1620604800000,2.13601879473e-7,2.13601879473e-7
2021-05-09,1620518400000,2.11877261115e-7,2.11877261115e-7
2021-05-08,1620432000000,2.10802342947e-7,2.10802342947e-7
2021-05-07,1620345600000,2.08414745824e-7,2.08414745824e-7
2021-05-06,1620259200000,2.16500407187e-7,2.16500407187e-7
2021-05-05,1620172800000,2.15302663522e-7,2.15302663522e-7
2021-05-04,1620086400000,2.14504775837e-7,2.14504775837e-7
2021-05-03,1620000000000,2.11411575597e-7,2.11411575597e-7
2021-05-02,1619913600000,2.06339103698e-7,2.06339103698e-7
2021-05-01,1619827200000,2.0331095163e-7,2.0331095163e-7
2021-04-30,1619740800000,1.97686791228e-7,1.97686791228e-7
2021-04-29,1619654400000,2.00102094428e-7,2.00102094428e-7
2021-04-28,1619568000000,2.0611795129e-7,2.0611795129e-7
2021-04-27,1619481600000,2.12624935088e-7,2.12624935088e-7
2021-04-26,1619395200000,2.14031230054e-7,2.14031230054e-7
2021-04-25,1619308800000,2.17319904482e-7,2.17319904482e-7
2021-04-24,1619222400000,2.17416910958e-7,2.17416910958e-7
2021-04-23,1619136000000,2.17197050824e-7,2.17197050824e-7
2021-04-22,1619049600000,2.17524663053e-7,2.17524663053e-7
2021-04-21,1618963200000,2.19224323068e-7,2.19224323068e-7
2021-04-20,1618876800000,2.19999190527e-7,2.19999190527e-7
2021-04-19,1618790400000,2.18457146484e-7,2.18457146484e-7
2021-04-18,1618704000000,2.20163114302e-7,2.20163114302e-7
2021-04-17,1618617600000,2.16761282765e-7,2.16761282765e-7
2021-04-16,1618531200000,2.17799577443e-7,2.17799577443e-7
2021-04-15,1618444800000,2.18183361097e-7,2.18183361097e-7
2021-04-14,1618358400000,2.15365603257e-7,2.15365603257e-7
2021-04-13,1618272000000,2.18468258887e-7,2.18468258887e-7
2021-04-12,1618185600000,2.16816165599e-7,2.16816165599e-7
2021-04-11,1618099200000,2.17654099491e-7,2.17654099491e-7
2021-04-10,1618012800000,2.18287526117e-7,2.18287526117e-7
2021-04-09,1617926400000,2.17908635473e-7,2.17908635473e-7
2021-04-08,1617840000000,2.19827852632e-7,2.19827852632e-7
2021-04-07,1617753600000,2.17593428591e-7,2.17593428591e-7
2021-04-06,1617667200000,2.17711376104e-7,2.17711376104e-7
2021-04-05,1617580800000,2.18447922457e-7,2.18447922457e-7
2021-04-04,1617494400000,2.17908225918e-7,2.17908225918e-7
2021-04-03,1617408000000,2.19246216825e-7,2.19246216825e-7
2021-04-02,1617321600000,2.19762514952e-7,2.19762514952e-7
2021-04-01,1617235200000,2.3338889184e-7,2.3338889184e-7
2021-03-31,1617148800000,3.0549588759e-7,3.0549588759e-7
2021-03-30,1617062400000,4.51557365578e-7,4.51557365578e-7
2021-03-29,1616976000000,4.52339936806e-7,4.52339936806e-7
2021-03-28,1616889600000,4.57355976197e-7,4.57355976197e-7
2021-03-27,1616803200000,4.50152553991e-7,4.50152553991e-7
2021-03-26,1616716800000,4.43216252911e-7,4.43216252911e-7
2021-03-25,1616630400000,4.43666742035e-7,4.43666742035e-7
2021-03-24,1616544000000,4.40438739545e-7,4.40438739545e-7
2021-03-23,1616457600000,4.39120183437e-7,4.39120183437e-7
2021-03-22,1616371200000,4.3119828891e-7,4.3119828891e-7
2021-03-21,1616284800000,4.43627816211e-7,4.43627816211e-7
2021-03-20,1616198400000,4.42772233785e-7,4.42772233785e-7
2021-03-19,1616112000000,4.41521490541e-7,4.41521490541e-7
2021-03-18,1616025600000,4.40342162175e-7,4.40342162175e-7
2021-03-17,1615939200000,4.37330110402e-7,4.37330110402e-7
2021-03-16,1615852800000,4.35735747009e-7,4.35735747009e-7
2021-03-15,1615766400000,4.37491037875e-7,4.37491037875e-7
2021-03-14,1615680000000,4.35491826093e-7,4.35491826093e-7
2021-03-13,1615593600000,4.39555101396e-7,4.39555101396e-7
2021-03-12,1615507200000,4.38764670368e-7,4.38764670368e-7
2021-03-11,1615420800000,4.34525130872e-7,4.34525130872e-7
2021-03-10,1615334400000,4.33169225285e-7,4.33169225285e-7
2021-03-09,1615248000000,4.34117172296e-7,4.34117172296e-7
2021-03-08,1615161600000,4.35561389931e-7,4.35561389931e-7
2021-03-07,1615075200000,4.37033231919e-7,4.37033231919e-7
2021-03-06,1614988800000,4.38469124666e-7,4.38469124666e-7
2021-03-05,1614902400000,4.38845183294e-7,4.38845183294e-7
2021-03-04,1614816000000,4.41633730506e-7,4.41633730506e-7
2021-03-03,1614729600000,4.37883959303e-7,4.37883959303e-7
2021-03-02,1614643200000,4.36320872022e-7,4.36320872022e-7
2021-03-01,1614556800000,4.35308702091e-7,4.35308702091e-7
2021-02-28,1614470400000,4.3014688454e-7,4.3014688454e-7
2021-02-27,1614384000000,4.10139501784e-7,4.10139501784e-7
2021-02-26,1614297600000,3.93743840861e-7,3.93743840861e-7
2021-02-25,1614211200000,3.82609081791e-7,3.82609081791e-7
2021-02-24,1614124800000,3.91803086456e-7,3.91803086456e-7
2021-02-23,1614038400000,4.09295768677e-7,4.09295768677e-7
2021-02-22,1613952000000,4.0599885642e-7,4.0599885642e-7
2021-02-21,1613865600000,3.94028949628e-7,3.94028949628e-7
2021-02-20,1613779200000,3.98810363181e-7,3.98810363181e-7
2021-02-19,1613692800000,4.03075030106e-7,4.03075030106e-7
2021-02-18,1613606400000,4.01561395957e-7,4.01561395957e-7
2021-02-17,1613520000000,3.87416061428e-7,3.87416061428e-7
2021-02-16,1613433600000,4.22402378332e-7,4.22402378332e-7
2021-02-15,1613347200000,4.45778901668e-7,4.45778901668e-7
2021-02-14,1613260800000,4.26935744802e-7,4.26935744802e-7
2021-02-13,1613174400000,4.29250874184e-7,4.29250874184e-7
2021-02-12,1613088000000,4.27297353739e-7,4.27297353739e-7
2021-02-11,1613001600000,4.63731104651e-7,4.63731104651e-7
2021-02-10,1612915200000,4.14201429126e-7,4.14201429126e-7
2021-02-09,1612828800000,4.04215893037e-7,4.04215893037e-7
2021-02-08,1612742400000,4.23940033547e-7,4.23940033547e-7
2021-02-07,1612656000000,4.32038111668e-7,4.32038111668e-7
2021-02-06,1612569600000,4.42973738414e-7,4.42973738414e-7
2021-02-05,1612483200000,4.48797752808e-7,4.48797752808e-7
2021-02-04,1612396800000,4.46673845193e-7,4.46673845193e-7
2021-02-03,1612310400000,4.70906996587e-7,4.70906996587e-7
2021-02-02,1612224000000,4.72153284671e-7,4.72153284671e-7
2021-02-01,1612137600000,3.95265486725e-7,3.95265486725e-7
2021-01-31,1612051200000,4.59541877256e-7,4.59541877256e-7
2021-01-30,1611964800000,4.50533333333e-7,4.50533333333e-7
2021-01-29,1611878400000,2.07649690976e-7,2.07649690976e-7
2021-01-28,1611792000000,2.75567816091e-7,2.75567816091e-7
2021-01-27,1611705600000,3.15956284153e-7,3.15956284153e-7
2021-01-26,1611619200000,4.54539473684e-7,4.54539473684e-7
2021-01-25,1611532800000,4.84843635477e-7,4.84843635477e-7
2021-01-24,1611446400000,2.825e-7,2.825e-7
2021-01-23,1611360000000,2.44301075268e-7,2.44301075268e-7
2021-01-22,1611273600000,3.24924731182e-7,3.24924731182e-7
2021-01-21,1611187200000,3.44545454545e-7,3.44545454545e-7
2021-01-20,1611100800000,3.76e-7,3.76e-7
2021-01-19,1611014400000,3.44666666666e-7,3.44666666666e-7
2021-01-18,1610928000000,3.8e-7,3.8e-7
2021-01-17,1610841600000,3.87675675675e-7,3.87675675675e-7
2021-01-16,1610755200000,3.5e-7,3.5e-7
2021-01-15,1610668800000,3.37435897435e-7,3.37435897435e-7
2021-01-14,1610582400000,3.37435897435e-7,3.37435897435e-7
2021-01-13,1610496000000,2.56363636363e-7,2.56363636363e-7
2021-01-12,1610409600000,4.6694308943e-7,4.6694308943e-7
2021-01-11,1610323200000,4.69426829268e-7,4.69426829268e-7
2021-01-10,1610236800000,2.35e-7,2.35e-7
2021-01-09,1610150400000,4.66835016835e-7,4.66835016835e-7
2021-01-08,1610064000000,4.69755016332e-7,4.69755016332e-7
2021-01-07,1609977600000,4.37906976744e-7,4.37906976744e-7
2021-01-06,1609891200000,4.18913043478e-7,4.18913043478e-7
2021-01-05,1609804800000,1.175e-7,1.175e-7
2021-01-04,1609718400000,3.58095238095e-7,3.58095238095e-7
2021-01-03,1609632000000,4.36428571428e-7,4.36428571428e-7
2021-01-02,1609545600000,3.97692307692e-7,3.97692307692e-7
2021-01-01,1609459200000,4.68498920086e-7,4.68498920086e-7
2020-12-31,1609372800000,4.69781547757e-7,4.69781547757e-7
2020-12-30,1609286400000,4.68652571223e-7,4.68652571223e-7
2020-12-29,1609200000000,4.69401369208e-7,4.69401369208e-7
2020-12-28,1609113600000,4.69152078774e-7,4.69152078774e-7
2020-12-27,1609027200000,2.01428571428e-7,2.01428571428e-7
2020-12-24,1608768000000,2.425e-7,2.425e-7
2020-12-23,1608681600000,2.82e-7,2.82e-7
2020-12-22,1608595200000,4.67866736897e-7,4.67866736897e-7
2020-12-21,1608508800000,4.68386014204e-7,4.68386014204e-7
2020-12-20,1608422400000,4.6722497178e-7,4.6722497178e-7
2020-12-19,1608336000000,4.39070100143e-7,4.39070100143e-7
2020-12-18,1608249600000,4.58025477707e-7,4.58025477707e-7
2020-12-17,1608163200000,2.82e-7,2.82e-7
2020-12-16,1608076800000,4.08157894736e-7,4.08157894736e-7
2020-12-14,1607904000000,3.525e-7,3.525e-7
2020-12-13,1607817600000,3.84545454545e-7,3.84545454545e-7
2020-12-11,1607644800000,3.525e-7,3.525e-7
2020-12-10,1607558400000,3.25384615384e-7,3.25384615384e-7
2020-12-09,1607472000000,4.63138686131e-7,4.63138686131e-7
2020-12-08,1607385600000,4.43142857142e-7,4.43142857142e-7
2020-12-07,1607299200000,4.58674698795e-7,4.58674698795e-7
2020-12-06,1607212800000,4.37454545454e-7,4.37454545454e-7
2020-12-05,1607126400000,2.82e-7,2.82e-7
2020-12-03,1606953600000,0,0
2020-12-01,1606780800000,0,0
2020-11-29,1606608000000,4.02857142857e-7,4.02857142857e-7
2020-11-28,1606521600000,4.54838709677e-7,4.54838709677e-7
2020-11-26,1606348800000,3.65555555555e-7,3.65555555555e-7
2020-11-23,1606089600000,3.525e-7,3.525e-7
2020-11-20,1605830400000,4.25294117647e-7,4.25294117647e-7
2020-11-19,1605744000000,3.84545454545e-7,3.84545454545e-7
2020-11-18,1605657600000,3.52875e-7,3.52875e-7
2020-11-17,1605571200000,4.29130434782e-7,4.29130434782e-7
2020-11-16,1605484800000,3.525e-7,3.525e-7
2020-11-14,1605312000000,3.525e-7,3.525e-7
2020-11-13,1605225600000,4.37407407407e-7,4.37407407407e-7
2020-11-12,1605139200000,4.54590163934e-7,4.54590163934e-7
2020-11-11,1605052800000,4.18857142857e-7,4.18857142857e-7
2020-11-10,1604966400000,4.43142857142e-7,4.43142857142e-7
2020-11-09,1604880000000,4.19189189189e-7,4.19189189189e-7
2020-11-08,1604793600000,3.84545454545e-7,3.84545454545e-7
2020-11-06,1604620800000,3.84545454545e-7,3.84545454545e-7
2020-11-05,1604534400000,4.23e-7,4.23e-7
2020-11-04,1604448000000,3.525e-7,3.525e-7
2020-11-03,1604361600000,4.025e-7,4.025e-7
2020-11-02,1604275200000,4.4e-7,4.4e-7
2020-11-01,1604188800000,3.84545454545e-7,3.84545454545e-7
2020-10-30,1604016000000,3.97363636363e-7,3.97363636363e-7
2020-10-29,1603929600000,8.1075e-7,8.1075e-7
2020-10-28,1603843200000,4.45263157894e-7,4.45263157894e-7
2020-10-27,1603756800000,4.33846153846e-7,4.33846153846e-7
2020-10-23,1603411200000,3.948e-7,3.948e-7
2020-10-22,1603324800000,3.525e-7,3.525e-7
2020-10-21,1603238400000,3.20454545454e-7,3.20454545454e-7
2020-10-20,1603152000000,3.73235294117e-7,3.73235294117e-7
2020-10-19,1603065600000,2.06341463414e-7,2.06341463414e-7
2020-10-18,1602979200000,3.525e-7,3.525e-7
2020-10-17,1602892800000,4.60105263157e-7,4.60105263157e-7
2020-10-16,1602806400000,1.41e-7,1.41e-7
2020-10-15,1602720000000,4.40625e-7,4.40625e-7
2020-10-14,1602633600000,4.07333333333e-7,4.07333333333e-7
2020-10-13,1602547200000,3.972e-7,3.972e-7
2020-10-12,1602460800000,3.13333333333e-7,3.13333333333e-7
2020-10-11,1602374400000,2.56363636363e-7,2.56363636363e-7
2020-10-08,1602115200000,4.56557377049e-7,4.56557377049e-7
2020-10-07,1602028800000,4.44731182795e-7,4.44731182795e-7
2020-10-06,1601942400000,4.02857142857e-7,4.02857142857e-7
2020-10-05,1601856000000,0,0
2020-10-04,1601769600000,4.17777777777e-7,4.17777777777e-7
2020-10-03,1601683200000,2.82e-7,2.82e-7
2020-10-02,1601596800000,3.18387096774e-7,3.18387096774e-7
2020-10-01,1601510400000,4.6198224852e-7,4.6198224852e-7
2020-09-30,1601424000000,4.06629213483e-7,4.06629213483e-7
2020-09-29,1601337600000,3.65555555555e-7,3.65555555555e-7
2020-09-28,1601251200000,1.56666666666e-7,1.56666666666e-7
2020-09-27,1601164800000,2.01428571428e-7,2.01428571428e-7
2020-09-25,1600992000000,2.56363636363e-7,2.56363636363e-7
2020-09-24,1600905600000,1.56666666666e-7,1.56666666666e-7
2020-09-23,1600819200000,2.16923076923e-7,2.16923076923e-7