date,unix_timestamp,Snowtrace - Fees,C-Chain
2025-01-01,1735689600000,7388.193896738308,77.45683004004404
2024-12-31,1735603200000,14352.473084159796,203.91082909590372
2024-12-30,1735516800000,16116.752815652302,292.3558554696097
2024-12-29,1735430400000,13806.499672460643,161.88510124226153
2024-12-28,1735344000000,14740.864904501364,166.1466022764987
2024-12-27,1735257600000,16093.096921614437,263.25992660854763
2024-12-26,1735171200000,14704.318938755881,227.77125475698463
2024-12-25,1735084800000,13950.687428785044,223.46166400874972
2024-12-24,1734998400000,13174.850742347997,275.75188909247805
2024-12-23,1734912000000,16206.388274873225,426.81557400883423
2024-12-22,1734825600000,14502.489093517486,328.1681277122157
2024-12-21,1734739200000,14561.020805208349,371.49159299807815
2024-12-20,1734652800000,18485.063080082975,752.2605380153171
2024-12-19,1734566400000,18057.629594908063,994.9142912524409
2024-12-18,1734480000000,15207.543477189678,1082.236177565946
2024-12-17,1734393600000,14223.459195835047,390.75212324213715
2024-12-16,1734307200000,15930.92039410466,1032.47063777229
2024-12-15,1734220800000,13060.292210871761,1148.080968002008
2024-12-14,1734134400000,14052.82504083559,1034.8427295518572
2024-12-13,1734048000000,18383.912019425843,1406.7847254881522
2024-12-12,1733961600000,18624.05229098126,1899.3696692161207
2024-12-11,1733875200000,16346.049171210092,1422.2507857586784
2024-12-10,1733788800000,19516.52033292031,2070.725169766003
2024-12-09,1733702400000,22767.940245863047,5037.723711963387
2024-12-08,1733616000000,14871.078495364347,1166.1303058575127
2024-12-07,1733529600000,15211.726388321407,1237.241099240172
2024-12-06,1733443200000,16942.222148798835,1525.1472225290552
2024-12-05,1733356800000,19488.533514360883,2086.269829667462
2024-12-04,1733270400000,25711.02609980521,2445.725528690905
2024-12-03,1733184000000,29402.41845262407,2327.8695403888387
2024-12-02,1733097600000,30608.946504352054,2753.159010427834
2024-12-01,1733011200000,23677.050661079065,1306.558693773288
2024-11-30,1732924800000,26076.076304213442,1299.080721105348
2024-11-29,1732838400000,25218.5285003148,1306.088012757865
2024-11-28,1732752000000,26498.481458040762,1201.2607794794048
2024-11-27,1732665600000,28222.640756653855,1939.1172035457014
2024-11-26,1732579200000,25457.821714530146,1858.8528620195914
2024-11-25,1732492800000,28000.83873508153,2230.6802783758876
2024-11-24,1732406400000,71432.13190562539,1621.8212121392642
2024-11-23,1732320000000,51626.78463591449,1998.59711659455
2024-11-22,1732233600000,55914.22129773667,1821.279899376193
2024-11-21,1732147200000,62019.99587703717,1403.2129831128602
2024-11-20,1732060800000,54734.259768712735,1234.3780203505266
2024-11-19,1731974400000,50486.24319006489,1106.2656796713359
2024-11-18,1731888000000,63934.0892664244,1210.559785062616
2024-11-17,1731801600000,54891.15911310893,1412.5507234817683
2024-11-16,1731715200000,68452.97325169411,1221.413395022349
2024-11-15,1731628800000,89772.62024436564,1178.704523268669
2024-11-14,1731542400000,77258.73940626354,1356.5323094511814
2024-11-13,1731456000000,57077.09771821407,1945.9067268711844
2024-11-12,1731369600000,37041.677626866316,2293.8241607703844
2024-11-11,1731283200000,36918.60157862993,1814.1719117761272
2024-11-10,1731196800000,32335.229570590993,1551.8342205010765
2024-11-09,1731110400000,32253.673120087966,1136.4190215123656
2024-11-08,1731024000000,40594.494120931035,1147.9171758127736
2024-11-07,1730937600000,33762.572226264405,1161.3677401710265
2024-11-06,1730851200000,37308.60038118753,1428.9599282593767
2024-11-05,1730764800000,35437.4334815073,936.2932591582374
2024-11-04,1730678400000,32447.288861545076,953.7149974970849
2024-11-03,1730592000000,30845.61104278994,939.1509796600003
2024-11-02,1730505600000,30656.375822371407,702.2791815238207
2024-11-01,1730419200000,32650.503102550923,922.4303860947558
2024-10-31,1730332800000,30823.494752589173,892.582150464153
2024-10-30,1730246400000,34053.26622415211,1004.7017056635455
2024-10-29,1730160000000,36671.733604323024,1049.6319036796438
2024-10-28,1730073600000,32215.553280941673,1001.0193019416673
2024-10-27,1729987200000,27727.228491955117,699.8594036391395
2024-10-26,1729900800000,29121.10221424263,782.705727014175
2024-10-25,1729814400000,33033.776190484015,1154.9139257191287
2024-10-24,1729728000000,31261.04722894499,989.5933014474897
2024-10-23,1729641600000,33433.708929613174,1094.7418734756495
2024-10-22,1729555200000,31626.44875685474,929.4846017209212
2024-10-21,1729468800000,28867.532862228054,961.6337410802305
2024-10-20,1729382400000,28867.702244268297,704.931651888602
2024-10-19,1729296000000,28741.924206013777,619.2027658215754
2024-10-18,1729209600000,33121.472742295875,754.0106679419753
2024-10-17,1729123200000,30929.091517246863,793.6349948408513
2024-10-16,1729036800000,48606.5714310643,870.7088808757823
2024-10-15,1728950400000,31981.23768540558,1021.7694852203181
2024-10-14,1728864000000,31187.485929447925,929.9977837663046
2024-10-13,1728777600000,26728.254715604184,791.3010879201306
2024-10-12,1728691200000,30275.833574966608,898.9513194473152
2024-10-11,1728604800000,24187.27357545832,844.6867185656599
2024-10-10,1728518400000,28595.779838587743,786.3769865403673
2024-10-09,1728432000000,32635.408806577736,863.7032920343158
2024-10-08,1728345600000,32827.132394852146,798.8952204194001
2024-10-07,1728259200000,28803.194860044205,808.2620265296372
2024-10-06,1728172800000,31032.731116298797,671.6048318535143
2024-10-05,1728086400000,30330.731045641645,575.1418002407734
2024-10-04,1728000000000,32101.15173083033,802.0090732875727
2024-10-03,1727913600000,28138.86623322247,932.0261610744186
2024-10-02,1727827200000,30874.99608694223,987.9225916159925
2024-10-01,1727740800000,31975.479266039794,1150.467142794061
2024-09-30,1727654400000,28275.091619657433,871.589343986147
2024-09-29,1727568000000,25217.023123221035,674.4461939122522
2024-09-28,1727481600000,26711.645582319805,693.0898835519841
2024-09-27,1727395200000,31852.171795928356,911.7882565805804
2024-09-26,1727308800000,29191.647079728966,929.484845268911
2024-09-25,1727222400000,29510.534328003003,856.0458272437023
2024-09-24,1727136000000,28453.190562663083,815.6571415340452
2024-09-23,1727049600000,25198.43714780165,847.0909433146552
2024-09-22,1726963200000,23166.099910327237,675.106996730852
2024-09-21,1726876800000,27389.343109847945,711.5107709217949
2024-09-20,1726790400000,28887.859561109657,1118.8871425174561
2024-09-19,1726704000000,54816.2259976834,1011.257976453836
2024-09-18,1726617600000,50043.84462575987,927.1653093320066
2024-09-17,1726531200000,36063.6603488566,888.5951519895754
2024-09-16,1726444800000,24234.22538967531,903.5198574072504
2024-09-15,1726358400000,20911.335095196766,688.1266499190215
2024-09-14,1726272000000,23257.935516461304,651.4141049549339
2024-09-13,1726185600000,27213.307764195313,845.9060508937971
2024-09-12,1726099200000,24376.293479393575,751.508585951937
2024-09-11,1726012800000,23604.811876226773,810.749792673998
2024-09-10,1725926400000,24176.864130289727,686.9031738547397
2024-09-09,1725840000000,23191.135468535416,790.2697834055066
2024-09-08,1725753600000,21664.89409152512,715.2268618365479
2024-09-07,1725667200000,20733.93506080931,625.2129478852836
2024-09-06,1725580800000,26896.59553967299,1064.49003053398
2024-09-05,1725494400000,26218.537427280902,712.5810893167948
2024-09-04,1725408000000,27304.348353012087,888.6341966683153
2024-09-03,1725321600000,24575.7492671298,744.8269869579309
2024-09-02,1725235200000,23161.09684073671,683.2937259709655
2024-09-01,1725148800000,22099.314020555572,866.1348043346462
2024-08-31,1725062400000,26003.444964790113,569.4812975651641
2024-08-30,1724976000000,27195.560062455523,817.9502579354455
2024-08-29,1724889600000,24315.236871142013,815.7234897536231
2024-08-28,1724803200000,25646.411530921006,963.6388134086307
2024-08-27,1724716800000,25720.90711384751,1024.1388003976313
2024-08-26,1724630400000,24321.576331389067,882.0904439355566
2024-08-25,1724544000000,22705.315364485406,742.1112641483323
2024-08-24,1724457600000,23108.640278727777,919.3463951827571
2024-08-23,1724371200000,27086.0954397492,1104.8787736611737
2024-08-22,1724284800000,26156.93676970477,1117.6949717008365
2024-08-21,1724198400000,30651.273548006888,961.4145507142656
2024-08-20,1724112000000,26595.785747594342,806.1779204555639
2024-08-19,1724025600000,23383.025852716062,655.6337863920688
2024-08-18,1723939200000,21148.912670890782,537.7473280346323
2024-08-17,1723852800000,21545.626553383285,431.83544780567064
2024-08-16,1723766400000,25061.46890111919,666.725934367399
2024-08-15,1723680000000,26019.65178554251,851.0663704820962
2024-08-14,1723593600000,27559.07080029807,802.2329030233448
2024-08-13,1723507200000,32585.92782969773,648.6103439210043
2024-08-12,1723420800000,24719.586002582917,866.3226558964853
2024-08-11,1723334400000,24301.371597044217,666.654538972506
2024-08-10,1723248000000,21190.823043267083,541.9927648954821
2024-08-09,1723161600000,26306.81057613198,871.9663013100621
2024-08-08,1723075200000,26642.05712744595,912.1813140626717
2024-08-07,1722988800000,32348.384400348914,913.6225118295253
2024-08-06,1722902400000,32894.91824918044,1115.5000580095293
2024-08-05,1722816000000,45669.13348158181,8399.16238423962
2024-08-04,1722729600000,32194.311282797502,1098.294222964291
2024-08-03,1722643200000,27271.686486643204,905.9192018449828
2024-08-02,1722556800000,30998.40235190752,985.992221784481
2024-08-01,1722470400000,30360.2076808249,944.4430654424524
2024-07-31,1722384000000,31914.1974480996,872.6228831573302
2024-07-30,1722297600000,28803.34117309905,721.2545464400328
2024-07-29,1722211200000,26078.544931660464,865.4904860972017
2024-07-28,1722124800000,25103.047968607625,570.0633499404033
2024-07-27,1722038400000,26796.45891311255,751.2385086679956
2024-07-26,1721952000000,28593.936585654323,868.8206153787496
2024-07-25,1721865600000,30658.238620149536,1129.059409073543
2024-07-24,1721779200000,30440.779183031853,957.0789112088146
2024-07-23,1721692800000,31457.313665180278,967.5936072634753
2024-07-22,1721606400000,47490.55782229722,1056.0795466546315
2024-07-21,1721520000000,51396.73327822973,1252.5353294287502
2024-07-20,1721433600000,47528.28958721397,755.2982025473545
2024-07-19,1721347200000,38242.715143144036,839.9347540901551
2024-07-18,1721260800000,31341.112719711455,854.4994058581553
2024-07-17,1721174400000,56891.253153371574,1436.9760983795748
2024-07-16,1721088000000,50219.77277851753,990.3012794902769
2024-07-15,1721001600000,37291.82307049176,804.1072641280124
2024-07-14,1720915200000,24442.125160941214,572.7669814751895
2024-07-13,1720828800000,24980.845324260135,615.989382310509
2024-07-12,1720742400000,43954.91660057737,637.7330862881461
2024-07-11,1720656000000,28312.99770426053,725.4897945839588
2024-07-10,1720569600000,29190.960042995397,645.3770212813125
2024-07-09,1720483200000,32112.24408013369,721.9785598675252
2024-07-08,1720396800000,29935.115096381272,974.9791140520244
2024-07-07,1720310400000,25549.07271237367,928.241703463251
2024-07-06,1720224000000,28222.362782220436,625.6972237100135
2024-07-05,1720137600000,34235.26944914394,1794.5309854952461
2024-07-04,1720051200000,31593.871330552898,859.0615034162586
2024-07-03,1719964800000,32183.492836946876,805.9292389592515
2024-07-02,1719878400000,33328.1931598081,838.7762353715789
2024-07-01,1719792000000,27438.952097256002,810.4421169263899
2024-06-30,1719705600000,26418.70960196628,606.5161395175785
2024-06-29,1719619200000,29054.26288744241,523.4553328590381
2024-06-28,1719532800000,31423.037356131892,675.6875494533688
2024-06-27,1719446400000,32234.171156724828,736.2415417659649
2024-06-26,1719360000000,30607.068439855295,666.7578144166148
2024-06-25,1719273600000,49599.267592722026,665.2367900559938
2024-06-24,1719187200000,25217.785621734478,968.8885252640019
2024-06-23,1719100800000,20929.974781382894,766.2862321169472
2024-06-22,1719014400000,23980.684914931036,1028.33001366837
2024-06-21,1718928000000,22104.43810716504,802.8255709941739
2024-06-20,1718841600000,21596.575667453,964.6152870838282
2024-06-19,1718755200000,21788.664501446005,667.1506688139137
2024-06-18,1718668800000,26485.25094953522,1259.6152103272507
2024-06-17,1718582400000,27561.102797297146,796.2278035815583
2024-06-16,1718496000000,25543.35263180596,437.3029266643979
2024-06-15,1718409600000,25804.595469436445,455.2136231843728
2024-06-14,1718323200000,25323.67655742669,791.6511466142108
2024-06-13,1718236800000,25211.970995455817,643.8259666004193
2024-06-12,1718150400000,23698.632456624975,824.8706456285096
2024-06-11,1718064000000,24087.89601023425,844.9485127203791
2024-06-10,1717977600000,26353.664368571583,674.1970405750243
2024-06-09,1717891200000,25437.649027369243,489.7207621130392
2024-06-08,1717804800000,25205.96350509976,531.234872458832
2024-06-07,1717718400000,24956.918159737263,1674.9105840190316
2024-06-06,1717632000000,24064.848608479537,607.7213265697503
2024-06-05,1717545600000,24514.02818834775,734.7831665438648
2024-06-04,1717459200000,31565.94526338779,655.0970554521169
2024-06-03,1717372800000,34607.73162791744,693.1708779286819
2024-06-02,1717286400000,35666.59444534372,551.5190233812639
2024-06-01,1717200000000,35770.64723960962,534.5470732237707
2024-05-31,1717113600000,38409.627029279894,737.9560977120732
2024-05-30,1717027200000,36575.75291790071,781.0470797237118
2024-05-29,1716940800000,34150.41297478569,670.9573492823052
2024-05-28,1716854400000,30227.829633899328,699.7874355434344
2024-05-27,1716768000000,27083.865393379714,662.4572263951139
2024-05-26,1716681600000,27892.94983959488,561.4927623421637
2024-05-25,1716595200000,28407.654729691832,538.7144099705391
2024-05-24,1716508800000,29464.01442750947,722.8215646622118
2024-05-23,1716422400000,29308.955943437333,1145.101246981856
2024-05-22,1716336000000,26503.89519377617,826.9535504293663
2024-05-21,1716249600000,27954.1858159404,983.4757585680693
2024-05-20,1716163200000,26952.068677059546,934.9985970211316
2024-05-19,1716076800000,26690.863065831873,586.2860340647542
2024-05-18,1715990400000,29848.5503812774,759.9446142714569
2024-05-17,1715904000000,28049.63404982014,804.9709087053961
2024-05-16,1715817600000,24739.019037861704,816.613290464297
2024-05-15,1715731200000,25891.103921798338,840.3796773825238
2024-05-14,1715644800000,26550.2329770312,804.9453039676367
2024-05-13,1715558400000,30871.012697592592,821.8651896487368
2024-05-12,1715472000000,22995.721744699364,559.1931885736036
2024-05-11,1715385600000,25615.841592441757,707.725886539538
2024-05-10,1715299200000,25627.965300457206,1018.771944067068
2024-05-09,1715212800000,27204.138540416203,945.6066592119016
2024-05-08,1715126400000,31542.251879751766,917.6381443419125
2024-05-07,1715040000000,30857.2395700024,733.8645292269275
2024-05-06,1714953600000,30970.77323471286,879.7815441346517
2024-05-05,1714867200000,23852.768621699426,694.870472368811
2024-05-04,1714780800000,27639.561321030294,821.0639944888992
2024-05-03,1714694400000,29704.20589176033,798.8891953054645
2024-05-02,1714608000000,30664.645784004606,858.450294806977
2024-05-01,1714521600000,29772.164858799508,1348.7051360315038
2024-04-30,1714435200000,26589.4892592113,1286.1196146343866
2024-04-29,1714348800000,26261.84879512231,1181.3535202612902
2024-04-28,1714262400000,24704.137285675948,1022.9387134776604
2024-04-27,1714176000000,24726.68261852158,1100.0021925552496
2024-04-26,1714089600000,27591.885997331232,1114.1515874246827
2024-04-25,1714003200000,25783.944795955576,1133.0852909026362
2024-04-24,1713916800000,30283.069101702433,1209.337470332185
2024-04-23,1713830400000,43473.371929171764,1067.6378009315881
2024-04-22,1713744000000,31961.14767964108,1359.4586621692622
2024-04-21,1713657600000,27650.342636001675,940.3181478162394
2024-04-20,1713571200000,31118.637753213203,1090.7795217882115
2024-04-19,1713484800000,31139.517192232892,1260.3787687904614
2024-04-18,1713398400000,30880.84653518581,1262.0614482383746
2024-04-17,1713312000000,32147.97416992523,1447.670808151727
2024-04-16,1713225600000,32632.493021833878,1396.240131879194
2024-04-15,1713139200000,29633.3122694263,1565.312342050748
2024-04-14,1713052800000,30029.046826290236,1691.5105888985843
2024-04-13,1712966400000,40244.91162102327,7636.723839977223
2024-04-12,1712880000000,32249.575975170217,4946.691158236913
2024-04-11,1712793600000,30439.597561932118,1270.4717402538022
2024-04-10,1712707200000,34905.77376827986,1326.555695433915
2024-04-09,1712620800000,34799.03093179657,1389.7737754752866
2024-04-08,1712534400000,35093.923879659575,1289.93362389125
2024-04-07,1712448000000,33353.93137539726,1165.4769667713135
2024-04-06,1712361600000,27504.228416053233,1329.7071330977217
2024-04-05,1712275200000,35985.77958879853,1328.1405054209008
2024-04-04,1712188800000,35280.85574896293,1402.4998713896193
2024-04-03,1712102400000,34499.170754854065,1314.0753824634537
2024-04-02,1712016000000,40635.73648530969,1688.7874407550873
2024-04-01,1711929600000,38339.71996471569,1679.5061603621368
2024-03-31,1711843200000,37825.69266715081,1138.7087142325918
2024-03-30,1711756800000,37204.21958768973,1236.6390488210252
2024-03-29,1711670400000,37746.5919024567,1486.5445430622278
2024-03-28,1711584000000,62747.83070923123,1827.37391769409
2024-03-27,1711497600000,38280.91626112243,1693.777350300146
2024-03-26,1711411200000,38028.24123676526,1826.2079949102201
2024-03-25,1711324800000,39736.54071142221,1812.3216929500998
2024-03-24,1711238400000,38382.53314054342,1681.6540583487697
2024-03-23,1711152000000,38921.9994748567,1385.449596791074
2024-03-22,1711065600000,34587.26022077119,1944.5837432947148
2024-03-21,1710979200000,59184.213819431796,1864.4820607619195
2024-03-20,1710892800000,37385.655235422244,2344.413997706484
2024-03-19,1710806400000,47782.220351310665,2768.407127464729
2024-03-18,1710720000000,39549.95571925858,3110.4395423796404
2024-03-17,1710633600000,34925.37737341284,2455.174575272615
2024-03-16,1710547200000,37498.23047246497,2731.010446635219
2024-03-15,1710460800000,41367.56391780366,4082.7017945460566
2024-03-14,1710374400000,76161.31085532671,2943.236176888726
2024-03-13,1710288000000,42640.574982048776,2597.2451830197497
2024-03-12,1710201600000,48379.012875954395,4572.937732003876
2024-03-11,1710115200000,42535.69747882938,2697.1448881585316
2024-03-10,1710028800000,38669.41174333734,2014.0056832000457
2024-03-09,1709942400000,38863.65083161515,1954.8200846679813
2024-03-08,1709856000000,40621.75582327042,1972.632576624859
2024-03-07,1709769600000,37869.482970246645,1744.8137034967328
2024-03-06,1709683200000,40053.298762306826,1777.05804425017
2024-03-05,1709596800000,42555.93071557513,3331.137793129514
2024-03-04,1709510400000,40219.83438234199,1958.0233103899543
2024-03-03,1709424000000,40667.68581097379,1523.9007689733114
2024-03-02,1709337600000,38427.0135358872,1507.0044767276038
2024-03-01,1709251200000,38324.790460693526,1486.0646330278043
2024-02-29,1709164800000,39156.779573598214,1973.3101344332424
2024-02-28,1709078400000,42615.616642667825,2385.41410735267
2024-02-27,1708992000000,41736.81431958385,1550.5939659828223
2024-02-26,1708905600000,41207.63014601249,1385.342019342908
2024-02-25,1708819200000,41857.695948001725,4499.845409867009
2024-02-24,1708732800000,47983.94425548904,16123.200470784332
2024-02-23,1708646400000,40016.10053835006,5286.573593874218
2024-02-22,1708560000000,34081.66036726239,1192.4807378179703
2024-02-21,1708473600000,41314.44791251718,1130.4943637254885
2024-02-20,1708387200000,43318.42846450284,1201.6295051973343
2024-02-19,1708300800000,43442.094191378565,1174.4237765180148
2024-02-18,1708214400000,40444.874659322886,1051.5901775299246
2024-02-17,1708128000000,41939.96848930822,1083.0266136896946
2024-02-16,1708041600000,43508.82270592393,1416.570614021176
2024-02-15,1707955200000,37434.6345000128,1336.539643569968
2024-02-14,1707868800000,36124.06569534827,1466.7438841404814
2024-02-13,1707782400000,41184.50734387666,1200.81138313043
2024-02-12,1707696000000,39269.72761722748,1230.1004786429305
2024-02-11,1707609600000,37874.62879185913,1075.683044115413
2024-02-10,1707523200000,41163.971626743616,1367.661005416871
2024-02-09,1707436800000,35236.91077123389,1119.8246376089085
2024-02-08,1707350400000,35520.882546257315,1266.6561471485911
2024-02-07,1707264000000,34076.08221822482,1238.8474610297478
2024-02-06,1707177600000,32792.109467278366,1020.1179053351196
2024-02-05,1707091200000,30655.41407823067,1015.5879661598984
2024-02-04,1707004800000,28190.674733077765,919.4162706308207
2024-02-03,1706918400000,33218.00802230447,981.9285895989643
2024-02-02,1706832000000,34245.98383281351,1317.1153966250295
2024-02-01,1706745600000,31713.392459088456,1383.4228695520064
2024-01-31,1706659200000,33808.25400612488,1351.6926644739412
2024-01-30,1706572800000,32581.63255401551,1393.1734110773414
2024-01-29,1706486400000,31427.62729673981,1314.9133308138767
2024-01-28,1706400000000,34776.283731130236,1486.0501173187752
2024-01-27,1706313600000,34568.09237917809,1126.1310614025394
2024-01-26,1706227200000,32923.99078216014,1195.9616155399603
2024-01-25,1706140800000,33751.03212312927,1111.0812365521174
2024-01-24,1706054400000,33615.100920554876,1292.309926013626
2024-01-23,1705968000000,30555.587013882938,1438.0860927825477
2024-01-22,1705881600000,32287.340597555863,1569.9816913703319
2024-01-21,1705795200000,30614.860453413752,1017.1927020975561
2024-01-20,1705708800000,31301.25229475864,1262.4942288409313
2024-01-19,1705622400000,32240.03190760975,1178.4780868383314
2024-01-18,1705536000000,33689.135133465716,1347.4758795498012
2024-01-17,1705449600000,33083.89351256389,1303.1545768508042
2024-01-16,1705363200000,30490.056460116386,1407.7242173710315
2024-01-15,1705276800000,30544.01752803867,1587.0394792660422
2024-01-14,1705190400000,31398.674999753588,1120.356595613207
2024-01-13,1705104000000,33388.65304728388,1279.4173968779444
2024-01-12,1705017600000,30968.195385568695,1757.9057288655526
2024-01-11,1704931200000,34882.36274263087,1747.1916720593874
2024-01-10,1704844800000,33992.983173666296,1827.4161152133888
2024-01-09,1704758400000,37091.56489909804,1506.7222879010537
2024-01-08,1704672000000,36888.6510007839,1822.120237442768
2024-01-07,1704585600000,31561.496839340394,1510.2924029220048
2024-01-06,1704499200000,38837.55736620237,1226.0067377847888
2024-01-05,1704412800000,138144.62664539594,1809.0829797988742
2024-01-04,1704326400000,33572.918007975284,2030.6469460051187
2024-01-03,1704240000000,38499.24044411514,3674.6306462439243
2024-01-02,1704153600000,31215.44116834818,2879.699670502856
2024-01-01,1704067200000,29740.653310303423,3483.610173613152
2023-12-31,1703980800000,30318.856265287646,2024.6449236724793
2023-12-30,1703894400000,31170.953020500798,2066.646881220265
2023-12-29,1703808000000,33328.15788807904,2640.3475821660936
2023-12-28,1703721600000,30263.1083114458,2935.6638052029634
2023-12-27,1703635200000,29329.328290292087,4569.729311169878
2023-12-26,1703548800000,43735.342975239015,15216.822161841577
2023-12-25,1703462400000,29378.438029822966,8989.356046960294
2023-12-24,1703376000000,33959.50474518342,13424.085908633297
2023-12-23,1703289600000,34456.591594606274,14321.11942481386
2023-12-22,1703203200000,50367.87911245164,27549.963018163737
2023-12-21,1703116800000,121484.91300290902,102527.3927279157
2023-12-20,1703030400000,266254.18420407193,243972.03405519755
2023-12-19,1702944000000,193376.74144742003,169803.88849088995
2023-12-18,1702857600000,195516.95940270316,172308.45783508618
2023-12-17,1702771200000,148543.5520172325,127650.01616945442
2023-12-16,1702684800000,194280.42133735534,172863.49959581826
2023-12-15,1702598400000,109252.91503403797,90536.27021415712
2023-12-14,1702512000000,57332.01329830262,37913.55656170888
2023-12-13,1702425600000,43054.07741069933,20887.35271218794
2023-12-12,1702339200000,31113.80860586948,5552.305039389437
2023-12-11,1702252800000,31282.259816324073,5387.02055293362
2023-12-10,1702166400000,30437.623668027616,8416.651317423484
2023-12-09,1702080000000,42795.97502365233,20834.86789321685
2023-12-08,1701993600000,31907.98411252451,7839.964742566716
2023-12-07,1701907200000,28530.47196206086,2576.34036824578
2023-12-06,1701820800000,31196.607517596567,2196.2195817300126
2023-12-05,1701734400000,34035.8689406834,1701.2278792749662
2023-12-04,1701648000000,50385.52617440722,1637.3561390050181
2023-12-03,1701561600000,30623.45407319652,936.3473997569492
2023-12-02,1701475200000,30256.30581713174,1007.4775426463583
2023-12-01,1701388800000,34165.22154486137,1237.9064641009172
2023-11-30,1701302400000,32183.01745973258,1055.6895130275414
2023-11-29,1701216000000,32698.027655045364,1057.7604214062621
2023-11-28,1701129600000,32569.6358845807,1018.8942349529964
2023-11-27,1701043200000,32473.188842033233,974.5664882466697
2023-11-26,1700956800000,35337.257927354425,940.3896557791849
2023-11-25,1700870400000,34716.49596759458,1003.1935495866142
2023-11-24,1700784000000,38110.24880928032,1112.4700851769433
2023-11-23,1700697600000,51637.38150828702,16066.902236541548
2023-11-22,1700611200000,85368.81671368213,45735.801963987135
2023-11-21,1700524800000,52783.727623510495,18033.568544899284
2023-11-20,1700438400000,49269.73239896548,9807.8122831166
2023-11-19,1700352000000,49996.68061840857,5608.110922466877
2023-11-18,1700265600000,34072.411601270476,1552.913999440901
2023-11-17,1700179200000,34589.319945608106,2376.311328126806
2023-11-16,1700092800000,35380.009631287154,2584.9623360428823
2023-11-15,1700006400000,28185.318618926984,2297.2236234280535
2023-11-14,1699920000000,29125.25156885228,1939.4724433872163
2023-11-13,1699833600000,36044.182797833826,1920.5604268382717
2023-11-12,1699747200000,32743.609499208094,2341.730262583271
2023-11-11,1699660800000,33432.16666753144,1979.534356770284
2023-11-10,1699574400000,31569.854371033474,1566.1532664070603
2023-11-09,1699488000000,35871.6933248572,2221.3146793364886
2023-11-08,1699401600000,39846.01323890833,1046.987522541851
2023-11-07,1699315200000,35500.912895441405,1137.380998198928
2023-11-06,1699228800000,29798.999732025502,1117.192992963436
2023-11-05,1699142400000,26328.807765229638,1062.4923506407406
2023-11-04,1699056000000,27449.9838150917,927.4601115072776
2023-11-03,1698969600000,27443.8996984878,1009.8797793539436
2023-11-02,1698883200000,25942.701619784973,1154.0243239159001
2023-11-01,1698796800000,24485.39781407384,1243.322923880694
2023-10-31,1698710400000,17557.791089368886,1057.4990812034182
2023-10-30,1698624000000,25590.843040187876,1009.2036844045106
2023-10-29,1698537600000,14575.652555646586,904.8652757375974
2023-10-28,1698451200000,19923.930398340366,871.9738107847851
2023-10-27,1698364800000,27436.087952708167,1097.8241945958523
2023-10-26,1698278400000,26848.095621081095,1343.04129434785
2023-10-25,1698192000000,25592.490154988536,1103.932285881805
2023-10-24,1698105600000,26143.17226828286,1755.3906477750768
2023-10-23,1698019200000,27223.826240006885,1543.7338038758119
2023-10-22,1697932800000,17122.716494085438,1036.5893242427812
2023-10-21,1697846400000,13677.700191464826,1214.1102111180721
2023-10-20,1697760000000,19117.443879721588,1080.0965396418287
2023-10-19,1697673600000,24553.09733718713,936.4963146927126
2023-10-18,1697587200000,25284.991026524767,1100.436549676315
2023-10-17,1697500800000,24140.52951139526,1201.0303194283701
2023-10-16,1697414400000,24398.444054771902,1020.8103315647737
2023-10-15,1697328000000,21629.69907369536,619.1993791796416
2023-10-14,1697241600000,17845.326132381662,778.6695679389658
2023-10-13,1697155200000,19655.62295169839,713.4132821402995
2023-10-12,1697068800000,22308.571557305244,887.5729741385653
2023-10-11,1696982400000,24934.86447355436,877.8210591231305
2023-10-10,1696896000000,27752.29100792845,824.138286172638
2023-10-09,1696809600000,24436.859206766174,879.8757976188556
2023-10-08,1696723200000,21968.531086059407,787.6398871823379
2023-10-07,1696636800000,24875.874335661403,1564.2205383602518
2023-10-06,1696550400000,28118.38933904501,2518.790365075295
2023-10-05,1696464000000,26321.183804452536,3682.1687005417953
2023-10-04,1696377600000,24234.658681983463,2425.2545200848
2023-10-03,1696291200000,25864.160816113268,1911.040475682516
2023-10-02,1696204800000,24955.034721918106,1247.3852223559195
2023-10-01,1696118400000,23778.25707449548,1156.6027138483973
2023-09-30,1696032000000,24478.49175472349,957.6875777635474
2023-09-29,1695945600000,23367.886667785413,964.522950889885
2023-09-28,1695859200000,25028.242672208034,1053.7214880550516
2023-09-27,1695772800000,25934.735811363975,949.2943472046782
2023-09-26,1695686400000,25605.98214308942,934.4505192404469
2023-09-25,1695600000000,24129.200985237414,1053.78656631874
2023-09-24,1695513600000,24300.19436583859,862.500917895845
2023-09-23,1695427200000,22941.459187859364,798.9046577761984
2023-09-22,1695340800000,20804.139400124954,948.5051109892516
2023-09-21,1695254400000,23411.45739763766,1076.7014878990296
2023-09-20,1695168000000,21494.636069009284,965.1134083209753
2023-09-19,1695081600000,23245.8795036086,971.3064792755312
2023-09-18,1694995200000,23835.859135984287,972.78541807357
2023-09-17,1694908800000,23074.448866961247,841.1919294343443
2023-09-16,1694822400000,24338.587214984207,796.6499962019135
2023-09-15,1694736000000,24639.726630290075,1081.3823036927802
2023-09-14,1694649600000,24395.845880194218,1136.1935677817714
2023-09-13,1694563200000,24599.7894579252,1044.5413950402524
2023-09-12,1694476800000,26980.195576799855,1215.5876960022017
2023-09-11,1694390400000,25517.725404618952,1262.9986267051054
2023-09-10,1694304000000,23682.558173068668,1340.1055175475058
2023-09-09,1694217600000,20862.845055262762,1041.711289265858
2023-09-08,1694131200000,21063.933720299123,1070.3995874591765
2023-09-07,1694044800000,21590.69216045856,1158.4721463441729
2023-09-06,1693958400000,24922.043346563387,1296.8916946913005
2023-09-05,1693872000000,30347.783508302393,1363.183115346122
2023-09-04,1693785600000,27409.566325435982,1201.6044201453699
2023-09-03,1693699200000,23438.182665073553,1153.6169845845543
2023-09-02,1693612800000,24327.178853617148,1290.3487761720314
2023-09-01,1693526400000,27320.504632883607,1556.4395839380786
2023-08-31,1693440000000,25455.891743984474,2035.9537756674356
2023-08-30,1693353600000,23996.42317949023,1360.5380021811422
2023-08-29,1693267200000,25860.806978346063,1555.045843154534
2023-08-28,1693180800000,20616.84428335743,1145.3077374404456
2023-08-27,1693094400000,17513.067381489822,1158.7417145598472
2023-08-26,1693008000000,16054.032641997148,1353.9785620995508
2023-08-25,1692921600000,19430.37325443548,1264.7468474930226
2023-08-24,1692835200000,24757.402608214816,1341.0515067650185
2023-08-23,1692748800000,23714.469513618846,1349.560106879884
2023-08-22,1692662400000,19416.66953971194,1510.3589268609906
2023-08-21,1692576000000,13913.584292070025,1492.1075016561779
2023-08-20,1692489600000,13970.059526197916,1139.7011432299144
2023-08-19,1692403200000,20181.089678732646,1273.670858466976
2023-08-18,1692316800000,16833.668297089032,1613.1261630120007
2023-08-17,1692230400000,21942.616900451867,4255.093023261382
2023-08-16,1692144000000,23026.603434425157,1499.0563136244596
2023-08-15,1692057600000,19831.034297806385,1880.9339194304507
2023-08-14,1691971200000,18137.318571035543,1382.8054270712291
2023-08-13,1691884800000,16408.92333205858,1326.5021190136024
2023-08-12,1691798400000,16255.20604224998,1398.0041058057602
2023-08-11,1691712000000,17881.74485450544,1626.9159442599591
2023-08-10,1691625600000,18498.809510788335,1653.6425737684149
2023-08-09,1691539200000,18803.729854999663,1540.3146995988677
2023-08-08,1691452800000,23110.33301607083,1695.1488895299174
2023-08-07,1691366400000,20347.49422913177,1615.1838974522868
2023-08-06,1691280000000,19374.074478859748,1588.3116578852084
2023-08-05,1691193600000,17940.030366940835,1795.8037756376034
2023-08-04,1691107200000,15705.111458732857,2334.8021731623367
2023-08-03,1691020800000,13721.327179239408,2144.5173490886664
2023-08-02,1690934400000,14353.092290048302,2117.413867074154
2023-08-01,1690848000000,19146.04722986759,1982.563616426453
2023-07-31,1690761600000,20961.73911969177,2084.6701718630416
2023-07-30,1690675200000,19474.376696690666,2004.6341071531874
2023-07-29,1690588800000,20489.550844574384,1780.8762131815997
2023-07-28,1690502400000,21885.631026258165,2114.774273669416
2023-07-27,1690416000000,19072.601106398903,2242.9353181182364
2023-07-26,1690329600000,21773.450477212893,2317.1964826246267
2023-07-25,1690243200000,20814.257189355652,2811.5128145444837
2023-07-24,1690156800000,25293.371588489445,2617.71642523266
2023-07-23,1690070400000,20501.1431602005,2742.361422185716
2023-07-22,1689984000000,21510.562761880068,2654.017405825461
2023-07-21,1689897600000,19692.852565468864,2530.079065734555
2023-07-20,1689811200000,22318.350690532563,2673.5454323882877
2023-07-19,1689724800000,19106.596576931344,2437.717347486569
2023-07-18,1689638400000,19398.558389121896,2166.4250670558886
2023-07-17,1689552000000,20276.703946289428,2293.0560289568302
2023-07-16,1689465600000,19627.58806938146,2110.8480347616055
2023-07-15,1689379200000,15700.033359696996,2289.6872181875424
2023-07-14,1689292800000,22931.093513685235,3460.4563593406556
2023-07-13,1689206400000,21052.26698705789,2802.9037474833103
2023-07-12,1689120000000,19052.126284221576,2775.635547063435
2023-07-11,1689033600000,21009.43993640458,2655.142465633961
2023-07-10,1688947200000,23120.594854646417,2465.114638000133
2023-07-09,1688860800000,22839.71562324227,2388.4601307692806
2023-07-08,1688774400000,21741.917677047062,2303.2024414397506
2023-07-07,1688688000000,22653.235235930817,2190.970854017415
2023-07-06,1688601600000,21845.875521509985,2156.1542514576167
2023-07-05,1688515200000,26034.148870247198,2086.60169707403
2023-07-04,1688428800000,28371.503522643237,2249.0176812739687
2023-07-03,1688342400000,25776.59053227804,2464.3628221668873
2023-07-02,1688256000000,26234.970852193786,2327.7440084556965
2023-07-01,1688169600000,27967.91009652771,2344.7456749513867
2023-06-30,1688083200000,25478.009195892744,3714.5875254673697
2023-06-29,1687996800000,27071.149522864784,3084.6847980044568
2023-06-28,1687910400000,24919.942343720155,2929.136744271349
2023-06-27,1687824000000,28542.377569275926,2643.193462294832
2023-06-26,1687737600000,27621.167920102915,2470.3525236044416
2023-06-25,1687651200000,26763.761616860866,2327.602172820296
2023-06-24,1687564800000,26237.67914457959,2134.2759953102523
2023-06-23,1687478400000,27630.607624399792,2366.4133252511097
2023-06-22,1687392000000,26954.364504695404,2538.538673478901
2023-06-21,1687305600000,28804.158137178478,2799.7154222290606
2023-06-20,1687219200000,27477.402981695886,2755.387716890247
2023-06-19,1687132800000,27386.09007398299,2659.4512622702514
2023-06-18,1687046400000,25974.661821309764,2334.6175916167153
2023-06-17,1686960000000,26406.330019232093,2501.6940243576773
2023-06-16,1686873600000,25883.735748137187,2663.8354338204836
2023-06-15,1686787200000,22182.48582450164,3310.3456435468474
2023-06-14,1686700800000,24516.378310243177,3816.9639200415336
2023-06-13,1686614400000,29785.340107885873,2870.249412692428
2023-06-12,1686528000000,23025.066573174936,2804.0004841519644
2023-06-11,1686441600000,21055.46686915257,2440.1798439778827
2023-06-10,1686355200000,25235.781785446234,6095.615915100999
2023-06-09,1686268800000,20763.49144181909,2470.6827274298316
2023-06-08,1686182400000,24124.00246929899,2461.4796729274426
2023-06-07,1686096000000,33821.946618376125,2444.0659661882987
2023-06-06,1686009600000,28530.617876011213,2713.271827948725
2023-06-05,1685923200000,30156.04823994317,3675.834096170761
2023-06-04,1685836800000,26344.461513422808,2933.116079304103
2023-06-03,1685750400000,24919.336421149037,2680.1175940889
2023-06-02,1685664000000,23952.721453299713,2608.737919185065
2023-06-01,1685577600000,95763.47097308014,2966.1325866412435
2023-05-31,1685491200000,42956.80383207659,3433.9422136913463
2023-05-30,1685404800000,25492.965881427597,3398.0896074833277
2023-05-29,1685318400000,50845.02325641719,3213.0658811062212
2023-05-28,1685232000000,20953.69531925502,3248.771650515483
2023-05-27,1685145600000,23032.67680239124,3162.42308187322
2023-05-26,1685059200000,19222.134394437984,3441.7344503803115
2023-05-25,1684972800000,12251.374314323897,3650.1651416531345
2023-05-24,1684886400000,11453.188198954951,3623.8984022286036
2023-05-23,1684800000000,20227.293387316455,3002.0494750981575
2023-05-22,1684713600000,17101.365463223265,2719.986954469042
2023-05-21,1684627200000,18641.521703321436,2478.5284955726074
2023-05-20,1684540800000,19421.925893924832,2855.2943642169234
2023-05-19,1684454400000,19425.303596028465,2641.0853336007126
2023-05-18,1684368000000,19761.741171566977,3086.830489630457
2023-05-17,1684281600000,20228.586259207837,3978.9083193497377
2023-05-16,1684195200000,18933.424690460117,3149.297626071992
2023-05-15,1684108800000,19256.627458727082,2513.5669613476152
2023-05-14,1684022400000,20140.906113956895,2597.9090193080738
2023-05-13,1683936000000,19571.34297571,2296.873634963701
2023-05-12,1683849600000,34457.0456027075,2744.182211981389
2023-05-11,1683763200000,19147.07480943597,2444.4982467282784
2023-05-10,1683676800000,16239.839753577533,3151.3861543153766
2023-05-09,1683590400000,16562.62616036444,2159.432731706154
2023-05-08,1683504000000,16191.74445383463,2596.6588442183142
2023-05-07,1683417600000,14209.155645063467,2294.0116352726923
2023-05-06,1683331200000,13868.98712953958,2590.6531640550747
2023-05-05,1683244800000,15652.358846104642,2907.761792042011
2023-05-04,1683158400000,17479.9932358243,2714.2923877855305
2023-05-03,1683072000000,18839.395687347485,2996.555591368408
2023-05-02,1682985600000,15090.911879632102,2903.8183240830376
2023-05-01,1682899200000,14656.832237070188,3617.3302845782277
2023-04-30,1682812800000,14126.559564250938,4454.847903064808
2023-04-29,1682726400000,15738.06994373809,4745.206348636583
2023-04-28,1682640000000,15773.38802190618,5549.586488106998
2023-04-27,1682553600000,16467.310662831173,6567.1134707975425
2023-04-26,1682467200000,18115.940084800655,7245.057182349287
2023-04-25,1682380800000,14666.33363291793,6768.313867676894
2023-04-24,1682294400000,15836.601558283339,6939.237899865279
2023-04-23,1682208000000,15003.88288569365,6650.377590224658
2023-04-22,1682121600000,13569.408547802488,5580.703326750537
2023-04-21,1682035200000,13926.212067173712,6013.066053816414
2023-04-20,1681948800000,14443.754215391838,5609.11810554405
2023-04-19,1681862400000,18246.027609250574,5027.474239893405
2023-04-18,1681776000000,17971.96558831278,3811.935672059051
2023-04-17,1681689600000,12386.977631689055,2882.431828164675
2023-04-16,1681603200000,12810.454415019154,2746.983323437683
2023-04-15,1681516800000,11923.590266922656,2726.883039187691
2023-04-14,1681430400000,11324.773407863568,3147.0118418735888
2023-04-13,1681344000000,12199.308532289504,3059.978959112705
2023-04-12,1681257600000,13524.040050600817,3069.302646306519
2023-04-11,1681171200000,14847.011713215374,2627.728873138485
2023-04-10,1681084800000,18653.48859439752,2829.755486423408
2023-04-09,1680998400000,15234.635900841527,2212.2914632411703
2023-04-08,1680912000000,15464.675797856393,2001.3793755734373
2023-04-07,1680825600000,16157.800864969366,1846.3800606211703
2023-04-06,1680739200000,7767.45890736516,1945.989479063258
2023-04-05,1680652800000,10179.908993724468,1733.934618032235
2023-04-04,1680566400000,11725.549884195867,1684.9634592440507
2023-04-03,1680480000000,12138.36564912593,1493.540754472942
2023-04-02,1680393600000,10625.742690016912,1327.6715063051765
2023-04-01,1680307200000,10200.957512602441,1481.3862362125487
2023-03-31,1680220800000,11833.825319935053,1629.1940972296418
2023-03-30,1680134400000,13063.917470751765,1920.3588240933323
2023-03-29,1680048000000,10269.851981361413,1214.5625591568328
2023-03-28,1679961600000,11182.263054930798,1302.6735384040242
2023-03-27,1679875200000,11474.4287889086,1421.1765923133191
2023-03-26,1679788800000,8894.665118177229,1010.6980826324584
2023-03-25,1679702400000,9293.371273084915,891.4501170302216
2023-03-24,1679616000000,8986.653388221483,1197.7633149471349
2023-03-23,1679529600000,8885.610122956456,1052.0906911453833
2023-03-22,1679443200000,9908.50207754603,1265.7588349909583
2023-03-21,1679356800000,9232.335727949212,1248.7805285542793
2023-03-20,1679270400000,8974.006104560689,1115.4031759294746
2023-03-19,1679184000000,10130.956024458274,1360.0654250407958
2023-03-18,1679097600000,9916.273493100494,1742.7199891048062
2023-03-17,1679011200000,9529.506882237158,1118.3701327385213
2023-03-16,1678924800000,9640.444660491003,1023.3904706095581
2023-03-15,1678838400000,10055.192249752903,1132.9098076428486
2023-03-14,1678752000000,9972.499719675614,1679.9464099961478
2023-03-13,1678665600000,9810.047349425316,1306.6882269717967
2023-03-12,1678579200000,9086.17759939183,1615.5523685293736
2023-03-11,1678492800000,12200.115040053006,3999.517707738471
2023-03-10,1678406400000,9982.44325533503,1920.8735306018737
2023-03-09,1678320000000,10105.772388324376,1113.5280479925602
2023-03-08,1678233600000,11417.229410709351,854.7957023674632
2023-03-07,1678147200000,9295.83404228103,919.5026739730572
2023-03-06,1678060800000,8149.734356658046,869.2831355611021
2023-03-05,1677974400000,8436.910921445029,794.3013375009609
2023-03-04,1677888000000,9459.08334092363,917.1616537899648
2023-03-03,1677801600000,10023.952004272183,1463.5811838973545
2023-03-02,1677715200000,7967.395885881994,691.9657212141344
2023-03-01,1677628800000,8618.713276812718,736.2070040034203
2023-02-28,1677542400000,9433.91470024692,755.4035325804308
2023-02-27,1677456000000,8119.723363352186,835.041481592605
2023-02-26,1677369600000,7912.631699987955,770.1335801735332
2023-02-25,1677283200000,8431.535866043043,761.4577669131755
2023-02-24,1677196800000,8389.787057023881,1087.8031261731567
2023-02-23,1677110400000,8675.257025353525,1057.6523802763627
2023-02-22,1677024000000,8510.773377282234,1398.8490109353947
2023-02-21,1676937600000,10643.56849287695,1141.1052974684633
2023-02-20,1676851200000,8226.754870402756,1163.6671250350716
2023-02-19,1676764800000,7588.767352259887,994.9969129882511
2023-02-18,1676678400000,7186.800814080812,885.3768618424759
2023-02-17,1676592000000,7563.802362578137,994.6985020332004
2023-02-16,1676505600000,8453.155082796306,1451.2148335483187
2023-02-15,1676419200000,8176.803160981809,1135.0705962228355
2023-02-14,1676332800000,10849.95267783836,966.2685731199309
2023-02-13,1676246400000,8821.078522499207,935.3149179943451
2023-02-12,1676160000000,5204.0235338843995,713.4648016924316
2023-02-11,1676073600000,6746.44633536747,778.5583208723875
2023-02-10,1675987200000,6283.411176321574,864.4419229463114
2023-02-09,1675900800000,5663.9564796096065,1227.3335190801304
2023-02-08,1675814400000,9330.180467542015,789.5152205383722
2023-02-07,1675728000000,6657.791529323373,933.7199847391588
2023-02-06,1675641600000,6627.429743350587,1140.1790717131285
2023-02-05,1675555200000,6661.826791714686,913.5548721107008
2023-02-04,1675468800000,6959.768881844172,819.6208587894372
2023-02-03,1675382400000,6291.408418991971,1052.5654998563705
2023-02-02,1675296000000,6917.4962500543015,1555.4914304587267
2023-02-01,1675209600000,6610.55081455137,1364.3699285632558
2023-01-31,1675123200000,7190.166395044199,867.9363401190901
2023-01-30,1675036800000,7993.945636195611,1529.5041108154908
2023-01-29,1674950400000,7704.010939928798,1042.2362447515168
2023-01-28,1674864000000,6714.413813907924,1255.532479279534
2023-01-27,1674777600000,6439.402106677143,1406.080296373139
2023-01-26,1674691200000,5676.117315587021,989.2278547985158
2023-01-25,1674604800000,5851.580640116446,921.8335438172002
2023-01-24,1674518400000,5939.302114040616,1155.2310697724586
2023-01-23,1674432000000,5832.732613986014,1032.0225093879137
2023-01-22,1674345600000,6571.089309038771,1662.8314762877415
2023-01-21,1674259200000,6272.534168468518,1282.2768827300122
2023-01-20,1674172800000,6426.366107387717,1158.9541110231005
2023-01-19,1674086400000,7376.421548284436,932.3919687982567
2023-01-18,1674000000000,7375.616599340588,1246.4779000188125
2023-01-17,1673913600000,6852.406118954518,1115.6448215625117
2023-01-16,1673827200000,7984.8934981692655,1110.6863967673762
2023-01-15,1673740800000,6403.802720481472,1020.6374054575543
2023-01-14,1673654400000,8306.56486256083,1954.3688250023467
2023-01-13,1673568000000,6988.103395550338,1185.4926590362984
2023-01-12,1673481600000,6071.133979565208,1693.5684779978062
2023-01-11,1673395200000,6194.845135571403,1839.0619736816896
2023-01-10,1673308800000,5381.984369540759,995.5230496822928
2023-01-09,1673222400000,5336.052208166111,1092.8445324876484
2023-01-08,1673136000000,4694.75991000953,718.5958203137068
2023-01-07,1673049600000,4730.075704884607,667.8507709405942
2023-01-06,1672963200000,5309.833647338681,1092.368079099565
2023-01-05,1672876800000,5594.53160350312,1248.7336750768252
2023-01-04,1672790400000,5938.503529938741,1179.3151381183939
2023-01-03,1672704000000,6090.442684187295,1074.6018187019718
2023-01-02,1672617600000,6374.775140539808,1691.8601291438274
2023-01-01,1672531200000,7723.6434129832405,3790.9450375073066
2022-12-31,1672444800000,4255.8083717057,740.7506191790119
2022-12-30,1672358400000,7470.526550862826,896.5400920424541
2022-12-29,1672272000000,41463.428604096174,1087.042912169985
2022-12-28,1672185600000,5971.991140074864,1000.679354997711
2022-12-27,1672099200000,5340.449008107726,819.7417812989305
2022-12-26,1672012800000,5301.275253492335,728.0980399812105
2022-12-25,1671926400000,4890.627838711754,616.3739602174817
2022-12-24,1671840000000,5859.145322865625,709.1624696873228
2022-12-23,1671753600000,5541.792920636809,875.6611018214809
2022-12-22,1671667200000,5628.430720073846,802.6966635050833
2022-12-21,1671580800000,5777.734920261517,826.0081315517239
2022-12-20,1671494400000,4899.66221916505,871.8791570305207
2022-12-19,1671408000000,4394.3620444535645,896.7905171872949
2022-12-18,1671321600000,3565.5372277770025,665.4603233589618
2022-12-17,1671235200000,3815.828591611782,841.826988339808
2022-12-16,1671148800000,4229.873079016049,1049.9674235697626
2022-12-15,1671062400000,4194.481435938902,870.0363557797293
2022-12-14,1670976000000,3982.810886794575,1113.14146005964
2022-12-13,1670889600000,4498.785620061872,1265.3474576827589
2022-12-12,1670803200000,4291.30505165043,951.3113128063054
2022-12-11,1670716800000,3976.1440464289403,744.8272683292878
2022-12-10,1670630400000,4118.913164053084,860.1537419685982
2022-12-09,1670544000000,4890.1985470995105,1001.7362870620939
2022-12-08,1670457600000,5339.52525430993,801.3809750264649
2022-12-07,1670371200000,5546.4242968953995,808.5119272645383
2022-12-06,1670284800000,5069.287821231768,761.0373080254063
2022-12-05,1670198400000,5313.420594657736,806.5797287519468
2022-12-04,1670112000000,4967.03744177257,763.4686054829114
2022-12-03,1670025600000,5042.253695695296,900.0180492820617
2022-12-02,1669939200000,5091.589302128578,1060.5689945084464
2022-12-01,1669852800000,4923.405708865059,924.5471386325603
2022-11-30,1669766400000,5469.921553496702,1018.5505613591471
2022-11-29,1669680000000,6675.469356351404,937.9144977240237
2022-11-28,1669593600000,5697.459445582869,993.7984152266865
2022-11-27,1669507200000,4807.68109998396,897.6229864454348
2022-11-26,1669420800000,4684.226849358926,734.9653439775743
2022-11-25,1669334400000,4899.117792992624,893.8996355502612
2022-11-24,1669248000000,5296.82880716331,801.9933468598684
2022-11-23,1669161600000,5867.819116471787,932.7511368423422
2022-11-22,1669075200000,6983.089473529508,927.2265142399067
2022-11-21,1668988800000,7792.903252335839,1207.307317308737
2022-11-20,1668902400000,7451.7119766317,869.6193339955155
2022-11-19,1668816000000,7563.535380152211,697.358468805016
2022-11-18,1668729600000,7103.57856544521,960.9260070780787
2022-11-17,1668643200000,6811.844103080533,959.5632698630287
2022-11-16,1668556800000,5707.480338073668,942.1569311731516
2022-11-15,1668470400000,6120.462386787739,967.2522945390721
2022-11-14,1668384000000,6473.709016143202,1292.062522883758
2022-11-13,1668297600000,6063.567437453289,1004.9247618346823
2022-11-12,1668211200000,6216.425724964732,1003.8946526588816
2022-11-11,1668124800000,6250.047778086933,1494.9008441650178
2022-11-10,1668038400000,7021.822304649879,2262.1369898344756
2022-11-09,1667952000000,8751.76716773434,3051.0722096424934
2022-11-08,1667865600000,9658.637312381185,3327.2638966306026
2022-11-07,1667779200000,7227.4101212252845,936.0688157636725
2022-11-06,1667692800000,6715.713249185144,770.4754847974477
2022-11-05,1667606400000,7005.079949378361,939.1226143004722
2022-11-04,1667520000000,7129.672785388675,1043.1675707675906
2022-11-03,1667433600000,7006.215480998921,1092.7924572967534
2022-11-02,1667347200000,6843.9989774263795,1216.459338337806
2022-11-01,1667260800000,6397.222746596618,983.6042919931023
2022-10-31,1667174400000,7536.803594707642,1241.7509866567657
2022-10-30,1667088000000,6171.5081163638515,954.6584004901398
2022-10-29,1667001600000,6820.472850040313,1077.1526294060604
2022-10-28,1666915200000,6843.12612899877,1283.2486433379456
2022-10-27,1666828800000,6939.670481602728,1410.827768360737
2022-10-26,1666742400000,6908.396327073321,1438.968635445793
2022-10-25,1666656000000,6779.332620395548,1659.2790770598247
2022-10-24,1666569600000,6206.856039275928,1028.2343846083672
2022-10-23,1666483200000,5267.734973164406,922.3574664520942
2022-10-22,1666396800000,5055.87163369733,780.5016625344853
2022-10-21,1666310400000,5792.33956499929,1331.9142265379264
2022-10-20,1666224000000,5521.084312741843,1138.3851200879042
2022-10-19,1666137600000,5387.219547666973,1148.470994922471
2022-10-18,1666051200000,5218.696470416725,1257.6734053310922
2022-10-17,1665964800000,5467.463548653495,1261.5967540513998
2022-10-16,1665878400000,5014.195992861403,1020.0815594532127
2022-10-15,1665792000000,5397.160753476466,1199.4933503769273
2022-10-14,1665705600000,6766.785774729682,3069.234172539464
2022-10-13,1665619200000,5002.099519448082,1918.997117893945
2022-10-12,1665532800000,3578.356514536053,857.446553939975
2022-10-11,1665446400000,4012.944365589481,1021.5911432579815
2022-10-10,1665360000000,4116.969239669492,923.3710339866303
2022-10-09,1665273600000,3771.9843600746717,755.1909016473304
2022-10-08,1665187200000,3524.6420683667207,704.233868451184
2022-10-07,1665100800000,3798.7056485912294,931.00055308986
2022-10-06,1665014400000,7132.033339550494,1047.1264447543945
2022-10-05,1664928000000,8890.226555589335,1040.2498436731216
2022-10-04,1664841600000,8387.71767825565,895.4138599882438
2022-10-03,1664755200000,7611.753340074234,987.986230641486
2022-10-02,1664668800000,5675.097705910041,868.3509568060493
2022-10-01,1664582400000,5062.059745377739,830.2774795591008
2022-09-30,1664496000000,5007.840428752685,1054.2756896306635
2022-09-29,1664409600000,5830.155462202813,1286.5937324010308
2022-09-28,1664323200000,4630.540421658678,1091.1379736727395
2022-09-27,1664236800000,5101.439019975331,1230.9753431282002
2022-09-26,1664150400000,5171.030105760883,1015.6889200163905
2022-09-25,1664064000000,5973.404926146261,834.4403418862495
2022-09-24,1663977600000,5677.466978717697,859.5396384122897
2022-09-23,1663891200000,7031.696083070518,1094.8881038422069
2022-09-22,1663804800000,6409.767027342259,1058.8773880443946
2022-09-21,1663718400000,4529.411033403488,1549.427062910966
2022-09-20,1663632000000,2595.113195819239,963.936556946955
2022-09-19,1663545600000,2754.7712588033824,1257.7935640539883
2022-09-18,1663459200000,3211.7370037265932,1555.5734269265754
2022-09-17,1663372800000,4916.266181377664,983.878053678984
2022-09-16,1663286400000,2197.6786248631006,1089.9029786991257
2022-09-15,1663200000000,2183.85875421009,1314.5494450289707
2022-09-14,1663113600000,1857.860147503228,1168.4177166600307
2022-09-13,1663027200000,2396.5288555224347,1619.793141847447
2022-09-12,1662940800000,2156.048124682002,1383.0069341789606
2022-09-11,1662854400000,1601.4467403809201,936.0171171171381
2022-09-10,1662768000000,1708.0235825948535,1051.7533085105226
2022-09-09,1662681600000,1879.980962160396,1254.3710567461073
2022-09-08,1662595200000,1636.405409312028,1044.1056728544154
2022-09-07,1662508800000,1701.6227289901274,1111.5555793986466
2022-09-06,1662422400000,1995.3758481430375,1319.5338477577757
2022-09-05,1662336000000,1549.482393468379,974.2755575311629
2022-09-04,1662249600000,1420.9286605030106,865.3691169601964
2022-09-03,1662163200000,1348.3252699054756,812.9909034484065
2022-09-02,1662076800000,1747.146244708194,1117.441783925051
2022-09-01,1661990400000,1879.4258842015927,1131.2056181437429
2022-08-31,1661904000000,2088.238612809878,1294.6288186475078
2022-08-30,1661817600000,2293.063654492342,1317.9890189231348
2022-08-29,1661731200000,2058.9190536434844,1277.221029160743
2022-08-28,1661644800000,1748.1916315785356,1056.016585907584
2022-08-27,1661558400000,1640.7400861092483,1040.7036700123613
2022-08-26,1661472000000,2999.118412759616,1303.5343989432238
2022-08-25,1661385600000,2918.6018615227376,983.3622624742072
2022-08-24,1661299200000,2039.1646512124605,1007.8429042426011
2022-08-23,1661212800000,1841.7737004828455,1108.2289009224285
2022-08-22,1661126400000,2000.8267058919566,1111.1108362608013
2022-08-21,1661040000000,1534.4292541594782,993.5580185256479
2022-08-20,1660953600000,1829.9147589358888,1060.6272653555807
2022-08-19,1660867200000,2463.010468884975,1634.024981434355
2022-08-18,1660780800000,1744.9079249859296,1083.166749194426
2022-08-17,1660694400000,2097.8274459023087,1144.5170253616839
2022-08-16,1660608000000,1978.1357538446152,1123.9477104279947
2022-08-15,1660521600000,2352.9164245576667,1170.4772909115836
2022-08-14,1660435200000,1539.9488757368592,936.5420194235055
2022-08-13,1660348800000,1959.0450346961309,1020.3484348004247
2022-08-12,1660262400000,2459.7639044027874,1095.1195681743059
2022-08-11,1660176000000,2275.010442075965,1230.8196320606835
2022-08-10,1660089600000,2609.743914440227,1420.6215603325284
2022-08-09,1660003200000,2087.050187482887,1102.4386898426321
2022-08-08,1659916800000,2189.2743814038217,1327.397551079793
2022-08-07,1659830400000,1755.51250378045,1133.5632162970815
2022-08-06,1659744000000,1862.4294070725546,1044.9251119291475
2022-08-05,1659657600000,1989.4606245596447,1121.0245053429965
2022-08-04,1659571200000,2867.7342050671455,1111.026488411608
2022-08-03,1659484800000,1833.2130439671157,1260.647558732124
2022-08-02,1659398400000,1754.8976426809525,1294.8451572719562
2022-08-01,1659312000000,1515.8862602832148,1130.7251216289562
2022-07-31,1659225600000,1590.3785553664068,1017.7348039634193
2022-07-30,1659139200000,1513.0067842574615,1128.0540556028495
2022-07-29,1659052800000,1823.7386025517567,1275.4231060843022
2022-07-28,1658966400000,2164.1607348727894,1351.3447084679124
2022-07-27,1658880000000,1939.2165000510931,1432.567803882331
2022-07-26,1658793600000,1406.4372157913335,1128.3407320844806
2022-07-25,1658707200000,1552.6717611084741,1239.342685245951
2022-07-24,1658620800000,1609.5818184138088,1084.1186977634886
2022-07-23,1658534400000,1631.8004890521509,924.6328525812315
2022-07-22,1658448000000,1412.9659582506724,1071.2124930543077
2022-07-21,1658361600000,1649.8702366643122,1213.9579615558118
2022-07-20,1658275200000,2106.8165909571544,1390.3561287919222
2022-07-19,1658188800000,2682.6657877559915,1639.9637753319082
2022-07-18,1658102400000,2481.580960732335,1668.2788251976492
2022-07-17,1658016000000,1355.2390704934494,1040.8805862795248
2022-07-16,1657929600000,1733.0578477323095,1241.6583062471977
2022-07-15,1657843200000,1585.5181906761154,1182.356797799011
2022-07-14,1657756800000,1518.6187982247943,1191.686065507104
2022-07-13,1657670400000,1824.124299709388,1401.1210859202893
2022-07-12,1657584000000,1594.6687190303614,1337.7493839853687
2022-07-11,1657497600000,1360.382257895435,1176.0557098688864
2022-07-10,1657411200000,1233.0160084412767,942.9922980103498
2022-07-09,1657324800000,1519.8568958798855,896.9614642710635
2022-07-08,1657238400000,1653.9599767874706,1271.402614786471
2022-07-07,1657152000000,1646.8100251916987,1384.147379654543
2022-07-06,1657065600000,1624.3201681711612,1318.187584347068
2022-07-05,1656979200000,1596.274539734176,1327.815555386035
2022-07-04,1656892800000,2064.0400540171677,1529.9775520377805
2022-07-03,1656806400000,1538.8034314117815,1289.7602044223186
2022-07-02,1656720000000,1380.6019204242316,1278.6150311290148
2022-07-01,1656633600000,1746.8181158677294,1489.9956398384124
2022-06-30,1656547200000,2717.7533103807964,1764.2537667988195
2022-06-29,1656460800000,2122.6162022158633,1649.8005786036533
2022-06-28,1656374400000,2337.8957347462774,1429.930384915216
2022-06-27,1656288000000,1944.9580590415428,1388.20389481959
2022-06-26,1656201600000,1918.9905564992064,1306.30897570342
2022-06-25,1656115200000,2051.5448330907025,1537.6345678201278
2022-06-24,1656028800000,4923.6804475089475,1936.8865456295787
2022-06-23,1655942400000,1832.2049707455496,1499.1213311127794
2022-06-22,1655856000000,1503.5562700758842,1387.3393955386534
2022-06-21,1655769600000,1608.3134790195838,1469.0830025068767
2022-06-20,1655683200000,2324.879569016033,1810.8025563983754
2022-06-19,1655596800000,2738.8374901106895,2049.2925285622277
2022-06-18,1655510400000,3660.6706290119787,3228.899392205444
2022-06-17,1655424000000,1871.3325065816177,1573.6922861740682
2022-06-16,1655337600000,2563.5548653969777,2242.873103146639
2022-06-15,1655251200000,3965.845710340759,3348.196305217475
2022-06-14,1655164800000,2963.347963110777,2626.6109585907425
2022-06-13,1655078400000,6841.133570540819,6261.132378279366
2022-06-12,1654992000000,2295.194414259892,2049.0225366524314
2022-06-11,1654905600000,2018.4590222680472,1681.991828808906
2022-06-10,1654819200000,1646.9988132908088,1396.1723892585787
2022-06-09,1654732800000,1265.9680159147572,1098.9015390759437
2022-06-08,1654646400000,1379.4264360643497,1202.5993025314024
2022-06-07,1654560000000,1712.1443086120642,1444.8873086070455
2022-06-06,1654473600000,1574.1083195173057,1404.634787211859
2022-06-05,1654387200000,1176.225094633766,1036.506204052079
2022-06-04,1654300800000,1260.5032995172185,1031.12792732105
2022-06-03,1654214400000,1414.3582789041266,1322.1194061665053
2022-06-02,1654128000000,1658.6937180110608,1497.7660860765009
2022-06-01,1654041600000,1749.7000358503437,1560.7228880347116
2022-05-31,1653955200000,1807.0006908071634,1574.9727522205021
2022-05-30,1653868800000,2008.0866678306013,1736.850849269129
2022-05-29,1653782400000,1386.4064586573186,1236.8185755454092
2022-05-28,1653696000000,1753.135373310662,1484.202678332516
2022-05-27,1653609600000,2566.02181357944,2174.977297429733
2022-05-26,1653523200000,2299.338525816533,1943.812134559511
2022-05-25,1653436800000,1536.9023721406961,1429.3656562962071
2022-05-24,1653350400000,1606.4917675573613,1409.5143804940662
2022-05-23,1653264000000,1766.1032165194015,1639.8061972443095
2022-05-22,1653177600000,1481.7577415253215,1345.1448706521264
2022-05-21,1653091200000,1687.221100605275,1610.2848443453297
2022-05-20,1653004800000,2429.4602556121804,2332.714336167974
2022-05-19,1652918400000,2519.4211369291056,2384.835364245318
2022-05-18,1652832000000,2430.833627628656,2394.393554323094
2022-05-17,1652745600000,2195.504611626621,2161.8361566522026
2022-05-16,1652659200000,2571.17129720701,2468.882570200813
2022-05-15,1652572800000,2678.122181664879,2623.6105113277795
2022-05-14,1652486400000,3350.450213619471,3240.5104303141625
2022-05-13,1652400000000,10985.308274398098,10859.116202469202
2022-05-12,1652313600000,25410.61223571034,25266.651270127233
2022-05-11,1652227200000,29840.250856853927,29658.298571373693
2022-05-10,1652140800000,15682.657598533096,15619.496011255083
2022-05-09,1652054400000,15178.041838852983,15126.893014122328
2022-05-08,1651968000000,8029.735371252572,7989.20994432904
2022-05-07,1651881600000,9386.812360872342,9361.102625032525
2022-05-06,1651795200000,15057.885871633845,15003.024363243594
2022-05-05,1651708800000,16983.399725985004,16838.481658846293
2022-05-04,1651622400000,14966.457073403011,14907.330899093095
2022-05-03,1651536000000,13713.29142089571,13683.779455693577
2022-05-02,1651449600000,10502.15062558437,10437.611048819908
2022-05-01,1651363200000,7567.541968897266,7412.626815630945
2022-04-30,1651276800000,7458.697514570935,7225.836442684081
2022-04-29,1651190400000,6677.605671170138,6603.98684431323
2022-04-28,1651104000000,9043.866086079755,8990.361235267068
2022-04-27,1651017600000,11906.878026069971,11865.92751122933
2022-04-26,1650931200000,12228.551254303584,12201.49445339089
2022-04-25,1650844800000,11947.45113999249,11888.5827159895
2022-04-24,1650758400000,9665.162767571213,9620.849523540075
2022-04-23,1650672000000,10259.137890440734,10232.914305883136
2022-04-22,1650585600000,11284.459917323155,11257.748132673705
2022-04-21,1650499200000,12846.441541194123,12804.809735605932
2022-04-20,1650412800000,14063.518637785124,14043.708373732577
2022-04-19,1650326400000,12083.542159136558,12061.026913247868
2022-04-18,1650240000000,11424.122100840807,11381.225413575792
2022-04-17,1650153600000,8428.910571534017,8397.693331866116
2022-04-16,1650067200000,10347.130938525906,10307.824947348367
2022-04-15,1649980800000,18725.602043175764,18679.976731671857
2022-04-14,1649894400000,12400.710468092755,12379.142567066005
2022-04-13,1649808000000,12047.872341571976,12035.252618394494
2022-04-12,1649721600000,13640.735678630639,13628.415497411966
2022-04-11,1649635200000,16855.587690765507,16843.59851022694
2022-04-10,1649548800000,13440.175330221806,13426.314525078078
2022-04-09,1649462400000,8616.974997702133,8598.902477258993
2022-04-08,1649376000000,11089.483551176452,11043.80248817849
2022-04-07,1649289600000,12720.036161170678,12696.02917244694
2022-04-06,1649203200000,11404.649446456657,11368.568846783504
2022-04-05,1649116800000,10118.841661390208,10082.075697106022
2022-04-04,1649030400000,12371.300956248831,12304.155758805451
2022-04-03,1648944000000,9759.068678568241,9694.018552509959
2022-04-02,1648857600000,10042.296846004161,9685.925739135926
2022-04-01,1648771200000,10208.67968987166,10154.941619256204
2022-03-31,1648684800000,11384.85206038717,11326.420196244475
2022-03-30,1648598400000,11193.405037515742,11190.310648057864
2022-03-29,1648512000000,12472.698536830714,12472.507791133414
2022-03-28,1648425600000,13046.390708667881,13046.2393116408
2022-03-27,1648339200000,6363.8689944671105,6363.86881643455
2022-03-26,1648252800000,6002.986441057589,6002.967167609901
2022-03-25,1648166400000,10099.87390013051,10099.841452627024
2022-03-24,1648080000000,9230.304509522854,9230.304506189892
2022-03-23,1647993600000,10940.252340429126,10940.252336916885
2022-03-22,1647907200000,11856.533884868912,11856.524785134392
2022-03-21,1647820800000,11311.750669277862,11311.750669277862
2022-03-20,1647734400000,9641.758058887259,9641.758058887259
2022-03-19,1647648000000,8607.434691223702,8607.434687909143
2022-03-18,1647561600000,10147.155512977037,10147.155512977037
2022-03-17,1647475200000,11549.038539845498,11549.038534261657
2022-03-16,1647388800000,9328.649847712097,9328.649845192096
2022-03-15,1647302400000,11980.839657489976,11980.839657489976
2022-03-14,1647216000000,13349.803702426332,13349.803702426332
2022-03-13,1647129600000,8827.484594113483,8827.484594113483
2022-03-12,1647043200000,6511.247892471156,6511.247892471156
2022-03-11,1646956800000,8694.376140738015,8694.376140738015
2022-03-10,1646870400000,4932.040333286405,4932.040333286405
2022-03-09,1646784000000,6273.048898086541,6273.048898086541
2022-03-08,1646697600000,6078.261906622095,6078.261906622095
2022-03-07,1646611200000,7613.665154243218,7613.665154243218
2022-03-06,1646524800000,7746.890617162945,7746.890617162945
2022-03-05,1646438400000,7323.831685625977,7323.831685625977
2022-03-04,1646352000000,12407.115509552006,12407.115509552006
2022-03-03,1646265600000,8341.797569792108,8341.797569792108
2022-03-02,1646179200000,9638.81500179893,9638.81500179893
2022-03-01,1646092800000,12920.084663690453,12920.084663690453
2022-02-28,1646006400000,10103.769019159177,10103.769019159177
2022-02-27,1645920000000,8265.116733110703,8265.116733110703
2022-02-26,1645833600000,6465.419446704875,6465.419446704875
2022-02-25,1645747200000,8297.224423665759,8297.224423665759
2022-02-24,1645660800000,10740.320544667658,10740.320544667658
2022-02-23,1645574400000,6057.176943745544,6057.176943745544
2022-02-22,1645488000000,10741.707965604108,10741.707965604108
2022-02-21,1645401600000,7743.594901807883,7743.594901807883
2022-02-20,1645315200000,7567.637911657642,7567.637911657642
2022-02-19,1645228800000,12789.866833932618,12789.866833932618
2022-02-18,1645142400000,6497.895219497848,6497.895219497848
2022-02-17,1645056000000,6685.995440270639,6685.995440270639
2022-02-16,1644969600000,6322.676141707054,6322.676141707054
2022-02-15,1644883200000,7302.047147443675,7302.047147443675
2022-02-14,1644796800000,6726.6259531218,6726.6259531218
2022-02-13,1644710400000,5141.906987408394,5141.906987408394
2022-02-12,1644624000000,5289.468694075166,5289.468694075166
2022-02-11,1644537600000,7668.700447003825,7668.700447003825
2022-02-10,1644451200000,12446.829078665674,12446.829078665674
2022-02-09,1644364800000,6913.58045608033,6913.58045608033
2022-02-08,1644278400000,5813.298019525949,5813.298019525949
2022-02-07,1644192000000,8548.511189730127,8548.511189730127
2022-02-06,1644105600000,5528.961441969992,5528.961441969992
2022-02-05,1644019200000,4642.509651692586,4642.509651692586
2022-02-04,1643932800000,5592.614569550188,5592.614569550188
2022-02-03,1643846400000,4611.331325377911,4611.331325377911
2022-02-02,1643760000000,4949.432708756496,4949.432708756496
2022-02-01,1643673600000,4855.230482754315,4855.230482754315
2022-01-31,1643587200000,11449.833130945592,11449.833130945592
2022-01-30,1643500800000,4757.130942622889,4757.130942622889
2022-01-29,1643414400000,5068.289437753386,5068.289437753386
2022-01-28,1643328000000,3976.9884133920996,3976.9884133920996
2022-01-27,1643241600000,7161.43522951425,7161.43522951425
2022-01-26,1643155200000,6498.460965469517,6498.460965469517
2022-01-25,1643068800000,5105.620962395655,5105.620962395655
2022-01-24,1642982400000,4144.072535902004,4144.072535902004
2022-01-23,1642896000000,3498.178005067339,3498.178005067339
2022-01-22,1642809600000,5888.398413288955,5888.398413288955
2022-01-21,1642723200000,8445.503226309678,8445.503226309678
2022-01-20,1642636800000,3413.8074251074977,3413.8074251074977
2022-01-19,1642550400000,6141.822965597424,6141.822965597424
2022-01-18,1642464000000,3560.456392819244,3560.456392819244
2022-01-17,1642377600000,8998.081281325432,8998.081281325432
2022-01-16,1642291200000,3977.765727253338,3977.765727253338
2022-01-15,1642204800000,3679.9393186183934,3679.9393186183934
2022-01-14,1642118400000,3915.911051121797,3915.911051121797
2022-01-13,1642032000000,3151.3995419665275,3151.3995419665275
2022-01-12,1641945600000,3327.00340036895,3327.00340036895
2022-01-11,1641859200000,3269.949230685389,3269.949230685389
2022-01-10,1641772800000,3262.549446727868,3262.549446727868
2022-01-09,1641686400000,3063.404626059692,3063.404626059692
2022-01-08,1641600000000,3352.912445585629,3352.912445585629
2022-01-07,1641513600000,5409.960840752294,5409.960840752294
2022-01-06,1641427200000,3202.915666551343,3202.915666551343
2022-01-05,1641340800000,4087.9455966553955,4087.9455966553955
2022-01-04,1641254400000,3090.2349069001984,3090.2349069001984
2022-01-03,1641168000000,3729.7747416293587,3729.7747416293587
2022-01-02,1641081600000,3005.9352244775687,3005.9352244775687
2022-01-01,1640995200000,2369.267617852512,2369.267617852512
2021-12-31,1640908800000,2594.0329992215147,2594.0329992215147
2021-12-30,1640822400000,2829.3086901700685,2829.3086901700685
2021-12-29,1640736000000,2992.670687959739,2992.670687959739
2021-12-28,1640649600000,3578.560281411623,3578.560281411623
2021-12-27,1640563200000,3386.320005138886,3386.320005138886
2021-12-26,1640476800000,2667.8127780020786,2667.8127780020786
2021-12-25,1640390400000,2379.6720548613794,2379.6720548613794
2021-12-24,1640304000000,3405.9102264133526,3405.9102264133526
2021-12-23,1640217600000,4253.426582083399,4253.426582083399
2021-12-22,1640131200000,8136.703627540999,8136.703627540999
2021-12-21,1640044800000,4919.211297347559,4919.211297347559
2021-12-20,1639958400000,7400.753610583636,7400.753610583636
2021-12-19,1639872000000,3446.903551102525,3446.903551102525
2021-12-18,1639785600000,3387.6589228942134,3387.6589228942134
2021-12-17,1639699200000,4159.135842915158,4159.135842915158
2021-12-16,1639612800000,3618.850069907208,3618.850069907208
2021-12-15,1639526400000,3925.0905077746256,3925.0905077746256
2021-12-14,1639440000000,4727.619892860258,4727.619892860258
2021-12-13,1639353600000,7243.658045994808,7243.658045994808
2021-12-12,1639267200000,3781.1454829999298,3781.1454829999298
2021-12-11,1639180800000,3323.1565862421967,3323.1565862421967
2021-12-10,1639094400000,3583.8760663006174,3583.8760663006174
2021-12-09,1639008000000,3736.2214217740343,3736.2214217740343
2021-12-08,1638921600000,3835.130203465333,3835.130203465333
2021-12-07,1638835200000,3141.901441977321,3141.901441977321
2021-12-06,1638748800000,3684.3616622854915,3684.3616622854915
2021-12-05,1638662400000,2792.4858208536975,2792.4858208536975
2021-12-04,1638576000000,6683.3890110549955,6683.3890110549955
2021-12-03,1638489600000,4037.466946374931,4037.466946374931
2021-12-02,1638403200000,4866.630981936187,4866.630981936187
2021-12-01,1638316800000,2807.8505933974047,2807.8505933974047
2021-11-30,1638230400000,2892.264634112125,2892.264634112125
2021-11-29,1638144000000,4758.1752852174295,4758.1752852174295
2021-11-28,1638057600000,2858.454048034903,2858.454048034903
2021-11-27,1637971200000,2598.9091406434004,2598.9091406434004
2021-11-26,1637884800000,11018.409890662608,11018.409890662608
2021-11-25,1637798400000,8606.624940083653,8606.624940083653
2021-11-24,1637712000000,8312.464140782602,8312.464140782602
2021-11-23,1637625600000,9691.247875455392,9691.247875455392
2021-11-22,1637539200000,15011.528619602688,15011.528619602688
2021-11-21,1637452800000,6321.418135032227,6321.418135032227
2021-11-20,1637366400000,4238.281357204851,4238.281357204851
2021-11-19,1637280000000,2832.0518612678975,2832.0518612678975
2021-11-18,1637193600000,7718.699836705036,7718.699836705036
2021-11-17,1637107200000,4504.098428572966,4504.098428572966
2021-11-16,1637020800000,2930.09677044137,2930.09677044137
2021-11-15,1636934400000,2657.4475100634395,2657.4475100634395
2021-11-14,1636848000000,1880.920431876488,1880.920431876488
2021-11-13,1636761600000,5796.7518543713,5796.7518543713
2021-11-12,1636675200000,1745.92713315349,1745.92713315349
2021-11-11,1636588800000,1753.4022183748425,1753.4022183748425
2021-11-10,1636502400000,2729.026920334621,2729.026920334621
2021-11-09,1636416000000,2319.60626696901,2319.60626696901
2021-11-08,1636329600000,4568.196755493215,4568.196755493215
2021-11-07,1636243200000,1574.177787343731,1574.177787343731
2021-11-06,1636156800000,1737.8627244778406,1737.8627244778406
2021-11-05,1636070400000,1599.6077365238737,1599.6077365238737
2021-11-04,1635984000000,1658.9034050650464,1658.9034050650464
2021-11-03,1635897600000,1515.8207978038247,1515.8207978038247
2021-11-02,1635811200000,1355.7036901057022,1355.7036901057022
2021-11-01,1635724800000,1393.8031697156546,1393.8031697156546
2021-10-31,1635638400000,1277.8738820369917,1277.8738820369917
2021-10-30,1635552000000,1081.7414722202418,1081.7414722202418
2021-10-29,1635465600000,1241.1438657960982,1241.1438657960982
2021-10-28,1635379200000,1380.2288471684387,1380.2288471684387
2021-10-27,1635292800000,1751.6745885504781,1751.6745885504781
2021-10-26,1635206400000,2399.8365045528753,2399.8365045528753
2021-10-25,1635120000000,1722.1892535439592,1722.1892535439592
2021-10-24,1635033600000,1439.3485911681976,1439.3485911681976
2021-10-23,1634947200000,1655.6460703494881,1655.6460703494881
2021-10-22,1634860800000,2423.857883334078,2423.857883334078
2021-10-21,1634774400000,1595.2677141639533,1595.2677141639533
2021-10-20,1634688000000,1838.0332640187598,1838.0332640187598
2021-10-19,1634601600000,1020.7169422502992,1020.7169422502992
2021-10-18,1634515200000,1155.9399360690927,1155.9399360690927
2021-10-17,1634428800000,926.1730603054616,926.1730603054616
2021-10-16,1634342400000,1009.1170313317393,1009.1170313317393
2021-10-15,1634256000000,1345.1496065241179,1345.1496065241179
2021-10-14,1634169600000,1032.061972249743,1032.061972249743
2021-10-13,1634083200000,1176.6233459452958,1176.6233459452958
2021-10-12,1633996800000,1588.0160235808983,1588.0160235808983
2021-10-11,1633910400000,1422.6468813734834,1422.6468813734834
2021-10-10,1633824000000,1388.3548219281254,1388.3548219281254
2021-10-09,1633737600000,944.2085879304756,944.2085879304756
2021-10-08,1633651200000,1286.1557952370206,1286.1557952370206
2021-10-07,1633564800000,1228.4113945338913,1228.4113945338913
2021-10-06,1633478400000,1540.761349154141,1540.761349154141
2021-10-05,1633392000000,6668.414318188463,6668.414318188463
2021-10-04,1633305600000,2085.844496838066,2085.844496838066
2021-10-03,1633219200000,1367.2000291976685,1367.2000291976685
2021-10-02,1633132800000,1028.3718323626229,1028.3718323626229
2021-10-01,1633046400000,1054.923418342619,1054.923418342619
2021-09-30,1632960000000,1141.6633620899502,1141.6633620899502
2021-09-29,1632873600000,1247.3941236235933,1247.3941236235933
2021-09-28,1632787200000,974.9762761322382,974.9762761322382
2021-09-27,1632700800000,1244.5846695088637,1244.5846695088637
2021-09-26,1632614400000,1034.4799066410976,1034.4799066410976
2021-09-25,1632528000000,1051.157369742043,1051.157369742043
2021-09-24,1632441600000,1511.408645847369,1511.408645847369
2021-09-23,1632355200000,1598.2194031636548,1598.2194031636548
2021-09-22,1632268800000,2499.243583990402,2499.243583990402
2021-09-21,1632182400000,3293.8708992414217,3293.8708992414217
2021-09-20,1632096000000,6775.246572777074,6775.246572777074
2021-09-19,1632009600000,2639.7309210945514,2639.7309210945514
2021-09-18,1631923200000,2779.7764569901533,2779.7764569901533
2021-09-17,1631836800000,2693.4181828202063,2693.4181828202063
2021-09-16,1631750400000,4063.18004240815,4063.18004240815
2021-09-15,1631664000000,4366.18646481324,4366.18646481324
2021-09-14,1631577600000,2483.0176479287543,2483.0176479287543
2021-09-13,1631491200000,3078.431345430569,3078.431345430569
2021-09-12,1631404800000,4496.898973435161,4496.898973435161
2021-09-11,1631318400000,4402.976501300904,4402.976501300904
2021-09-10,1631232000000,5613.010151505318,5613.010151505318
2021-09-09,1631145600000,3368.14599450993,3368.14599450993
2021-09-08,1631059200000,2223.504985858824,2223.504985858824
2021-09-07,1630972800000,3181.3569536269133,3181.3569536269133
2021-09-06,1630886400000,2093.8689738269486,2093.8689738269486
2021-09-05,1630800000000,1443.0405018313213,1443.0405018313213
2021-09-04,1630713600000,1689.5451242505558,1689.5451242505558
2021-09-03,1630627200000,2017.535449877765,2017.535449877765
2021-09-02,1630540800000,3172.08753093167,3172.08753093167
2021-09-01,1630454400000,1934.8695015707463,1934.8695015707463
2021-08-31,1630368000000,2170.3476704079467,2170.3476704079467
2021-08-30,1630281600000,2951.546497954096,2951.546497954096
2021-08-29,1630195200000,2982.3192513829786,2982.3192513829786
2021-08-28,1630108800000,4163.439055656431,4163.439055656431
2021-08-27,1630022400000,5641.241618215286,5641.241618215286
2021-08-26,1629936000000,3938.9583726462583,3938.9583726462583
2021-08-25,1629849600000,4250.814326820799,4250.814326820799
2021-08-24,1629763200000,4184.97676784569,4184.97676784569
2021-08-23,1629676800000,4182.881157781515,4182.881157781515
2021-08-22,1629590400000,3075.204152045793,3075.204152045793
2021-08-21,1629504000000,5231.34965585827,5231.34965585827
2021-08-20,1629417600000,3062.211119116816,3062.211119116816
2021-08-19,1629331200000,2757.00830085464,2757.00830085464
2021-08-18,1629244800000,1498.5910487108877,1498.5910487108877
2021-08-17,1629158400000,1255.410829329283,1255.410829329283
2021-08-16,1629072000000,960.3766683286638,960.3766683286638
2021-08-15,1628985600000,627.2629498312981,627.2629498312981
2021-08-14,1628899200000,727.5278408684115,727.5278408684115
2021-08-13,1628812800000,1153.819745073878,1153.819745073878
2021-08-12,1628726400000,2137.0996781834765,2137.0996781834765
2021-08-11,1628640000000,4287.120195619245,4287.120195619245
2021-08-10,1628553600000,1380.423722387144,1380.423722387144
2021-08-09,1628467200000,517.995131865373,517.995131865373
2021-08-08,1628380800000,357.3099277611782,357.3099277611782
2021-08-07,1628294400000,432.2972796779849,432.2972796779849
2021-08-06,1628208000000,488.0625341671984,488.0625341671984
2021-08-05,1628121600000,394.03439073771494,394.03439073771494
2021-08-04,1628035200000,409.0695309663183,409.0695309663183
2021-08-03,1627948800000,456.7765431632311,456.7765431632311
2021-08-02,1627862400000,478.7635900030658,478.7635900030658
2021-08-01,1627776000000,433.0422640905104,433.0422640905104
2021-07-31,1627689600000,386.4898318815831,386.4898318815831
2021-07-30,1627603200000,507.1522793674119,507.1522793674119
2021-07-29,1627516800000,600.0053247499791,600.0053247499791
2021-07-28,1627430400000,525.876173824495,525.876173824495
2021-07-27,1627344000000,486.5872301051152,486.5872301051152
2021-07-26,1627257600000,581.2380694186562,581.2380694186562
2021-07-25,1627171200000,377.85150562310224,377.85150562310224
2021-07-24,1627084800000,402.69160898794905,402.69160898794905
2021-07-23,1626998400000,451.6820697929055,451.6820697929055
2021-07-22,1626912000000,405.5703433150354,405.5703433150354
2021-07-21,1626825600000,462.56109265473947,462.56109265473947
2021-07-20,1626739200000,436.73594479511615,436.73594479511615
2021-07-19,1626652800000,434.2843986653694,434.2843986653694
2021-07-18,1626566400000,405.25104462807826,405.25104462807826
2021-07-17,1626480000000,466.45679883290035,466.45679883290035
2021-07-16,1626393600000,540.8338398479447,540.8338398479447
2021-07-15,1626307200000,499.0808528200985,499.0808528200985
2021-07-14,1626220800000,575.2019556633899,575.2019556633899
2021-07-13,1626134400000,513.2814559860432,513.2814559860432
2021-07-12,1626048000000,560.6073462857827,560.6073462857827
2021-07-11,1625961600000,456.4760787403704,456.4760787403704
2021-07-10,1625875200000,427.6202603653782,427.6202603653782
2021-07-09,1625788800000,637.3430396577553,637.3430396577553
2021-07-08,1625702400000,856.4261051284394,856.4261051284394
2021-07-07,1625616000000,1368.1011189206613,1368.1011189206613
2021-07-06,1625529600000,582.5753058940265,582.5753058940265
2021-07-05,1625443200000,518.0594503306236,518.0594503306236
2021-07-04,1625356800000,491.53798858988216,491.53798858988216
2021-07-03,1625270400000,731.8722961820747,731.8722961820747
2021-07-02,1625184000000,419.3665008288596,419.3665008288596
2021-07-01,1625097600000,329.7665113007604,329.7665113007604
2021-06-30,1625011200000,605.9124240929967,605.9124240929967
2021-06-29,1624924800000,2001.2352485597603,2001.2352485597603
2021-06-28,1624838400000,362.81841508865665,362.81841508865665
2021-06-27,1624752000000,604.1834383568286,604.1834383568286
2021-06-26,1624665600000,779.4314797292259,779.4314797292259
2021-06-25,1624579200000,948.3553014610842,948.3553014610842
2021-06-24,1624492800000,634.802144321999,634.802144321999
2021-06-23,1624406400000,612.7800001209977,612.7800001209977
2021-06-22,1624320000000,612.3943126234102,612.3943126234102
2021-06-21,1624233600000,635.0352477069315,635.0352477069315
2021-06-20,1624147200000,649.1247037715465,649.1247037715465
2021-06-19,1624060800000,436.7797020713771,436.7797020713771
2021-06-18,1623974400000,490.51326678029847,490.51326678029847
2021-06-17,1623888000000,639.584667175192,639.584667175192
2021-06-16,1623801600000,660.7741888626506,660.7741888626506
2021-06-15,1623715200000,562.5167324883121,562.5167324883121
2021-06-14,1623628800000,666.3612577999062,666.3612577999062
2021-06-13,1623542400000,500.9991792598068,500.9991792598068
2021-06-12,1623456000000,454.16337585382405,454.16337585382405
2021-06-11,1623369600000,506.11820607918645,506.11820607918645
2021-06-10,1623283200000,509.61658754608624,509.61658754608624
2021-06-09,1623196800000,522.8685179104973,522.8685179104973
2021-06-08,1623110400000,541.6771487592813,541.6771487592813
2021-06-07,1623024000000,597.7335079154913,597.7335079154913
2021-06-06,1622937600000,432.8138740335096,432.8138740335096
2021-06-05,1622851200000,495.7436711738637,495.7436711738637
2021-06-04,1622764800000,572.561745170179,572.561745170179
2021-06-03,1622678400000,650.0351903472174,650.0351903472174
2021-06-02,1622592000000,699.5943317175493,699.5943317175493
2021-06-01,1622505600000,939.1812733634926,939.1812733634926
2021-05-31,1622419200000,626.4238359458426,626.4238359458426
2021-05-30,1622332800000,548.523605107528,548.523605107528
2021-05-29,1622246400000,607.381791420006,607.381791420006
2021-05-28,1622160000000,662.4534845721862,662.4534845721862
2021-05-27,1622073600000,626.5962738542611,626.5962738542611
2021-05-26,1621987200000,660.5796004632629,660.5796004632629
2021-05-25,1621900800000,798.1748211625699,798.1748211625699
2021-05-24,1621814400000,879.8165825966882,879.8165825966882
2021-05-23,1621728000000,1014.9261091661737,1014.9261091661737
2021-05-22,1621641600000,729.9502157751857,729.9502157751857
2021-05-21,1621555200000,885.4716089832071,885.4716089832071
2021-05-20,1621468800000,1010.2822762881156,1010.2822762881156
2021-05-19,1621382400000,1402.969262877036,1402.969262877036
2021-05-18,1621296000000,1080.1715635075784,1080.1715635075784
2021-05-17,1621209600000,1375.9781465104058,1375.9781465104058
2021-05-16,1621123200000,1227.9414223470476,1227.9414223470476
2021-05-15,1621036800000,1236.4366000628536,1236.4366000628536
2021-05-14,1620950400000,1952.198236508952,1952.198236508952
2021-05-13,1620864000000,1327.0500283223935,1327.0500283223935
2021-05-12,1620777600000,1342.1752039991454,1342.1752039991454
2021-05-11,1620691200000,1205.4948405650175,1205.4948405650175
2021-05-10,1620604800000,1358.576052840955,1358.576052840955
2021-05-09,1620518400000,1342.5624070914666,1342.5624070914666
2021-05-08,1620432000000,1424.415264992168,1424.415264992168
2021-05-07,1620345600000,1698.1942798838102,1698.1942798838102
2021-05-06,1620259200000,1460.4390756745806,1460.4390756745806
2021-05-05,1620172800000,1227.5760072425944,1227.5760072425944
2021-05-04,1620086400000,1344.388091012,1344.388091012
2021-05-03,1620000000000,1880.3817565941624,1880.3817565941624
2021-05-02,1619913600000,1429.049563534735,1429.049563534735
2021-05-01,1619827200000,2169.686439078576,2169.686439078576
2021-04-30,1619740800000,1415.8158383506718,1415.8158383506718
2021-04-29,1619654400000,630.1556668474217,630.1556668474217
2021-04-28,1619568000000,636.1188669044674,636.1188669044674
2021-04-27,1619481600000,405.74235884550745,405.74235884550745
2021-04-26,1619395200000,461.76217998378144,461.76217998378144
2021-04-25,1619308800000,455.70013066482164,455.70013066482164
2021-04-24,1619222400000,456.53100036919176,456.53100036919176
2021-04-23,1619136000000,693.9434447448972,693.9434447448972
2021-04-22,1619049600000,878.3476299454677,878.3476299454677
2021-04-21,1618963200000,962.7991206083584,962.7991206083584
2021-04-20,1618876800000,993.4171042114895,993.4171042114895
2021-04-19,1618790400000,634.2266592761873,634.2266592761873
2021-04-18,1618704000000,516.2197663840126,516.2197663840126
2021-04-17,1618617600000,350.13268874574345,350.13268874574345
2021-04-16,1618531200000,345.28885133647236,345.28885133647236
2021-04-15,1618444800000,439.49175949067364,439.49175949067364
2021-04-14,1618358400000,506.5469928584842,506.5469928584842
2021-04-13,1618272000000,348.739277602213,348.739277602213
2021-04-12,1618185600000,419.67118440226716,419.67118440226716
2021-04-11,1618099200000,302.62086213427875,302.62086213427875
2021-04-10,1618012800000,416.54280129683644,416.54280129683644
2021-04-09,1617926400000,465.56823507855444,465.56823507855444
2021-04-08,1617840000000,616.3754045643241,616.3754045643241
2021-04-07,1617753600000,647.0428595173948,647.0428595173948
2021-04-06,1617667200000,724.1518047021519,724.1518047021519
2021-04-05,1617580800000,756.8091768690955,756.8091768690955
2021-04-04,1617494400000,538.9679416407105,538.9679416407105
2021-04-03,1617408000000,669.2974767757498,669.2974767757498
2021-04-02,1617321600000,891.666572592182,891.666572592182
2021-04-01,1617235200000,1476.3894666001565,1476.3894666001565
2021-03-31,1617148800000,687.7438529534015,687.7438529534015
2021-03-30,1617062400000,1097.908352393914,1097.908352393914
2021-03-29,1616976000000,1652.232658711814,1652.232658711814
2021-03-28,1616889600000,3980.905935851189,3980.905935851189
2021-03-27,1616803200000,486.75894758970446,486.75894758970446
2021-03-26,1616716800000,444.8828737298877,444.8828737298877
2021-03-25,1616630400000,482.59841154316564,482.59841154316564
2021-03-24,1616544000000,557.281361178313,557.281361178313
2021-03-23,1616457600000,902.3118876340073,902.3118876340073
2021-03-22,1616371200000,1229.7058081550272,1229.7058081550272
2021-03-21,1616284800000,749.5937087668564,749.5937087668564
2021-03-20,1616198400000,1155.115448624335,1155.115448624335
2021-03-19,1616112000000,1173.069679583363,1173.069679583363
2021-03-18,1616025600000,956.863469783846,956.863469783846
2021-03-17,1615939200000,846.1880163252208,846.1880163252208
2021-03-16,1615852800000,948.9682693762052,948.9682693762052
2021-03-15,1615766400000,851.3872247834607,851.3872247834607
2021-03-14,1615680000000,819.1169894619044,819.1169894619044
2021-03-13,1615593600000,693.3811385206448,693.3811385206448
2021-03-12,1615507200000,768.3730426671033,768.3730426671033
2021-03-11,1615420800000,725.9577443003869,725.9577443003869
2021-03-10,1615334400000,763.2071230578572,763.2071230578572
2021-03-09,1615248000000,934.6484852967453,934.6484852967453
2021-03-08,1615161600000,568.7749251123427,568.7749251123427
2021-03-07,1615075200000,538.2554395776724,538.2554395776724
2021-03-06,1614988800000,463.9862383569672,463.9862383569672
2021-03-05,1614902400000,575.3405652296428,575.3405652296428
2021-03-04,1614816000000,1221.7445976999563,1221.7445976999563
2021-03-03,1614729600000,1202.0112765064237,1202.0112765064237
2021-03-02,1614643200000,684.924299670439,684.924299670439
2021-03-01,1614556800000,656.2228181505532,656.2228181505532
2021-02-28,1614470400000,630.3548577148867,630.3548577148867
2021-02-27,1614384000000,583.2146815314989,583.2146815314989
2021-02-26,1614297600000,565.9036327690563,565.9036327690563
2021-02-25,1614211200000,903.5325153938381,903.5325153938381
2021-02-24,1614124800000,529.4453547007369,529.4453547007369
2021-02-23,1614038400000,502.5568080584948,502.5568080584948
2021-02-22,1613952000000,647.0207670962476,647.0207670962476
2021-02-21,1613865600000,627.578913890279,627.578913890279
2021-02-20,1613779200000,826.5020396944336,826.5020396944336
2021-02-19,1613692800000,993.4308920645609,993.4308920645609
2021-02-18,1613606400000,1223.3169329109194,1223.3169329109194
2021-02-17,1613520000000,957.8608965742225,957.8608965742225
2021-02-16,1613433600000,593.4865092902828,593.4865092902828
2021-02-15,1613347200000,738.9587409027885,738.9587409027885
2021-02-14,1613260800000,425.3800816816145,425.3800816816145
2021-02-13,1613174400000,402.9376533341218,402.9376533341218
2021-02-12,1613088000000,415.49378040513443,415.49378040513443
2021-02-11,1613001600000,21.133491368470114,21.133491368470114
2021-02-10,1612915200000,1056.6478185132646,1056.6478185132646
2021-02-09,1612828800000,1636.3899423687603,1636.3899423687603
2021-02-08,1612742400000,142.55550837343844,142.55550837343844
2021-02-07,1612656000000,127.05060716490428,127.05060716490428
2021-02-06,1612569600000,114.88511851327036,114.88511851327036
2021-02-05,1612483200000,142.87226438935397,142.87226438935397
2021-02-04,1612396800000,197.2655516599001,197.2655516599001
2021-02-03,1612310400000,296.5823310499581,296.5823310499581
2021-02-02,1612224000000,67.2563016739731,67.2563016739731
2021-02-01,1612137600000,17.109215884324325,17.109215884324325
2021-01-31,1612051200000,4.029186715272727,4.029186715272727
2021-01-30,1611964800000,21.008497641453154,21.008497641453154
2021-01-29,1611878400000,496.4270276274122,496.4270276274122
2021-01-28,1611792000000,20.576378649734416,20.576378649734416
2021-01-27,1611705600000,19.13964704478022,19.13964704478022
2021-01-26,1611619200000,175.946463257397,175.946463257397
2021-01-25,1611532800000,306.3809893887219,306.3809893887219
2021-01-24,1611446400000,0.06702777777777777,0.06702777777777777
2021-01-23,1611360000000,0.2474575824175824,0.2474575824175824
2021-01-22,1611273600000,3.180444229230769,3.180444229230769
2021-01-21,1611187200000,0.190869074,0.190869074
2021-01-20,1611100800000,3.4086828333333328,3.4086828333333328
2021-01-19,1611014400000,8.171008013793104,8.171008013793104
2021-01-18,1610928000000,0.567227584,0.567227584
2021-01-17,1610841600000,2.488549239657143,2.488549239657143
2021-01-16,1610755200000,2.1692416578260874,2.1692416578260874
2021-01-15,1610668800000,2.5599841405405406,2.5599841405405406
2021-01-14,1610582400000,0.7397491675675675,0.7397491675675675
2021-01-13,1610496000000,0.214794536,0.214794536
2021-01-12,1610409600000,9.21652545375,9.21652545375
2021-01-11,1610323200000,24.937463840634532,24.937463840634532
2021-01-10,1610236800000,0.114588444,0.114588444
2021-01-09,1610150400000,4.52139397875,4.52139397875
2021-01-08,1610064000000,84.21815708247372,84.21815708247372
2021-01-07,1609977600000,2.9758014857142854,2.9758014857142854
2021-01-06,1609891200000,9.153604839555555,9.153604839555555
2021-01-05,1609804800000,0.01316,0.01316
2021-01-04,1609718400000,6.203410143,6.203410143
2021-01-03,1609632000000,2.7394635936585363,2.7394635936585363
2021-01-02,1609545600000,2.2456911208333334,2.2456911208333334
2021-01-01,1609459200000,36.90664294294975,36.90664294294975
2020-12-31,1609372800000,39.49808848163217,39.49808848163217
2020-12-30,1609286400000,43.87357697368704,43.87357697368704
2020-12-29,1609200000000,41.690135983779264,41.690135983779264
2020-12-28,1609113600000,10.958316473953996,10.958316473953996
2020-12-27,1609027200000,0.017766,0.017766
2020-12-24,1608768000000,0.031555,0.031555
2020-12-23,1608681600000,0.04099846153846154,0.04099846153846154
2020-12-22,1608595200000,19.55285525388142,19.55285525388142
2020-12-21,1608508800000,66.59624292856452,66.59624292856452
2020-12-20,1608422400000,60.70762590050196,60.70762590050196
2020-12-19,1608336000000,5.8864586076327114,5.8864586076327114
2020-12-18,1608249600000,3.4800172094193544,3.4800172094193544
2020-12-17,1608163200000,0.04102254,0.04102254
2020-12-16,1608076800000,0.6170359877027026,0.6170359877027026
2020-12-14,1607904000000,0.09292464,0.09292464
2020-12-13,1607817600000,0.19524865333333336,0.19524865333333336
2020-12-11,1607644800000,1.16029182,1.16029182
2020-12-10,1607558400000,0.20816178636363636,0.20816178636363636
2020-12-09,1607472000000,2.6793589128888886,2.6793589128888886
2020-12-08,1607385600000,0.6632173418181817,0.6632173418181817
2020-12-07,1607299200000,0.8328098970731707,0.8328098970731707
2020-12-06,1607212800000,0.8540664869811321,0.8540664869811321
2020-12-05,1607126400000,0.26034381,0.26034381
2020-12-03,1606953600000,0.002,0.002
2020-12-01,1606780800000,0,0
2020-11-29,1606608000000,0.34846975,0.34846975
2020-11-28,1606521600000,7.75109482875,7.75109482875
2020-11-26,1606348800000,2.231355456,2.231355456
2020-11-23,1606089600000,0.044962785,0.044962785
2020-11-20,1605830400000,0.2425374,0.2425374
2020-11-19,1605744000000,0.1121796,0.1121796
2020-11-18,1605657600000,0.031841805,0.031841805
2020-11-17,1605571200000,0.28678003428571425,0.28678003428571425
2020-11-16,1605484800000,0.2566945285714286,0.2566945285714286
2020-11-14,1605312000000,0.22905053571428574,0.22905053571428574
2020-11-13,1605225600000,3.1582675564556966,3.1582675564556966
2020-11-12,1605139200000,5.115647264237288,5.115647264237288
2020-11-11,1605052800000,0.6095862342424242,0.6095862342424242
2020-11-10,1604966400000,0.8460442905882353,0.8460442905882353
2020-11-09,1604880000000,2.7586786165714283,2.7586786165714283
2020-11-08,1604793600000,0.19631712,0.19631712
2020-11-06,1604620800000,0.25092548,0.25092548
2020-11-05,1604534400000,0.2255761083333333,0.2255761083333333
2020-11-04,1604448000000,0.233767425,0.233767425
2020-11-03,1604361600000,1.059496379117647,1.059496379117647
2020-11-02,1604275200000,0.8786643564556962,0.8786643564556962
2020-11-01,1604188800000,0.18226913333333333,0.18226913333333333
2020-10-30,1604016000000,0.07206541333333333,0.07206541333333333
2020-10-29,1603929600000,0.6353963571428572,0.6353963571428572
2020-10-28,1603843200000,0.7368059183333334,0.7368059183333334
2020-10-27,1603756800000,0.2908971,0.2908971
2020-10-23,1603411200000,1.2988004675,1.2988004675
2020-10-22,1603324800000,0.06628551,0.06628551
2020-10-21,1603238400000,0.15108714,0.15108714
2020-10-20,1603152000000,0.3486114525,0.3486114525
2020-10-19,1603065600000,0.38283654769230774,0.38283654769230774
2020-10-18,1602979200000,0.36491364,0.36491364
2020-10-17,1602892800000,1.8191175948387097,1.8191175948387097
2020-10-16,1602806400000,0.11427318178571429,0.11427318178571429
2020-10-15,1602720000000,0.910205901,0.910205901
2020-10-14,1602633600000,0.35979775714285717,0.35979775714285717
2020-10-13,1602547200000,7.923055302739726,7.923055302739726
2020-10-12,1602460800000,0.2100934707692308,0.2100934707692308
2020-10-11,1602374400000,0.8798243333333334,0.8798243333333334
2020-10-08,1602115200000,3.086953004237288,3.086953004237288
2020-10-07,1602028800000,1.602778707692308,1.602778707692308
2020-10-06,1601942400000,0.374924875,0.374924875
2020-10-05,1601856000000,0.002,0.002
2020-10-04,1601769600000,0.39120124,0.39120124
2020-10-03,1601683200000,0.01974,0.01974
2020-10-02,1601596800000,1.2721534327586206,1.2721534327586206
2020-10-01,1601510400000,85.35752402958333,85.35752402958333
2020-09-30,1601424000000,22.03075282528736,22.03075282528736
2020-09-29,1601337600000,0.8092870835294118,0.8092870835294118
2020-09-28,1601251200000,0.26007544,0.26007544
2020-09-27,1601164800000,1.454602624,1.454602624
2020-09-25,1600992000000,1.8154455,1.8154455
2020-09-24,1600905600000,0.014805,0.014805
2020-09-23,1600819200000,0.03230181818181818,0.03230181818181818