"Date(UTC)","UnixTimeStamp","Value"
"4/24/2020","1587686400","830639031500000000"
"4/25/2020","1587772800","6975393500000000"
"4/26/2020","1587859200","11592930000000000"
"4/27/2020","1587945600","12199294500000000"
"4/28/2020","1588032000","10558658500000000"
"4/29/2020","1588118400","5888671000000000"
"4/30/2020","1588204800","14248519500000000"
"5/1/2020","1588291200","9456089169674297305"
"5/2/2020","1588377600","15939568000000000"
"5/3/2020","1588464000","3575348500000000"
"5/4/2020","1588550400","2407557500000000"
"5/5/2020","1588636800","7225015000000000"
"5/6/2020","1588723200","10932397000000000"
"5/7/2020","1588809600","2021936000000000"
"5/8/2020","1588896000","2328539000000000"
"5/9/2020","1588982400","6787814000000000"
"5/10/2020","1589068800","123832500000000"
"5/11/2020","1589155200","437470500000000"
"5/12/2020","1589241600","5963315500000000"
"5/13/2020","1589328000","3522416500000000"
"5/14/2020","1589414400","5149246000000000"
"5/15/2020","1589500800","10858010500000000"
"5/16/2020","1589587200","5014273264500000000"
"5/17/2020","1589673600","19680764000000000"
"5/18/2020","1589760000","25734693500000000"
"5/19/2020","1589846400","22989344000000000"
"5/20/2020","1589932800","16717088000000000"
"5/21/2020","1590019200","3398592530000000000"
"5/22/2020","1590105600","17614310000000000"
"5/23/2020","1590192000","8524001500000000"
"5/24/2020","1590278400","11138322500000000"
"5/25/2020","1590364800","10496227500000000"
"5/26/2020","1590451200","16735223000000000"
"5/27/2020","1590537600","4796741000000000"
"5/28/2020","1590624000","2926399285900000000"
"5/29/2020","1590710400","6610478000000000"
"5/30/2020","1590796800","4917128500000000"
"5/31/2020","1590883200","4224626500000000"
"6/1/2020","1590969600","4772972500000000"
"6/2/2020","1591056000","3001651000000000"
"6/3/2020","1591142400","5360322500000000"
"6/4/2020","1591228800","4554082000000000"
"6/5/2020","1591315200","6610301000000000"
"6/6/2020","1591401600","5039927500000000"
"6/7/2020","1591488000","33553136000000000"
"6/8/2020","1591574400","8217765500000000"
"6/9/2020","1591660800","13375076000000000"
"6/10/2020","1591747200","3941807500000000"
"6/11/2020","1591833600","2987206500000000"
"6/12/2020","1591920000","6482958500000000"
"6/13/2020","1592006400","5363367582500000000"
"6/14/2020","1592092800","411909553000000000"
"6/15/2020","1592179200","427579412000000000"
"6/16/2020","1592265600","429652771500000000"
"6/17/2020","1592352000","425934152000000000"
"6/18/2020","1592438400","393711482500000000"
"6/19/2020","1592524800","460510472450000000"
"6/20/2020","1592611200","443405658350000000"
"6/21/2020","1592697600","440826825500000000"
"6/22/2020","1592784000","445558862500000000"
"6/23/2020","1592870400","421028226000000000"
"6/24/2020","1592956800","454997112000000000"
"6/25/2020","1593043200","430421401900000000"
"6/26/2020","1593129600","460628054850000000"
"6/27/2020","1593216000","426893903000000000"
"6/28/2020","1593302400","528128372550000000"
"6/29/2020","1593388800","552796854422989615"
"6/30/2020","1593475200","523784925806630460"
"7/1/2020","1593561600","503012963381352845"
"7/2/2020","1593648000","481196620717086515"
"7/3/2020","1593734400","454539479311312840"
"7/4/2020","1593820800","435185530654099245"
"7/5/2020","1593907200","449265528350363700"
"7/6/2020","1593993600","487641413699055345"
"7/7/2020","1594080000","472370023544156590"
"7/8/2020","1594166400","1729019168059370940"
"7/9/2020","1594252800","1156497992922772085"
"7/10/2020","1594339200","1297371032127824115"
"7/11/2020","1594425600","909722571299422680"
"7/12/2020","1594512000","775278088587586925"
"7/13/2020","1594598400","688786589395940350"
"7/14/2020","1594684800","449127415065489550"
"7/15/2020","1594771200","2437674926018277720"
"7/16/2020","1594857600","753085365564618500"
"7/17/2020","1594944000","599062492589857150"
"7/18/2020","1595030400","453740615755015460"
"7/19/2020","1595116800","477362432075500000"
"7/20/2020","1595203200","513055388440151975"
"7/21/2020","1595289600","517866036742687160"
"7/22/2020","1595376000","518600154854211080"
"7/23/2020","1595462400","501308491703008240"
"7/24/2020","1595548800","495821217376897325"
"7/25/2020","1595635200","447152432628171120"
"7/26/2020","1595721600","467375101174731250"
"7/27/2020","1595808000","471033298818245615"
"7/28/2020","1595894400","503581908076158406"
"7/29/2020","1595980800","539529242529080205"
"7/30/2020","1596067200","537335936052303085"
"7/31/2020","1596153600","635476681977283890"
"8/1/2020","1596240000","593065984048541435"
"8/2/2020","1596326400","604348445551033802"
"8/3/2020","1596412800","623278120164930280"
"8/4/2020","1596499200","827065976979040645"
"8/5/2020","1596585600","665595318425668865"
"8/6/2020","1596672000","3781978464141785265"
"8/7/2020","1596758400","569756117768506165"
"8/8/2020","1596844800","638721483442758075"
"8/9/2020","1596931200","583864795590043302"
"8/10/2020","1597017600","752887082045707045"
"8/11/2020","1597104000","797029668082493330"
"8/12/2020","1597190400","1097375458838401635"
"8/13/2020","1597276800","975290713755731870"
"8/14/2020","1597363200","1213401474476351880"
"8/15/2020","1597449600","841420540839588398"
"8/16/2020","1597536000","564679865836193160"
"8/17/2020","1597622400","1142556518310375665"
"8/18/2020","1597708800","1009851640023860675"
"8/19/2020","1597795200","898587521244949505"
"8/20/2020","1597881600","762170291700539280"
"8/21/2020","1597968000","921585990739785515"
"8/22/2020","1598054400","990574698268428540"
"8/23/2020","1598140800","1025154335006233989"
"8/24/2020","1598227200","990187768469000000"
"8/25/2020","1598313600","888811207907856226"
"8/26/2020","1598400000","1503447507492954907"
"8/27/2020","1598486400","1402002448221498439"
"8/28/2020","1598572800","1199495963970982945"
"8/29/2020","1598659200","985837773374243450"
"8/30/2020","1598745600","813734333327050060"
"8/31/2020","1598832000","1044237678181099815"
"9/1/2020","1598918400","1215465693656561815"
"9/2/2020","1599004800","1187729578927000420"
"9/3/2020","1599091200","1591305037976849575"
"9/4/2020","1599177600","2016711048014788145"
"9/5/2020","1599264000","1367882266533671220"
"9/6/2020","1599350400","1125660665949663285"
"9/7/2020","1599436800","807881036363488105"
"9/8/2020","1599523200","844503842905862751"
"9/9/2020","1599609600","1949173889266625715"
"9/10/2020","1599696000","785412116409774674"
"9/11/2020","1599782400","744202929633316650"
"9/12/2020","1599868800","717076614396349390"
"9/13/2020","1599955200","630444044948513765"
"9/14/2020","1600041600","780513772216549915"
"9/15/2020","1600128000","1426186126413055183"
"9/16/2020","1600214400","1909827939337806695"
"9/17/2020","1600300800","1516173474066358585"
"9/18/2020","1600387200","1412144161334142540"
"9/19/2020","1600473600","5198650327197654335"
"9/20/2020","1600560000","1987323373704464545"
"9/21/2020","1600646400","1949348800488209375"
"9/22/2020","1600732800","22242158668429015077"
"9/23/2020","1600819200","1309243529085677943"
"9/24/2020","1600905600","1229666971562189160"
"9/25/2020","1600992000","1303824172984625335"
"9/26/2020","1601078400","724812547178580485"
"9/27/2020","1601164800","910047662107106965"
"9/28/2020","1601251200","1439136487822317415"
"9/29/2020","1601337600","1969375786609845695"
"9/30/2020","1601424000","3423977945600068610"
"10/1/2020","1601510400","7165191729917049242"
"10/2/2020","1601596800","3988183925970449990"
"10/3/2020","1601683200","2366890416911923016"
"10/4/2020","1601769600","2040004822894656742"
"10/5/2020","1601856000","2129139976408491343"
"10/6/2020","1601942400","2572020869003363790"
"10/7/2020","1602028800","2470409896034707705"
"10/8/2020","1602115200","818616527153295341"
"10/9/2020","1602201600","1297781768235567401"
"10/10/2020","1602288000","1018740561268135443"
"10/11/2020","1602374400","1104223443130731585"
"10/12/2020","1602460800","1058412993988420536"
"10/13/2020","1602547200","716078266073999157"
"10/14/2020","1602633600","1136541601704945102"
"10/15/2020","1602720000","1397929675304531825"
"10/16/2020","1602806400","1027129672856656659"
"10/17/2020","1602892800","734457594406177910"
"10/18/2020","1602979200","872285668302861795"
"10/19/2020","1603065600","742974514483977380"
"10/20/2020","1603152000","895482289164593010"
"10/21/2020","1603238400","896206274274819295"
"10/22/2020","1603324800","1022246247089257298"
"10/23/2020","1603411200","860664575683682796"
"10/24/2020","1603497600","525227961946168158"
"10/25/2020","1603584000","539061481526606511"
"10/26/2020","1603670400","631600624047540387"
"10/27/2020","1603756800","716403199683329776"
"10/28/2020","1603843200","725563332021561889"
"10/29/2020","1603929600","738322676666634007"
"10/30/2020","1604016000","764021019636868080"
"10/31/2020","1604102400","689371652698921271"
"11/1/2020","1604188800","641176328413590148"
"11/2/2020","1604275200","696518936472390902"
"11/3/2020","1604361600","716348276099362042"
"11/4/2020","1604448000","832346381276293121"
"11/5/2020","1604534400","628411054989867929"
"11/6/2020","1604620800","866883380333606109"
"11/7/2020","1604707200","714760032686560035"
"11/8/2020","1604793600","587849493325449161"
"11/9/2020","1604880000","794488449076934369"
"11/10/2020","1604966400","2734627979697900830"
"11/11/2020","1605052800","1611486453818281652"
"11/12/2020","1605139200","1382994001082187794"
"11/13/2020","1605225600","1110543916474101359"
"11/14/2020","1605312000","589179978011278292"
"11/15/2020","1605398400","539581657346383605"
"11/16/2020","1605484800","983702767519311701"
"11/17/2020","1605571200","593232775173090825"
"11/18/2020","1605657600","610720208159748465"
"11/19/2020","1605744000","502115482872360221"
"11/20/2020","1605830400","493794238762099629"
"11/21/2020","1605916800","695426787568853176"
"11/22/2020","1606003200","1057377394425127316"
"11/23/2020","1606089600","816354637522126034"
"11/24/2020","1606176000","582217093446328716"
"11/25/2020","1606262400","577707025490797130"
"11/26/2020","1606348800","1077597370824088625"
"11/27/2020","1606435200","699421206698378245"
"11/28/2020","1606521600","598898037659824020"
"11/29/2020","1606608000","617725125479382180"
"11/30/2020","1606694400","570247354542284590"
"12/1/2020","1606780800","549806052784270348"
"12/2/2020","1606867200","862294809097545100"
"12/3/2020","1606953600","667306613708220075"
"12/4/2020","1607040000","682307074396587468"
"12/5/2020","1607126400","535787144428866367"
"12/6/2020","1607212800","515729126468205471"
"12/7/2020","1607299200","660224654102668339"
"12/8/2020","1607385600","639676712671366243"
"12/9/2020","1607472000","982331084654795739"
"12/10/2020","1607558400","1366219839304395191"
"12/11/2020","1607644800","1738894806353479966"
"12/12/2020","1607731200","849813111412646760"
"12/13/2020","1607817600","776091936023134725"
"12/14/2020","1607904000","1028137178497589315"
"12/15/2020","1607990400","1154334818612880608"
"12/16/2020","1608076800","1388955540350297468"
"12/17/2020","1608163200","1351501639674855260"
"12/18/2020","1608249600","1232380585146966740"
"12/19/2020","1608336000","1218189748463155025"
"12/20/2020","1608422400","986656182469031805"
"12/21/2020","1608508800","1117567028210491148"
"12/22/2020","1608595200","1482501276077041749"
"12/23/2020","1608681600","1140746635666916970"
"12/24/2020","1608768000","889461455656163712"
"12/25/2020","1608854400","865865157426697605"
"12/26/2020","1608940800","955640812081689095"
"12/27/2020","1609027200","1144147215652262065"
"12/28/2020","1609113600","1026990639076484940"
"12/29/2020","1609200000","1110912234839822150"
"12/30/2020","1609286400","759012264141266545"
"12/31/2020","1609372800","678088749508261055"
"1/1/2021","1609459200","636100245096668070"
"1/2/2021","1609545600","778164998645948140"
"1/3/2021","1609632000","719137813625569220"
"1/4/2021","1609718400","1006075273060696100"
"1/5/2021","1609804800","6964195539856032852"
"1/6/2021","1609891200","2242963136629480245"
"1/7/2021","1609977600","1795121866437399109"
"1/8/2021","1610064000","1865103751282999227"
"1/9/2021","1610150400","1477350025222923697"
"1/10/2021","1610236800","971795010892409796"
"1/11/2021","1610323200","2452889179939118432"
"1/12/2021","1610409600","2040201229210391062"
"1/13/2021","1610496000","3497143614949627319"
"1/14/2021","1610582400","3232667980644183999"
"1/15/2021","1610668800","2816918724857990261"
"1/16/2021","1610755200","2024368635366822650"
"1/17/2021","1610841600","1693704372963874292"
"1/18/2021","1610928000","2217460487799105677"
"1/19/2021","1611014400","1893961443066817074"
"1/20/2021","1611100800","2637688897093393153"
"1/21/2021","1611187200","4155185287302709910"
"1/22/2021","1611273600","4167428832498351822"
"1/23/2021","1611360000","2046722301490869777"
"1/24/2021","1611446400","1613080259927441660"
"1/25/2021","1611532800","2367741380588696702"
"1/26/2021","1611619200","2666103488498960293"
"1/27/2021","1611705600","2135612246686559528"
"1/28/2021","1611792000","2297003079534731828"
"1/29/2021","1611878400","2027950064009967227"
"1/30/2021","1611964800","2192993221215103839"
"1/31/2021","1612051200","1724804685934046554"
"2/1/2021","1612137600","1793975294726576407"
"2/2/2021","1612224000","1826582573327922813"
"2/3/2021","1612310400","2292920417712682892"
"2/4/2021","1612396800","1835373164926166987"
"2/5/2021","1612483200","2155818748501517366"
"2/6/2021","1612569600","1699880829723908493"
"2/7/2021","1612656000","2622981092776254793"
"2/8/2021","1612742400","2411610591442539491"
"2/9/2021","1612828800","2524493060786708490"
"2/10/2021","1612915200","5294563270714722376"
"2/11/2021","1613001600","4077608795695421019"
"2/12/2021","1613088000","3578321951111132096"
"2/13/2021","1613174400","3487957174099069933"
"2/14/2021","1613260800","2894141574678958622"
"2/15/2021","1613347200","2830954715009540721"
"2/16/2021","1613433600","2733329492046256017"
"2/17/2021","1613520000","3481298435010766133"
"2/18/2021","1613606400","4534803533597952725"
"2/19/2021","1613692800","4680947254513259654"
"2/20/2021","1613779200","3987470656584747373"
"2/21/2021","1613865600","3307278796787382178"
"2/22/2021","1613952000","3091852550521715094"
"2/23/2021","1614038400","3732779907445554292"
"2/24/2021","1614124800","3331689348786263410"
"2/25/2021","1614211200","3293931315081489118"
"2/26/2021","1614297600","2652820684208263247"
"2/27/2021","1614384000","2936548754578852170"
"2/28/2021","1614470400","2542366361167284379"
"3/1/2021","1614556800","2819702466833714607"
"3/2/2021","1614643200","3321095895094423864"
"3/3/2021","1614729600","2227815013443355547"
"3/4/2021","1614816000","3237538768902062484"
"3/5/2021","1614902400","3590118882832377668"
"3/6/2021","1614988800","2861743253555880222"
"3/7/2021","1615075200","2740439631585500558"
"3/8/2021","1615161600","2820345208487122120"
"3/9/2021","1615248000","3415293802464096295"
"3/10/2021","1615334400","4220686361111498328"
"3/11/2021","1615420800","2743920786066004434"
"3/12/2021","1615507200","3144268887708011965"
"3/13/2021","1615593600","3600892241453022053"
"3/14/2021","1615680000","2812554549596507379"
"3/15/2021","1615766400","3581179368568910218"
"3/16/2021","1615852800","2985570501315318969"
"3/17/2021","1615939200","2725793513268138306"
"3/18/2021","1616025600","4305633326694820538"
"3/19/2021","1616112000","3148904068901607783"
"3/20/2021","1616198400","3390193628859551646"
"3/21/2021","1616284800","3635057443025050689"
"3/22/2021","1616371200","6096237371215363696"
"3/23/2021","1616457600","3733131221701639407"
"3/24/2021","1616544000","4011896181002987318"
"3/25/2021","1616630400","4968241317978759716"
"3/26/2021","1616716800","2980772660781623946"
"3/27/2021","1616803200","2805818985941269882"
"3/28/2021","1616889600","3306985062583439295"
"3/29/2021","1616976000","3714636070194804387"
"3/30/2021","1617062400","4269719022110929691"
"3/31/2021","1617148800","4119791679900518283"
"4/1/2021","1617235200","148215533335422528141"
"4/2/2021","1617321600","7116693073365930853"
"4/3/2021","1617408000","3063782279598348776"
"4/4/2021","1617494400","3013754758028024563"
"4/5/2021","1617580800","3637102080866772357"
"4/6/2021","1617667200","3925682515220703613"
"4/7/2021","1617753600","3482339960009543607"
"4/8/2021","1617840000","3997745267356320610"
"4/9/2021","1617926400","4727095665319026080"
"4/10/2021","1618012800","4004695521027962774"
"4/11/2021","1618099200","3418451362362933581"
"4/12/2021","1618185600","5556146899984961439"
"4/13/2021","1618272000","8682558942905869023"
"4/14/2021","1618358400","9396327762104569328"
"4/15/2021","1618444800","14632548482239322254"
"4/16/2021","1618531200","23654586863602122110"
"4/17/2021","1618617600","6572597008265401190"
"4/18/2021","1618704000","7115700872451591923"
"4/19/2021","1618790400","10304108051890170208"
"4/20/2021","1618876800","30242338462158731859"
"4/21/2021","1618963200","32475786546695253424"
"4/22/2021","1619049600","29076327219928575815"
"4/23/2021","1619136000","21008863272956084478"
"4/24/2021","1619222400","15218697671048135346"
"4/25/2021","1619308800","21630204983482930574"
"4/26/2021","1619395200","19851201722130379765"
"4/27/2021","1619481600","18155178683644210001"
"4/28/2021","1619568000","16939146207780390018"
"4/29/2021","1619654400","14043542354585455911"
"4/30/2021","1619740800","13535361313464658399"
"5/1/2021","1619827200","15811126210319593140"
"5/2/2021","1619913600","14454947203177395612"
"5/3/2021","1620000000","16424964674321970759"
"5/4/2021","1620086400","16396720134487728004"
"5/5/2021","1620172800","16043955914610718937"
"5/6/2021","1620259200","36232787418462351126"
"5/7/2021","1620345600","20578879952917570711"
"5/8/2021","1620432000","12575650722440404828"
"5/9/2021","1620518400","7377471488524375264"
"5/10/2021","1620604800","4548282052957970699"
"5/11/2021","1620691200","7625801032457344792"
"5/12/2021","1620777600","11240444894847524520"
"5/13/2021","1620864000","15426926278231344833"
"5/14/2021","1620950400","9085678689126354429"
"5/15/2021","1621036800","10461291457605178206"
"5/16/2021","1621123200","14040151808750178556"
"5/17/2021","1621209600","41644570031491329158"
"5/18/2021","1621296000","28883376999676348020"
"5/19/2021","1621382400","28745480330246592761"
"5/20/2021","1621468800","8534389850519433640"
"5/21/2021","1621555200","13517464208249461502"
"5/22/2021","1621641600","13879903043647029801"
"5/23/2021","1621728000","17997460949522549550"
"5/24/2021","1621814400","11797996976658444248"
"5/25/2021","1621900800","18866220686054380907"
"5/26/2021","1621987200","15310038004115640861"
"5/27/2021","1622073600","47302909251210383589"
"5/28/2021","1622160000","165068851818451857172"
"5/29/2021","1622246400","129256804884719070103"
"5/30/2021","1622332800","39939023133554671580"
"5/31/2021","1622419200","37629371707860283191"
"6/1/2021","1622505600","46842208963108944484"
"6/2/2021","1622592000","34064714234002481506"
"6/3/2021","1622678400","9880124807512210358"
"6/4/2021","1622764800","70328087831031045498"
"6/5/2021","1622851200","3555072631865382198"
"6/6/2021","1622937600","2952913149386731908"
"6/7/2021","1623024000","35362643198117004252"
"6/8/2021","1623110400","52891304247489274291"
"6/9/2021","1623196800","12542619237197397523"
"6/10/2021","1623283200","13337464376930658272"
"6/11/2021","1623369600","69078420786791813268"
"6/12/2021","1623456000","38884344098261501991"
"6/13/2021","1623542400","33821227509629385412"
"6/14/2021","1623628800","15074184530334651409"
"6/15/2021","1623715200","21102095853753595591"
"6/16/2021","1623801600","20331870485142693864"
"6/17/2021","1623888000","33088161679202268715"
"6/18/2021","1623974400","166963087932942634606"
"6/19/2021","1624060800","9776149585069163314"
"6/20/2021","1624147200","56186897076934906640"
"6/21/2021","1624233600","63880446004736758222"
"6/22/2021","1624320000","224485083463597689662"
"6/23/2021","1624406400","165567722545093616966"
"6/24/2021","1624492800","276895468522409553952"
"6/25/2021","1624579200","274587840988412076058"
"6/26/2021","1624665600","91475306494581553739"
"6/27/2021","1624752000","59284759959670779589"
"6/28/2021","1624838400","25697444341169167585"
"6/29/2021","1624924800","7471730830166725098"
"6/30/2021","1625011200","14089100192839106786"
"7/1/2021","1625097600","16679103877874373978"
"7/2/2021","1625184000","207320728823087810569"
"7/3/2021","1625270400","60085677115857406514"
"7/4/2021","1625356800","8222428095946636148"
"7/5/2021","1625443200","32114574224882072218"
"7/6/2021","1625529600","83879490957078988871"
"7/7/2021","1625616000","15610388719632892682"
"7/8/2021","1625702400","29819208828239671847"
"7/9/2021","1625788800","33991213193472763127"
"7/10/2021","1625875200","5130002998280397218"
"7/11/2021","1625961600","8241875704367756264"
"7/12/2021","1626048000","26193877961150731297"
"7/13/2021","1626134400","22353499117332695245"
"7/14/2021","1626220800","19892488325578247868"
"7/15/2021","1626307200","4943301638680277697"
"7/16/2021","1626393600","17590055332488201605"
"7/17/2021","1626480000","27691335908625470265"
"7/18/2021","1626566400","77225513640094333180"
"7/19/2021","1626652800","24670598921791253281"
"7/20/2021","1626739200","54798340154251356323"
"7/21/2021","1626825600","38465805256508112777"
"7/22/2021","1626912000","74973663419516557629"
"7/23/2021","1626998400","50055399439658237111"
"7/24/2021","1627084800","12842447257832526696"
"7/25/2021","1627171200","11511517398095095985"
"7/26/2021","1627257600","19957446438715320755"
"7/27/2021","1627344000","10777965032892258358"
"7/28/2021","1627430400","13487604181999385094"
"7/29/2021","1627516800","23168769912852775224"
"7/30/2021","1627603200","16298612410919646208"
"7/31/2021","1627689600","22484809835577170284"
"8/1/2021","1627776000","6402869383707265121"
"8/2/2021","1627862400","7969361919646292141"
"8/3/2021","1627948800","28288550280635738532"
"8/4/2021","1628035200","78010081639766540397"
"8/5/2021","1628121600","18516840030076750823"
"8/6/2021","1628208000","41727139548061851129"
"8/7/2021","1628294400","28524471947185602128"
"8/8/2021","1628380800","26571511971725839965"
"8/9/2021","1628467200","32033748034367597103"
"8/10/2021","1628553600","23342633174365014872"
"8/11/2021","1628640000","13951834143501096270"
"8/12/2021","1628726400","10645992172578739448"
"8/13/2021","1628812800","13276793338788251656"
"8/14/2021","1628899200","10576763924814175951"
"8/15/2021","1628985600","13137808008848182083"
"8/16/2021","1629072000","14407151247417246753"
"8/17/2021","1629158400","16117579073428377836"
"8/18/2021","1629244800","11325302275371974498"
"8/19/2021","1629331200","15882441985519743747"
"8/20/2021","1629417600","21434272157828755843"
"8/21/2021","1629504000","8804426654942939879"
"8/22/2021","1629590400","19237002777493664994"
"8/23/2021","1629676800","20142850754900190968"
"8/24/2021","1629763200","19715980333123414147"
"8/25/2021","1629849600","9925172932024399352"
"8/26/2021","1629936000","44609174342187557298"
"8/27/2021","1630022400","143539104136189308631"
"8/28/2021","1630108800","155045590794413319090"
"8/29/2021","1630195200","57415424233208167272"
"8/30/2021","1630281600","772900653384955811693"
"8/31/2021","1630368000","157703450134108869840"
"9/1/2021","1630454400","94685978892781312730"
"9/2/2021","1630540800","52104409107267902990"
"9/3/2021","1630627200","122470890578581337984"
"9/4/2021","1630713600","141111666818195211301"
"9/5/2021","1630800000","114071177715918490160"
"9/6/2021","1630886400","42580855919242822706"
"9/7/2021","1630972800","79227673540110848023"
"9/8/2021","1631059200","60538711767083158232"
"9/9/2021","1631145600","274032618843336441755"
"9/10/2021","1631232000","357480807312673713186"
"9/11/2021","1631318400","44646873133071549797"
"9/12/2021","1631404800","28978522285075126803"
"9/13/2021","1631491200","53583086627699249840"
"9/14/2021","1631577600","50995012318382339730"
"9/15/2021","1631664000","42552221012054772844"
"9/16/2021","1631750400","38322431995036506567"
"9/17/2021","1631836800","43102725765481047386"
"9/18/2021","1631923200","28134639361074293920"
"9/19/2021","1632009600","103704321008788322788"
"9/20/2021","1632096000","130722863794717408515"
"9/21/2021","1632182400","202326293299939573623"
"9/22/2021","1632268800","162315268800074174882"
"9/23/2021","1632355200","201965072725759475499"
"9/24/2021","1632441600","199739943097970758392"
"9/25/2021","1632528000","94284343086937137584"
"9/26/2021","1632614400","111853422368918774022"
"9/27/2021","1632700800","91755519164286179004"
"9/28/2021","1632787200","58443900281265837614"
"9/29/2021","1632873600","54642026058329516544"
"9/30/2021","1632960000","41646576926980739668"
"10/1/2021","1633046400","64753838482613267601"
"10/2/2021","1633132800","44059071253548683669"
"10/3/2021","1633219200","48794392476252788660"
"10/4/2021","1633305600","43349621485700527836"
"10/5/2021","1633392000","39550052412811421886"
"10/6/2021","1633478400","39343469810414893471"
"10/7/2021","1633564800","28279764944827111187"
"10/8/2021","1633651200","35363962409156228936"
"10/9/2021","1633737600","37602002093051758342"
"10/10/2021","1633824000","25059129557068014638"
"10/11/2021","1633910400","35087358107814030770"
"10/12/2021","1633996800","81318304926716789877"
"10/13/2021","1634083200","42364151328571465071"
"10/14/2021","1634169600","153869518406226852698"
"10/15/2021","1634256000","216284965495865848794"
"10/16/2021","1634342400","38227829873596707973"
"10/17/2021","1634428800","59397062558008806263"
"10/18/2021","1634515200","45440489348086841897"
"10/19/2021","1634601600","59410316835362256160"
"10/20/2021","1634688000","56213534257853382043"
"10/21/2021","1634774400","84433165399931846594"
"10/22/2021","1634860800","136297887830515184027"
"10/23/2021","1634947200","48332390662217969144"
"10/24/2021","1635033600","68987056937672935045"
"10/25/2021","1635120000","46879992481639380973"
"10/26/2021","1635206400","35626873399312380891"
"10/27/2021","1635292800","45360573698541696778"
"10/28/2021","1635379200","44737253082057858406"
"10/29/2021","1635465600","36411729955980932239"
"10/30/2021","1635552000","32837665475675159242"
"10/31/2021","1635638400","34638009080935785842"
"11/1/2021","1635724800","35285893335476294184"
"11/2/2021","1635811200","36059562755103375815"
"11/3/2021","1635897600","49245209264503728856"
"11/4/2021","1635984000","46293340079603045680"
"11/5/2021","1636070400","39675811025612064598"
"11/6/2021","1636156800","36937439910534008606"
"11/7/2021","1636243200","34119707271174839754"
"11/8/2021","1636329600","31552650191295672840"
"11/9/2021","1636416000","35208226005844305581"
"11/10/2021","1636502400","40104263883039508604"
"11/11/2021","1636588800","29288249634239875712"
"11/12/2021","1636675200","32729584318076734821"
"11/13/2021","1636761600","28595403741963108140"
"11/14/2021","1636848000","23831630536118569637"
"11/15/2021","1636934400","23925610555008695893"
"11/16/2021","1637020800","30567613042518742450"
"11/17/2021","1637107200","28701319097014622997"
"11/18/2021","1637193600","32955984307448249533"
"11/19/2021","1637280000","26791866474347970965"
"11/20/2021","1637366400","22677851543868824093"
"11/21/2021","1637452800","32946390102617089001"
"11/22/2021","1637539200","47686538968338320592"
"11/23/2021","1637625600","83564868281307944982"
"11/24/2021","1637712000","43630221570362845581"
"11/25/2021","1637798400","29836975629691039518"
"11/26/2021","1637884800","51888865868019894517"
"11/27/2021","1637971200","36680305917670707145"
"11/28/2021","1638057600","31536571158777777940"
"11/29/2021","1638144000","35189465804408024600"
"11/30/2021","1638230400","34381916737664207038"
"12/1/2021","1638316800","27603312037074828089"
"12/2/2021","1638403200","22624114452276938680"
"12/3/2021","1638489600","35607286156658945180"
"12/4/2021","1638576000","132885891688616959088"
"12/5/2021","1638662400","112116385138102385162"
"12/6/2021","1638748800","93603956724793400700"
"12/7/2021","1638835200","62551541621419008151"
"12/8/2021","1638921600","103840420348319948707"
"12/9/2021","1639008000","90464018601927102331"
"12/10/2021","1639094400","117043833852654969327"
"12/11/2021","1639180800","61056651920979411913"
"12/12/2021","1639267200","54172809141781173094"
"12/13/2021","1639353600","59630408403071268835"
"12/14/2021","1639440000","60422427924655213935"
"12/15/2021","1639526400","100967847755209795048"
"12/16/2021","1639612800","73367832077503323579"
"12/17/2021","1639699200","133472587373913714439"
"12/18/2021","1639785600","65808668604792668203"
"12/19/2021","1639872000","51017198195105406850"
"12/20/2021","1639958400","87125724743469228644"
"12/21/2021","1640044800","59315214969004190290"
"12/22/2021","1640131200","133073842222491499166"
"12/23/2021","1640217600","66751075005381434750"
"12/24/2021","1640304000","48554302813698608442"
"12/25/2021","1640390400","20114489811753287970"
"12/26/2021","1640476800","36774410817023630232"
"12/27/2021","1640563200","150793477401518818380"
"12/28/2021","1640649600","65182333895075071231"
"12/29/2021","1640736000","98242046184418176138"
"12/30/2021","1640822400","239200077106041265052"
"12/31/2021","1640908800","84859613005049112458"
"1/1/2022","1640995200","59939231723432734653"
"1/2/2022","1641081600","55612754478899088135"
"1/3/2022","1641168000","44023310232753585979"
"1/4/2022","1641254400","102354238088173977836"
"1/5/2022","1641340800","104074171577124735612"
"1/6/2022","1641427200","55672116617334709669"
"1/7/2022","1641513600","66789449699390552291"
"1/8/2022","1641600000","52562220624554636482"
"1/9/2022","1641686400","40145821324796916401"
"1/10/2022","1641772800","73521144311759941369"
"1/11/2022","1641859200","49244998264115248379"
"1/12/2022","1641945600","54348562153405113066"
"1/13/2022","1642032000","96511852102728939443"
"1/14/2022","1642118400","58775366420783101871"
"1/15/2022","1642204800","31175080235393383435"
"1/16/2022","1642291200","33509181069238191843"
"1/17/2022","1642377600","54216447700796313678"
"1/18/2022","1642464000","51164810510535343970"
"1/19/2022","1642550400","51218427870912742590"
"1/20/2022","1642636800","70907160377280858412"
"1/21/2022","1642723200","112503145705290634374"
"1/22/2022","1642809600","274420724777830960650"
"1/23/2022","1642896000","82497891749600732367"
"1/24/2022","1642982400","317486777921994911300"
"1/25/2022","1643068800","80817306832217318993"
"1/26/2022","1643155200","109807241788242755602"
"1/27/2022","1643241600","38217120664957335570"
"1/28/2022","1643328000","37209540976936185258"
"1/29/2022","1643414400","58922513718107095278"
"1/30/2022","1643500800","30654280676448759764"
"1/31/2022","1643587200","65521999284117315470"
"2/1/2022","1643673600","46549572982297525868"
"2/2/2022","1643760000","60767307607220906786"
"2/3/2022","1643846400","64776209710142614271"
"2/4/2022","1643932800","83483245081582713642"
"2/5/2022","1644019200","75797588329705305227"
"2/6/2022","1644105600","48590411121694314115"
"2/7/2022","1644192000","40793640020219560089"
"2/8/2022","1644278400","46306424577530808506"
"2/9/2022","1644364800","37337841508209950021"
"2/10/2022","1644451200","77025993091395580676"
"2/11/2022","1644537600","63572445972143606441"
"2/12/2022","1644624000","286568338732497504785"
"2/13/2022","1644710400","30110016237104559907"
"2/14/2022","1644796800","49194997106066763297"
"2/15/2022","1644883200","58959367914614626670"
"2/16/2022","1644969600","35982545382452899684"
"2/17/2022","1645056000","55231155724091523382"
"2/18/2022","1645142400","74539685330494013201"
"2/19/2022","1645228800","40141036700668752367"
"2/20/2022","1645315200","72970845966350806329"
"2/21/2022","1645401600","74075952372812167033"
"2/22/2022","1645488000","86914501991424744031"
"2/23/2022","1645574400","42867080044639917685"
"2/24/2022","1645660800","215944364174367394585"
"2/25/2022","1645747200","51492896479022903578"
"2/26/2022","1645833600","57125100012358311869"
"2/27/2022","1645920000","48137214372200894972"
"2/28/2022","1646006400","66006464787479338535"
"3/1/2022","1646092800","117491608486445175540"
"3/2/2022","1646179200","88027238224942869275"
"3/3/2022","1646265600","37157733250512275822"
"3/4/2022","1646352000","106847362905145912353"
"3/5/2022","1646438400","94598149715451871944"
"3/6/2022","1646524800","67019938797792123167"
"3/7/2022","1646611200","122792042643581414386"
"3/8/2022","1646697600","51825801576198090676"
"3/9/2022","1646784000","133173944546206459440"
"3/10/2022","1646870400","45445088581477624978"
"3/11/2022","1646956800","75882652178314741643"
"3/12/2022","1647043200","37228408037772845454"
"3/13/2022","1647129600","23265312952961913053"
"3/14/2022","1647216000","33887068645987212561"
"3/15/2022","1647302400","55083462341511449992"
"3/16/2022","1647388800","52564352117401463294"
"3/17/2022","1647475200","517819911395573377586"
"3/18/2022","1647561600","37538838123284499129"
"3/19/2022","1647648000","19821292051669725190"
"3/20/2022","1647734400","17619887015888505145"
"3/21/2022","1647820800","27314296717546219028"
"3/22/2022","1647907200","22033418591035857541"
"3/23/2022","1647993600","59241399171579298453"
"3/24/2022","1648080000","34909332993455896806"
"3/25/2022","1648166400","36110983571840624312"
"3/26/2022","1648252800","117174288100510723540"
"3/27/2022","1648339200","53156858611783535557"
"3/28/2022","1648425600","63996302496231270950"
"3/29/2022","1648512000","75775722523695176152"
"3/30/2022","1648598400","51576232942723934038"
"3/31/2022","1648684800","79369310577905666664"
"4/1/2022","1648771200","31942255889893165853"
"4/2/2022","1648857600","31045000490137989318"
"4/3/2022","1648944000","60054202729213816070"
"4/4/2022","1649030400","129922359087048875784"
"4/5/2022","1649116800","123179361622114523513"
"4/6/2022","1649203200","120023751113621998044"
"4/7/2022","1649289600","42248958651929085741"
"4/8/2022","1649376000","38302088102125942359"
"4/9/2022","1649462400","25625289977578279381"
"4/10/2022","1649548800","58563522186707573531"
"4/11/2022","1649635200","61322969872902409596"
"4/12/2022","1649721600","39205795288591967891"
"4/13/2022","1649808000","101454874214862146904"
"4/14/2022","1649894400","38225831215712043673"
"4/15/2022","1649980800","48066579902524393619"
"4/16/2022","1650067200","40126021289487183010"
"4/17/2022","1650153600","117353127025058990539"
"4/18/2022","1650240000","136302436053225471133"
"4/19/2022","1650326400","56990489035948492639"
"4/20/2022","1650412800","82481348538710302483"
"4/21/2022","1650499200","56175418536972777318"
"4/22/2022","1650585600","44591755470644628412"
"4/23/2022","1650672000","358249130605211238422"
"4/24/2022","1650758400","107441677573724571291"
"4/25/2022","1650844800","100737502471209922263"
"4/26/2022","1650931200","67828347921122667922"
"4/27/2022","1651017600","72121921943990463246"
"4/28/2022","1651104000","84630171360171841299"
"4/29/2022","1651190400","69352295834691814491"
"4/30/2022","1651276800","354181846169650517759"
"5/1/2022","1651363200","60046485327608399389"
"5/2/2022","1651449600","81251935515244912652"
"5/3/2022","1651536000","45793399052816190697"
"5/4/2022","1651622400","257283990975232044242"
"5/5/2022","1651708800","85991188183137366003"
"5/6/2022","1651795200","70690788390749071195"
"5/7/2022","1651881600","54825631243308006561"
"5/8/2022","1651968000","601519637461156311222"
"5/9/2022","1652054400","711798520267705607800"
"5/10/2022","1652140800","392636963414715347017"
"5/11/2022","1652227200","1653786047289001446075"
"5/12/2022","1652313600","1103988606240505457143"
"5/13/2022","1652400000","220787634932922867916"
"5/14/2022","1652486400","76407016365840139261"
"5/15/2022","1652572800","112476196180445309347"
"5/16/2022","1652659200","65199331983501175874"
"5/17/2022","1652745600","109335554043747071449"
"5/18/2022","1652832000","86584181747242147517"
"5/19/2022","1652918400","61942016798108084741"
"5/20/2022","1653004800","157598344196495097909"
"5/21/2022","1653091200","51214646786389752085"
"5/22/2022","1653177600","42010111631056050359"
"5/23/2022","1653264000","76071151548583184394"
"5/24/2022","1653350400","91039016381325853563"
"5/25/2022","1653436800","93334647385270841242"
"5/26/2022","1653523200","93680774741093641555"
"5/27/2022","1653609600","69823134535091099956"
"5/28/2022","1653696000","35686443854140430056"
"5/29/2022","1653782400","41691008663522111679"
"5/30/2022","1653868800","201506949841776637351"
"5/31/2022","1653955200","97976948732391841948"
"6/1/2022","1654041600","80379297309045815647"
"6/2/2022","1654128000","52195879578010751645"
"6/3/2022","1654214400","31526499692299174758"
"6/4/2022","1654300800","29440286126488343703"
"6/5/2022","1654387200","32012619561610255588"
"6/6/2022","1654473600","41100365106523662739"
"6/7/2022","1654560000","53035687940551830450"
"6/8/2022","1654646400","40675046566673949415"
"6/9/2022","1654732800","37637882510236739273"
"6/10/2022","1654819200","132023434971425182815"
"6/11/2022","1654905600","106677295180495055705"
"6/12/2022","1654992000","151800780728899449575"
"6/13/2022","1655078400","342624507263068395680"
"6/14/2022","1655164800","77974512507005343604"
"6/15/2022","1655251200","292168182186306786058"
"6/16/2022","1655337600","103978533958809023305"
"6/17/2022","1655424000","54708824816794376992"
"6/18/2022","1655510400","153265231332125437164"
"6/19/2022","1655596800","232342033731365709065"
"6/20/2022","1655683200","83139952296328196101"
"6/21/2022","1655769600","129139473035925183695"
"6/22/2022","1655856000","105379327594114675564"
"6/23/2022","1655942400","47219705056614221329"
"6/24/2022","1656028800","36001539894786002939"
"6/25/2022","1656115200","53764386085400598754"
"6/26/2022","1656201600","61285180896422810060"
"6/27/2022","1656288000","64316256668674805930"
"6/28/2022","1656374400","42101828417353216494"
"6/29/2022","1656460800","169251098417393671366"
"6/30/2022","1656547200","115895011901526399723"
"7/1/2022","1656633600","63769522222554002589"
"7/2/2022","1656720000","36508967166343914160"
"7/3/2022","1656806400","49300751019061972915"
"7/4/2022","1656892800","49861200797875977224"
"7/5/2022","1656979200","95755807362207325825"
"7/6/2022","1657065600","154531503380592064837"
"7/7/2022","1657152000","128672905100611232864"
"7/8/2022","1657238400","45819530758837018728"
"7/9/2022","1657324800","30847566938781540905"
"7/10/2022","1657411200","54597021979608904076"
"7/11/2022","1657497600","63670968239083057845"
"7/12/2022","1657584000","57010785485603868847"
"7/13/2022","1657670400","95603341438028630479"
"7/14/2022","1657756800","5819140357699931202"
"7/15/2022","1657843200","152916358877926599793"
"7/16/2022","1657929600","60913400097418642253"
"7/17/2022","1658016000","54346837252166008642"
"7/18/2022","1658102400","89950716587882172936"
"7/19/2022","1658188800","82196937378246602807"
"7/20/2022","1658275200","59570800735605863569"
"7/21/2022","1658361600","72410609803160536845"
"7/22/2022","1658448000","80862996178400036952"
"7/23/2022","1658534400","70090009563043177062"
"7/24/2022","1658620800","45399110050862655937"
"7/25/2022","1658707200","93536483878228143413"
"7/26/2022","1658793600","403656414858794627781"
"7/27/2022","1658880000","53096068927868254109"
"7/28/2022","1658966400","213734690468995222785"
"7/29/2022","1659052800","150031369749024345863"
"7/30/2022","1659139200","113301489322553209389"
"7/31/2022","1659225600","67791437726991623691"
"8/1/2022","1659312000","83712729102965532537"
"8/2/2022","1659398400","90931932718456304439"
"8/3/2022","1659484800","51544620961564302903"
"8/4/2022","1659571200","77013845994573366542"
"8/5/2022","1659657600","107573617690968362910"
"8/6/2022","1659744000","95029128651734848350"
"8/7/2022","1659830400","60563726944992993147"
"8/8/2022","1659916800","166226006625060651607"
"8/9/2022","1660003200","111089397883995603245"
"8/10/2022","1660089600","91165900887479225938"
"8/11/2022","1660176000","60917082114005202994"
"8/12/2022","1660262400","162382272815113241778"
"8/13/2022","1660348800","47388844073743006834"
"8/14/2022","1660435200","89269218870647615394"
"8/15/2022","1660521600","153056031591392154438"
"8/16/2022","1660608000","42050319463811311916"
"8/17/2022","1660694400","54436537312157555447"
"8/18/2022","1660780800","43132369122320838192"
"8/19/2022","1660867200","232781598247092716431"
"8/20/2022","1660953600","50952331318334226462"
"8/21/2022","1661040000","52863092568192744324"
"8/22/2022","1661126400","64457664104941770705"
"8/23/2022","1661212800","155643199042255493649"
"8/24/2022","1661299200","69445589724912222646"
"8/25/2022","1661385600","30775815310234442031"
"8/26/2022","1661472000","97498578583644698455"
"8/27/2022","1661558400","57835023633583799074"
"8/28/2022","1661644800","113918390914179178001"
"8/29/2022","1661731200","134740821946552307574"
"8/30/2022","1661817600","168549570511262567640"
"8/31/2022","1661904000","60997132854934261864"
"9/1/2022","1661990400","40049744007619952195"
"9/2/2022","1662076800","101003748458829361896"
"9/3/2022","1662163200","37841258337856266457"
"9/4/2022","1662249600","31324202359641414781"
"9/5/2022","1662336000","140770597388241249795"
"9/6/2022","1662422400","74480665648326763982"
"9/7/2022","1662508800","56488608675762303398"
"9/8/2022","1662595200","69760092782057043045"
"9/9/2022","1662681600","102899634341678170358"
"9/10/2022","1662768000","113532728613982995665"
"9/11/2022","1662854400","73857091319527347682"
"9/12/2022","1662940800","95591365633666679066"
"9/13/2022","1663027200","112418727431581756670"
"9/14/2022","1663113600","52180625083779825140"
"9/15/2022","1663200000","71997492055041404360"
"9/16/2022","1663286400","96915853649679082815"
"9/17/2022","1663372800","111929719279019179803"
"9/18/2022","1663459200","89177139200849751499"
"9/19/2022","1663545600","176615099582082504403"
"9/20/2022","1663632000","153335066109689555427"
"9/21/2022","1663718400","405002085970102513179"
"9/22/2022","1663804800","214553035159035780242"
"9/23/2022","1663891200","124047181986546752667"
"9/24/2022","1663977600","88284421607390466264"
"9/25/2022","1664064000","123183419831967713362"
"9/26/2022","1664150400","125173447054499729052"
"9/27/2022","1664236800","187233116951900245981"
"9/28/2022","1664323200","109321129759743120747"
"9/29/2022","1664409600","66784155455721525786"
"9/30/2022","1664496000","82842504212783620346"
"10/1/2022","1664582400","283745311334057327771"
"10/2/2022","1664668800","203252483707873086258"
"10/3/2022","1664755200","274393462241415598251"
"10/4/2022","1664841600","361841960826137892607"
"10/5/2022","1664928000","207516451833141891552"
"10/6/2022","1665014400","361441801584662959850"
"10/7/2022","1665100800","248380782048288230018"
"10/8/2022","1665187200","89011664408481701320"
"10/9/2022","1665273600","88618699846195767422"
"10/10/2022","1665360000","96019153978208216270"
"10/11/2022","1665446400","163463888412125852653"
"10/12/2022","1665532800","161234632451879894206"
"10/13/2022","1665619200","610846130747697520806"
"10/14/2022","1665705600","171267301127217901724"
"10/15/2022","1665792000","233040990001584923935"
"10/16/2022","1665878400","281843096865720897847"
"10/17/2022","1665964800","270734571344323321860"
"10/18/2022","1666051200","1330457824232999682845"
"10/19/2022","1666137600","473256653254299258767"
"10/20/2022","1666224000","576288901579465269648"
"10/21/2022","1666310400","109218487448496368889"
"10/22/2022","1666396800","43146488667059856677"
"10/23/2022","1666483200","43278746868373785815"
"10/24/2022","1666569600","55439643779376550799"
"10/25/2022","1666656000","264729849200420196884"
"10/26/2022","1666742400","160957962480000998889"
"10/27/2022","1666828800","81929587902232230369"
"10/28/2022","1666915200","31290699021623826309"
"10/29/2022","1667001600","55387553730770403480"
"10/30/2022","1667088000","76231332630208191737"
"10/31/2022","1667174400","71996492675994584956"
"11/1/2022","1667260800","53568069650101651980"
"11/2/2022","1667347200","47623773797625569099"
"11/3/2022","1667433600","741576236430398273297"
"11/4/2022","1667520000","630763087388062007354"
"11/5/2022","1667606400","381467740404925648601"
"11/6/2022","1667692800","280369559505521224961"
"11/7/2022","1667779200","607092649406292320786"
"11/8/2022","1667865600","2027999723389254308748"
"11/9/2022","1667952000","3497294429239169023266"
"11/10/2022","1668038400","509017913396171428958"
"11/11/2022","1668124800","335500334912930493990"
"11/12/2022","1668211200","196787774224201004043"
"11/13/2022","1668297600","262363945175390815099"
"11/14/2022","1668384000","1660739247675174852553"
"11/15/2022","1668470400","270167788601506666731"
"11/16/2022","1668556800","166684729667222401881"
"11/17/2022","1668643200","223847837012304893161"
"11/18/2022","1668729600","415628322946536841027"
"11/19/2022","1668816000","179084211629519880010"
"11/20/2022","1668902400","160873908826791008781"
"11/21/2022","1668988800","264020023483318273188"
"11/22/2022","1669075200","389896830287596239929"
"11/23/2022","1669161600","177019758867788104415"
"11/24/2022","1669248000","261924741543934424359"
"11/25/2022","1669334400","111422532127046480982"
"11/26/2022","1669420800","137976614284108242380"
"11/27/2022","1669507200","597758677144278624525"
"11/28/2022","1669593600","562622943195954659586"
"11/29/2022","1669680000","225359028287679026030"
"11/30/2022","1669766400","171204487785198460175"
"12/1/2022","1669852800","123948730155277093366"
"12/2/2022","1669939200","204255480785478847618"
"12/3/2022","1670025600","92957160879052339113"
"12/4/2022","1670112000","346777441342244615444"
"12/5/2022","1670198400","402632682058753906989"
"12/6/2022","1670284800","94392418644784216058"
"12/7/2022","1670371200","80114034912016504471"
"12/8/2022","1670457600","98317026781655529887"
"12/9/2022","1670544000","147826674846733647843"
"12/10/2022","1670630400","82683796094702158819"
"12/11/2022","1670716800","37271828054522598591"
"12/12/2022","1670803200","181424081896180175931"
"12/13/2022","1670889600","57766095158752529566"
"12/14/2022","1670976000","97729523524326776585"
"12/15/2022","1671062400","324917467755119484286"
"12/16/2022","1671148800","88901921562579551106"
"12/17/2022","1671235200","58447379897969944773"
"12/18/2022","1671321600","142937720295707997420"
"12/19/2022","1671408000","117992577555384986324"
"12/20/2022","1671494400","55376255942619996673"
"12/21/2022","1671580800","249871517520877639026"
"12/22/2022","1671667200","170638892037295534893"
"12/23/2022","1671753600","128675653185444325655"
"12/24/2022","1671840000","50185357064381852075"
"12/25/2022","1671926400","91927963285458100162"
"12/26/2022","1672012800","112415698700688119649"
"12/27/2022","1672099200","62718258163622115665"
"12/28/2022","1672185600","44035194919623857326"
"12/29/2022","1672272000","70004190102662635953"
"12/30/2022","1672358400","55124734980676671158"
"12/31/2022","1672444800","37367736950140994686"
"1/1/2023","1672531200","33479238652071211172"
"1/2/2023","1672617600","47974364694160707987"
"1/3/2023","1672704000","45797499047519635122"
"1/4/2023","1672790400","44292643019765768855"
"1/5/2023","1672876800","76602621362236942453"
"1/6/2023","1672963200","296974294751601301792"
"1/7/2023","1673049600","241215122990979535623"
"1/8/2023","1673136000","66153450269623868112"
"1/9/2023","1673222400","168476834676955504159"
"1/10/2023","1673308800","135985265287711880931"
"1/11/2023","1673395200","112743265825483990309"
"1/12/2023","1673481600","550621387036861045831"
"1/13/2023","1673568000","162652057939904585817"
"1/14/2023","1673654400","177891859141540430805"
"1/15/2023","1673740800","202923769006462195606"
"1/16/2023","1673827200","456814094486190712912"
"1/17/2023","1673913600","52122370442016051158"
"1/18/2023","1674000000","121288441028142057969"
"1/19/2023","1674086400","62688909523734686264"
"1/20/2023","1674172800","65679560647872603389"
"1/21/2023","1674259200","227168189047820096448"
"1/22/2023","1674345600","64079852871460879906"
"1/23/2023","1674432000","265191275513575555281"
"1/24/2023","1674518400","106644185182293590450"
"1/25/2023","1674604800","360764708581711954626"
"1/26/2023","1674691200","191462657443652891367"
"1/27/2023","1674777600","83006774466884292179"
"1/28/2023","1674864000","53662594356664649171"
"1/29/2023","1674950400","70194987896419692949"
"1/30/2023","1675036800","380287484165972223995"
"1/31/2023","1675123200","184352146927531437134"
"2/1/2023","1675209600","287151096952511412791"
"2/2/2023","1675296000","202016426800493946186"
"2/3/2023","1675382400","168419686825531505147"
"2/4/2023","1675468800","125482229254762238449"
"2/5/2023","1675555200","242608483007173373832"
"2/6/2023","1675641600","244859524117161238474"
"2/7/2023","1675728000","210964784493719607451"
"2/8/2023","1675814400","235625950058825483223"
"2/9/2023","1675900800","412140433911172267183"
"2/10/2023","1675987200","280240547256711326119"
"2/11/2023","1676073600","168022023527011044504"
"2/12/2023","1676160000","239458600357695991573"
"2/13/2023","1676246400","197695217274196120756"
"2/14/2023","1676332800","182265711567275374231"
"2/15/2023","1676419200","210644734731757391980"
"2/16/2023","1676505600","284296404995010781549"
"2/17/2023","1676592000","226487268010236917237"
"2/18/2023","1676678400","195229061176577415345"
"2/19/2023","1676764800","296184918878813042601"
"2/20/2023","1676851200","255231802201570736300"
"2/21/2023","1676937600","116551705509203942395"
"2/22/2023","1677024000","137455446362074986837"
"2/23/2023","1677110400","130535523869826436998"
"2/24/2023","1677196800","120162755275741781642"
"2/25/2023","1677283200","89836812840037252825"
"2/26/2023","1677369600","93720119345406851500"
"2/27/2023","1677456000","74998108015555233840"
"2/28/2023","1677542400","85320974026079083044"
"3/1/2023","1677628800","117459136963680175752"
"3/2/2023","1677715200","227591521063997938557"
"3/3/2023","1677801600","164666823372697682152"
"3/4/2023","1677888000","339347853218565746662"
"3/5/2023","1677974400","161715788209161993666"
"3/6/2023","1678060800","85436854548794591990"
"3/7/2023","1678147200","136388221189423767626"
"3/8/2023","1678233600","130016427144956588061"
"3/9/2023","1678320000","132210332350916942294"
"3/10/2023","1678406400","880377916154806463998"
"3/11/2023","1678492800","12756417026886276107043"
"3/12/2023","1678579200","570888629967285599711"
"3/13/2023","1678665600","460282578687903612502"
"3/14/2023","1678752000","237191670125504074786"
"3/15/2023","1678838400","251977235984314820824"
"3/16/2023","1678924800","83432354076190916532"
"3/17/2023","1679011200","102019067910785916646"
"3/18/2023","1679097600","149575097891124279444"
"3/19/2023","1679184000","135685542941598874731"
"3/20/2023","1679270400","947957400644869615543"
"3/21/2023","1679356800","215318027091528462630"
"3/22/2023","1679443200","229266671649834121145"
"3/23/2023","1679529600","112983876516217354069"
"3/24/2023","1679616000","209630666923259976456"
"3/25/2023","1679702400","118625260845938261053"
"3/26/2023","1679788800","109771818943844529711"
"3/27/2023","1679875200","140094878720603175465"
"3/28/2023","1679961600","157114302450608229375"
"3/29/2023","1680048000","253584756150150281388"
"3/30/2023","1680134400","180268298914519987856"
"3/31/2023","1680220800","184939532050861623678"
"4/1/2023","1680307200","275868701471920832193"
"4/2/2023","1680393600","350725871395619315170"
"4/3/2023","1680480000","391037565843791274240"
"4/4/2023","1680566400","408221769604201912006"
"4/5/2023","1680652800","203513088085784540765"
"4/6/2023","1680739200","960797968414740418813"
"4/7/2023","1680825600","282895353901838438556"
"4/8/2023","1680912000","166201560783784285989"
"4/9/2023","1680998400","173135033818782329523"
"4/10/2023","1681084800","258319693975555720949"
"4/11/2023","1681171200","153348402892648267852"
"4/12/2023","1681257600","225835013181295511712"
"4/13/2023","1681344000","932421221930165795351"
"4/14/2023","1681430400","324748099288339682473"
"4/15/2023","1681516800","131249467200086842428"
"4/16/2023","1681603200","390051094718302341077"
"4/17/2023","1681689600","642225909987285937952"
"4/18/2023","1681776000","393466606541786899548"
"4/19/2023","1681862400","345886670193147809968"
"4/20/2023","1681948800","84038619465957356528"
"4/21/2023","1682035200","140661026330049322254"
"4/22/2023","1682121600","209911910316571023429"
"4/23/2023","1682208000","118678591926206915823"
"4/24/2023","1682294400","150933330940753548769"
"4/25/2023","1682380800","96892480298929048742"
"4/26/2023","1682467200","143532621250817215909"
"4/27/2023","1682553600","155912461047699145073"
"4/28/2023","1682640000","98496914101839575296"
"4/29/2023","1682726400","70917632410193097455"
"4/30/2023","1682812800","56582430234764209934"
"5/1/2023","1682899200","101760645888323152676"
"5/2/2023","1682985600","165716029813026013191"
"5/3/2023","1683072000","97797213499585949539"
"5/4/2023","1683158400","219029109960575805147"
"5/5/2023","1683244800","480885711356570395248"
"5/6/2023","1683331200","93471201324225875608"
"5/7/2023","1683417600","63503821107103888313"
"5/8/2023","1683504000","253903193935113656354"
"5/9/2023","1683590400","85049666420503743629"
"5/10/2023","1683676800","87026392580695914414"
"5/11/2023","1683763200","135189103995753668644"
"5/12/2023","1683849600","98900696875101250666"
"5/13/2023","1683936000","53722044662882493940"
"5/14/2023","1684022400","77822977166488132714"
"5/15/2023","1684108800","702820145252615479222"
"5/16/2023","1684195200","105409770443512883829"
"5/17/2023","1684281600","203310274457547716898"
"5/18/2023","1684368000","102721814324392802594"
"5/19/2023","1684454400","86615613595935616481"
"5/20/2023","1684540800","113246907763138375086"
"5/21/2023","1684627200","149040799405318907626"
"5/22/2023","1684713600","234020810530225150572"
"5/23/2023","1684800000","210995721365410225010"
"5/24/2023","1684886400","266194696060935483749"
"5/25/2023","1684972800","347350646058257956469"
"5/26/2023","1685059200","276836353786502602415"
"5/27/2023","1685145600","185932103164247444603"
"5/28/2023","1685232000","223073318544901193483"
"5/29/2023","1685318400","244300046215838191851"
"5/30/2023","1685404800","281482944124150762177"
"5/31/2023","1685491200","297484491194946465131"
"6/1/2023","1685577600","313574290809378167198"
"6/2/2023","1685664000","272915262441348462928"
"6/3/2023","1685750400","234873974318263410193"
"6/4/2023","1685836800","248690118251335674657"
"6/5/2023","1685923200","710179170653902432803"
"6/6/2023","1686009600","421313931741847379129"
"6/7/2023","1686096000","539751488292430442663"
"6/8/2023","1686182400","449733349387929595821"
"6/9/2023","1686268800","469036970770666515221"
"6/10/2023","1686355200","1297647873904496839184"
"6/11/2023","1686441600","603855863339587871968"
"6/12/2023","1686528000","547940291158438140367"
"6/13/2023","1686614400","622893734362097112033"
"6/14/2023","1686700800","873905395188633883011"
"6/15/2023","1686787200","626486725982182765164"
"6/16/2023","1686873600","641028109977802328058"
"6/17/2023","1686960000","631954398399244860154"
"6/18/2023","1687046400","524914627154927711940"
"6/19/2023","1687132800","564565832434011889712"
"6/20/2023","1687219200","683001580382547619743"
"6/21/2023","1687305600","671200694822432471723"
"6/22/2023","1687392000","579848317020795261094"
"6/23/2023","1687478400","610644398092248666942"
"6/24/2023","1687564800","518486208020526751811"
"6/25/2023","1687651200","848745493198379043869"
"6/26/2023","1687737600","573475646616799973252"
"6/27/2023","1687824000","601049650098192060014"
"6/28/2023","1687910400","650230446540716381228"
"6/29/2023","1687996800","1047792073455297529922"
"6/30/2023","1688083200","1052502170458990952387"
"7/1/2023","1688169600","770871213942303760955"
"7/2/2023","1688256000","1308376244978149137841"
"7/3/2023","1688342400","1824781537496956871602"
"7/4/2023","1688428800","548796598571436965057"
"7/5/2023","1688515200","521250901696359428680"
"7/6/2023","1688601600","450800415015556336377"
"7/7/2023","1688688000","501028995274536777040"
"7/8/2023","1688774400","488391810983321401937"
"7/9/2023","1688860800","586909502874006867812"
"7/10/2023","1688947200","543676842638143982016"
"7/11/2023","1689033600","390073447872085927851"
"7/12/2023","1689120000","411810862233605283870"
"7/13/2023","1689206400","416978575219812182676"
"7/14/2023","1689292800","456563643379688830866"
"7/15/2023","1689379200","350606035447202063990"
"7/16/2023","1689465600","442447355717248033085"
"7/17/2023","1689552000","634969307264713369072"
"7/18/2023","1689638400","682666015762023826512"
"7/19/2023","1689724800","609407025773271656452"
"7/20/2023","1689811200","578804971652351676868"
"7/21/2023","1689897600","469918873821436926722"
"7/22/2023","1689984000","468322123764817242836"
"7/23/2023","1690070400","398918064497932768351"
"7/24/2023","1690156800","791254430159386425569"
"7/25/2023","1690243200","434249964328444771838"
"7/26/2023","1690329600","485754166369855757588"
"7/27/2023","1690416000","483230606398343465015"
"7/28/2023","1690502400","368814876889597836487"
"7/29/2023","1690588800","391176070411558147686"
"7/30/2023","1690675200","419978284800100840275"
"7/31/2023","1690761600","645573146664827836422"
"8/1/2023","1690848000","513434917045064151114"
"8/2/2023","1690934400","570046542868976570047"
"8/3/2023","1691020800","847800485013697545879"
"8/4/2023","1691107200","382675986609463125199"
"8/5/2023","1691193600","456006311850579613229"
"8/6/2023","1691280000","406157407113353534005"
"8/7/2023","1691366400","615811072642958993031"
"8/8/2023","1691452800","644468473207309643909"
"8/9/2023","1691539200","677356176494499545728"
"8/10/2023","1691625600","791705688299533061864"
"8/11/2023","1691712000","559649409998199791583"
"8/12/2023","1691798400","444600419125264528393"
"8/13/2023","1691884800","529709898452250949211"
"8/14/2023","1691971200","466894870383406793016"
"8/15/2023","1692057600","668176768163013886840"
"8/16/2023","1692144000","625891816448534620322"
"8/17/2023","1692230400","821273414181255720472"
"8/18/2023","1692316800","643633026575451802561"
"8/19/2023","1692403200","549084732465227092724"
"8/20/2023","1692489600","377236034037972073891"
"8/21/2023","1692576000","465084665806900899222"
"8/22/2023","1692662400","493267139233268585687"
"8/23/2023","1692748800","384251076528275959235"
"8/24/2023","1692835200","843846690932114466606"
"8/25/2023","1692921600","348393102117671213926"
"8/26/2023","1693008000","314081516849926480180"
"8/27/2023","1693094400","349066358467609928509"
"8/28/2023","1693180800","472049766303869112509"
"8/29/2023","1693267200","394473419962558238357"
"8/30/2023","1693353600","307190182790127369811"
"8/31/2023","1693440000","413322916191687495754"
"9/1/2023","1693526400","348310955334722816232"
"9/2/2023","1693612800","424397444710843322688"
"9/3/2023","1693699200","299347588378890468770"
"9/4/2023","1693785600","326824868511305381767"
"9/5/2023","1693872000","367350901431780632659"
"9/6/2023","1693958400","316904542093375609699"
"9/7/2023","1694044800","345563595958702712286"
"9/8/2023","1694131200","273627472914082848600"
"9/9/2023","1694217600","268112126398386443206"
"9/10/2023","1694304000","269889546135785019560"
"9/11/2023","1694390400","323794471275571197738"
"9/12/2023","1694476800","350293527601887413536"
"9/13/2023","1694563200","490827952911763175084"
"9/14/2023","1694649600","237260725209387874795"
"9/15/2023","1694736000","331915601858561647731"
"9/16/2023","1694822400","262667489817778146859"
"9/17/2023","1694908800","211526567644842729271"
"9/18/2023","1694995200","324626541454421563783"
"9/19/2023","1695081600","220719820554528286054"
"9/20/2023","1695168000","221376805300939301455"
"9/21/2023","1695254400","242723616591502956917"
"9/22/2023","1695340800","210897699790988258364"
"9/23/2023","1695427200","139769991695178388456"
"9/24/2023","1695513600","289819320389065184778"
"9/25/2023","1695600000","305229463778006062497"
"9/26/2023","1695686400","242768665444684034596"
"9/27/2023","1695772800","291273405103299498923"
"9/28/2023","1695859200","382612557890468546726"
"9/29/2023","1695945600","192059612621244980161"
"9/30/2023","1696032000","361896771425361098766"
"10/1/2023","1696118400","243767923026209457617"
"10/2/2023","1696204800","230462776639846634904"
"10/3/2023","1696291200","319794330197173605437"
"10/4/2023","1696377600","310799081722429453317"
"10/5/2023","1696464000","190006298209618790905"
"10/6/2023","1696550400","203779672355939158895"
"10/7/2023","1696636800","144104797078820665116"
"10/8/2023","1696723200","129460851836074154053"
"10/9/2023","1696809600","246257691355409439568"
"10/10/2023","1696896000","318093821723840955088"
"10/11/2023","1696982400","178112509136885987900"
"10/12/2023","1697068800","141952277661995917329"
"10/13/2023","1697155200","180870221113361949840"
"10/14/2023","1697241600","125801536319238419438"
"10/15/2023","1697328000","252045361507205004322"
"10/16/2023","1697414400","333867518364265826763"
"10/17/2023","1697500800","266221653492309299435"
"10/18/2023","1697587200","182427876856597355099"
"10/19/2023","1697673600","247636882337101043352"
"10/20/2023","1697760000","162169454746877510119"
"10/21/2023","1697846400","665171747526830184178"
"10/22/2023","1697932800","166039744281267806683"
"10/23/2023","1698019200","275845206929132910041"
"10/24/2023","1698105600","484866535403837079509"
"10/25/2023","1698192000","396847920940275442940"
"10/26/2023","1698278400","251685906165443748804"
"10/27/2023","1698364800","217233670042932363515"
"10/28/2023","1698451200","217241347966025898420"
"10/29/2023","1698537600","194028349410029185191"
"10/30/2023","1698624000","290315700605609436545"
"10/31/2023","1698710400","405744748860260078659"
"11/1/2023","1698796800","376760388076301661427"
"11/2/2023","1698883200","829834294722673941294"
"11/3/2023","1698969600","517564433825773044996"
"11/4/2023","1699056000","418927536983384542703"
"11/5/2023","1699142400","486140440795738530947"
"11/6/2023","1699228800","559468914440279188922"
"11/7/2023","1699315200","376140200018191951402"
"11/8/2023","1699401600","247078584068610387529"
"11/9/2023","1699488000","599196047393553232854"
"11/10/2023","1699574400","610499752302027164759"
"11/11/2023","1699660800","202105112141404193468"
"11/12/2023","1699747200","150286460307602311066"
"11/13/2023","1699833600","307844404993871252372"
"11/14/2023","1699920000","338049347266020731910"
"11/15/2023","1700006400","273015256157532841157"
"11/16/2023","1700092800","234189108021368813733"
"11/17/2023","1700179200","239186658219434742738"
"11/18/2023","1700265600","292952336555657928377"
"11/19/2023","1700352000","210880934899805570503"
"11/20/2023","1700438400","164120859774049298600"
"11/21/2023","1700524800","378812179708702176066"
"11/22/2023","1700611200","279890416939078262305"
"11/23/2023","1700697600","1265153771862698493806"
"11/24/2023","1700784000","1482967509577652706013"
"11/25/2023","1700870400","310447986062606131216"
"11/26/2023","1700956800","290569199504173609054"
"11/27/2023","1701043200","230285899805760244260"
"11/28/2023","1701129600","293204446298337686297"
"11/29/2023","1701216000","419214868148474741697"
"11/30/2023","1701302400","295629854731353575863"
"12/1/2023","1701388800","263624126817658946694"
"12/2/2023","1701475200","182171540016380483181"
"12/3/2023","1701561600","274734185096768314030"
"12/4/2023","1701648000","367215620643098369753"
"12/5/2023","1701734400","276567144048951307447"
"12/6/2023","1701820800","291593639067902428394"
"12/7/2023","1701907200","378742794007529195976"
"12/8/2023","1701993600","375816893857903680887"
"12/9/2023","1702080000","336145796580411764699"
"12/10/2023","1702166400","285181007909752500069"
"12/11/2023","1702252800","654074091647144387347"
"12/12/2023","1702339200","355100049008935790723"
"12/13/2023","1702425600","379201231320995964854"
"12/14/2023","1702512000","441808595074622219439"
"12/15/2023","1702598400","261257461223396248538"
"12/16/2023","1702684800","295467138300453058049"
"12/17/2023","1702771200","876499018122013335703"
"12/18/2023","1702857600","759718932461869589013"
"12/19/2023","1702944000","352460999012430417918"
"12/20/2023","1703030400","555137528953098041896"
"12/21/2023","1703116800","401063209970230584711"
"12/22/2023","1703203200","396119501450614076583"
"12/23/2023","1703289600","373394610792691905620"
"12/24/2023","1703376000","515154824400541091867"
"12/25/2023","1703462400","421174426120726167503"
"12/26/2023","1703548800","426243047637969883482"
"12/27/2023","1703635200","706676151038402626925"
"12/28/2023","1703721600","505415411720594116842"
"12/29/2023","1703808000","405678304041535640073"
"12/30/2023","1703894400","427488578224551582226"
"12/31/2023","1703980800","501494146862587180707"
"1/1/2024","1704067200","362304714907995038185"
"1/2/2024","1704153600","350595356189204922335"
"1/3/2024","1704240000","589028091509746742627"
"1/4/2024","1704326400","395823738022755945535"
"1/5/2024","1704412800","338531043431992670598"
"1/6/2024","1704499200","317803183608752650775"
"1/7/2024","1704585600","442995856091178720079"
"1/8/2024","1704672000","459103631987587282351"
"1/9/2024","1704758400","389457640676488228615"
"1/10/2024","1704844800","376592814870743571356"
"1/11/2024","1704931200","556135689681726780556"
"1/12/2024","1705017600","324069970534711943166"
"1/13/2024","1705104000","268234321758996907951"
"1/14/2024","1705190400","268079997733694105972"
"1/15/2024","1705276800","239269073227550918246"
"1/16/2024","1705363200","259780801018426190043"
"1/17/2024","1705449600","242180779319179988499"
"1/18/2024","1705536000","240285773648990089914"
"1/19/2024","1705622400","223518359379577381322"
"1/20/2024","1705708800","201636397170714732814"
"1/21/2024","1705795200","180756020196423825205"
"1/22/2024","1705881600","332704679601498625358"
"1/23/2024","1705968000","228938798375059181391"
"1/24/2024","1706054400","225108149490809990526"
"1/25/2024","1706140800","300580882654707458179"
"1/26/2024","1706227200","205146270340620720710"
"1/27/2024","1706313600","181553973174240793342"
"1/28/2024","1706400000","201096749055398767179"
"1/29/2024","1706486400","183217605940476533616"
"1/30/2024","1706572800","248669154896468234571"
"1/31/2024","1706659200","440029377516542303341"
"2/1/2024","1706745600","237665086683442639877"
"2/2/2024","1706832000","225476694823568959460"
"2/3/2024","1706918400","201733958710164603882"
"2/4/2024","1707004800","215786317867637102558"
"2/5/2024","1707091200","219048192465358365971"
"2/6/2024","1707177600","219630819480851597650"
"2/7/2024","1707264000","268538452690072929696"
"2/8/2024","1707350400","178457315586643074485"
"2/9/2024","1707436800","303902328142294956395"
"2/10/2024","1707523200","162804958044414643639"
"2/11/2024","1707609600","145114667079548911137"
"2/12/2024","1707696000","211850522212531153458"
"2/13/2024","1707782400","379126915919703313557"
"2/14/2024","1707868800","186025347353425432374"
"2/15/2024","1707955200","181075136801578713505"
"2/16/2024","1708041600","207417977104182565643"
"2/17/2024","1708128000","172786615845007467529"
"2/18/2024","1708214400","268927539370700003870"
"2/19/2024","1708300800","245730179622432835944"
"2/20/2024","1708387200","216146209653066053565"
"2/21/2024","1708473600","207646748470560497554"
"2/22/2024","1708560000","175191776112627705297"
"2/23/2024","1708646400","371433639513087038426"
"2/24/2024","1708732800","254330785244124440182"
"2/25/2024","1708819200","389511784158704656046"
"2/26/2024","1708905600","416415894656440050918"
"2/27/2024","1708992000","311246713865216080883"
"2/28/2024","1709078400","536783770543631055858"
"2/29/2024","1709164800","546148375998899911771"
"3/1/2024","1709251200","568191048242872885176"
"3/2/2024","1709337600","398443531221158618306"
"3/3/2024","1709424000","340827332017911790288"
"3/4/2024","1709510400","453171081287530898209"
"3/5/2024","1709596800","720372451377560174627"
"3/6/2024","1709683200","356981100226478166084"
"3/7/2024","1709769600","311948024360917030148"
"3/8/2024","1709856000","271384964019113537552"
"3/9/2024","1709942400","232408359598951287900"
"3/10/2024","1710028800","250741325497622457041"
"3/11/2024","1710115200","1343706569896944049207"
"3/12/2024","1710201600","409713391817103139122"
"3/13/2024","1710288000","373569028463869013287"
"3/14/2024","1710374400","321200917666991530983"
"3/15/2024","1710460800","772053826510043552672"
"3/16/2024","1710547200","407334032064365414069"
"3/17/2024","1710633600","344812691592571986654"
"3/18/2024","1710720000","439084273515077423177"
"3/19/2024","1710806400","419039629384069304780"
"3/20/2024","1710892800","336677450350222110413"
"3/21/2024","1710979200","225533095874209095050"
"3/22/2024","1711065600","265718553538756378940"
"3/23/2024","1711152000","177157675796386047131"
"3/24/2024","1711238400","225106405279689371636"
"3/25/2024","1711324800","336007527400023463371"
"3/26/2024","1711411200","279433415714516150473"
"3/27/2024","1711497600","633924698000448336875"
"3/28/2024","1711584000","295677280085342942570"
"3/29/2024","1711670400","231730359479203762230"
"3/30/2024","1711756800","174503462055481009825"
"3/31/2024","1711843200","308058447979775705790"
"4/1/2024","1711929600","482144020040780442639"
"4/2/2024","1712016000","386442934488882314632"
"4/3/2024","1712102400","485543064336669025640"
"4/4/2024","1712188800","394245049826513435123"
"4/5/2024","1712275200","268300110694228940972"
"4/6/2024","1712361600","184167978043891961989"
"4/7/2024","1712448000","157389076830052133201"
"4/8/2024","1712534400","405613821071525818547"
"4/9/2024","1712620800","351232977702758043088"
"4/10/2024","1712707200","300188979729713433458"
"4/11/2024","1712793600","222415003900240909562"
"4/12/2024","1712880000","995025442316980892665"
"4/13/2024","1712966400","1489797177164549912155"
"4/14/2024","1713052800","849833351197207023056"
"4/15/2024","1713139200","597784767935695602465"
"4/16/2024","1713225600","479271073009959533989"
"4/17/2024","1713312000","490755743748887277776"
"4/18/2024","1713398400","623956985170755427052"
"4/19/2024","1713484800","648918290472686524089"
"4/20/2024","1713571200","450049956848491139062"
"4/21/2024","1713657600","363586141027518091134"
"4/22/2024","1713744000","515898381779188311199"
"4/23/2024","1713830400","495011054043771139298"
"4/24/2024","1713916800","898576794406666477692"
"4/25/2024","1714003200","451804659335796138566"
"4/26/2024","1714089600","336708693337494996459"
"4/27/2024","1714176000","333316449281748418280"
"4/28/2024","1714262400","235181407250087366880"
"4/29/2024","1714348800","292106515880705671808"
"4/30/2024","1714435200","492831670945871189323"
"5/1/2024","1714521600","429122826599555801012"
"5/2/2024","1714608000","325972112529303606240"
"5/3/2024","1714694400","259161035838258277295"
"5/4/2024","1714780800","201899113305814088058"
"5/5/2024","1714867200","199542863198130342529"
"5/6/2024","1714953600","340837463830935654698"
"5/7/2024","1715040000","245818553666272938442"
"5/8/2024","1715126400","2474256559697850479429"
"5/9/2024","1715212800","388354882215910908930"
"5/10/2024","1715299200","277761541598626074216"
"5/11/2024","1715385600","303828151171607681416"
"5/12/2024","1715472000","301094690242090379854"
"5/13/2024","1715558400","565467151222289883768"
"5/14/2024","1715644800","386992012796429672147"
"5/15/2024","1715731200","520345213897427813340"
"5/16/2024","1715817600","528325687722841742491"
"5/17/2024","1715904000","373569414722125655842"
"5/18/2024","1715990400","272387068858245216010"
"5/19/2024","1716076800","235860712920428690820"
"5/20/2024","1716163200","768738225083776451196"
"5/21/2024","1716249600","539342179984070399079"
"5/22/2024","1716336000","458364346675890415125"
"5/23/2024","1716422400","775002521496834740891"
"5/24/2024","1716508800","360395267910410276777"
"5/25/2024","1716595200","304706589898911474622"
"5/26/2024","1716681600","323461371649749159593"
"5/27/2024","1716768000","472890752481524176588"
"5/28/2024","1716854400","402018117850943931706"
"5/29/2024","1716940800","396347171070178884681"
"5/30/2024","1717027200","291428449930163320891"
"5/31/2024","1717113600","270343391072209493073"
"6/1/2024","1717200000","181492928475466843199"
"6/2/2024","1717286400","198312905350611253884"
"6/3/2024","1717372800","263496304791462937294"
"6/4/2024","1717459200","261369832527296196695"
"6/5/2024","1717545600","251754583031908667313"
"6/6/2024","1717632000","211463686083143303858"
"6/7/2024","1717718400","489080545547873042975"
"6/8/2024","1717804800","247426522752416766540"
"6/9/2024","1717891200","169951573487850709686"
"6/10/2024","1717977600","695939044211232774105"
"6/11/2024","1718064000","263286809396573076673"
"6/12/2024","1718150400","319178136245835537201"
"6/13/2024","1718236800","240538281293643453678"
"6/14/2024","1718323200","427221355101814187660"
"6/15/2024","1718409600","236944568477104929622"
"6/16/2024","1718496000","255244951661115258761"
"6/17/2024","1718582400","425989569346255600933"
"6/18/2024","1718668800","671055458836014342071"
"6/19/2024","1718755200","402621889254209243877"
"6/20/2024","1718841600","404403136381989389331"
"6/21/2024","1718928000","532202356299755850969"
"6/22/2024","1719014400","352642290898058688088"
"6/23/2024","1719100800","345867846647031680633"
"6/24/2024","1719187200","698022030090906623000"
"6/25/2024","1719273600","671993088470308621949"
"6/26/2024","1719360000","586068743541931537184"
"6/27/2024","1719446400","672257638047943691154"
"6/28/2024","1719532800","487593175918759261582"
"6/29/2024","1719619200","325527210632698543117"
"6/30/2024","1719705600","498144393024912603237"
"7/1/2024","1719792000","515087852875505192277"
"7/2/2024","1719878400","504543346288494742092"
"7/3/2024","1719964800","612222652841897081612"
"7/4/2024","1720051200","1095279352476552584393"
"7/5/2024","1720137600","2498888052614533799771"
"7/6/2024","1720224000","493792329004152906380"
"7/7/2024","1720310400","1169031143332633404444"
"7/8/2024","1720396800","1264922301267540484095"
"7/9/2024","1720483200","731478954993241529017"
"7/10/2024","1720569600","823906881170174544522"
"7/11/2024","1720656000","912169004490547928176"
"7/12/2024","1720742400","646797079962082814061"
"7/13/2024","1720828800","688290407884444217907"
"7/14/2024","1720915200","631839043579730884029"
"7/15/2024","1721001600","782343404648685131196"
"7/16/2024","1721088000","798182762148192534818"
"7/17/2024","1721174400","702210581866439072384"
"7/18/2024","1721260800","759648044584507389035"
"7/19/2024","1721347200","781701280474838036281"
"7/20/2024","1721433600","716906857210223285511"
"7/21/2024","1721520000","650811740007414292996"
"7/22/2024","1721606400","599870393029786278525"
"7/23/2024","1721692800","727983069766261291189"
"7/24/2024","1721779200","677817573590547970381"
"7/25/2024","1721865600","923203389701738476908"
"7/26/2024","1721952000","646847818917232984128"
"7/27/2024","1722038400","860967408691931983388"
"7/28/2024","1722124800","562986435684169758543"
"7/29/2024","1722211200","775265929895110621094"
"7/30/2024","1722297600","613999021953398967544"
"7/31/2024","1722384000","1956958068631816035403"
"8/1/2024","1722470400","1412812794724188696657"
"8/2/2024","1722556800","1248031015738588191443"
"8/3/2024","1722643200","1168039379996037129239"
"8/4/2024","1722729600","1065363233922544981157"
"8/5/2024","1722816000","6195217136369868281374"
"8/6/2024","1722902400","1119906390496428896070"
"8/7/2024","1722988800","1168969721184611065980"
"8/8/2024","1723075200","1178816522260459961578"
"8/9/2024","1723161600","542673287940640715622"
"8/10/2024","1723248000","365986140159698019011"
"8/11/2024","1723334400","405860745232143642462"
"8/12/2024","1723420800","660544226977453364830"
"8/13/2024","1723507200","410225558796353346413"
"8/14/2024","1723593600","633204325956752923324"
"8/15/2024","1723680000","532357790219214585755"
"8/16/2024","1723766400","619946587767608002698"
"8/17/2024","1723852800","310670476346623888630"
"8/18/2024","1723939200","393705470632039497784"
"8/19/2024","1724025600","766687561037211894669"
"8/20/2024","1724112000","338414781724549443882"
"8/21/2024","1724198400","445657977180543466038"
"8/22/2024","1724284800","311213670996679560554"
"8/23/2024","1724371200","517255934393602060468"
"8/24/2024","1724457600","326340489796527531463"
"8/25/2024","1724544000","374664797025827119901"
"8/26/2024","1724630400","414710819516749412509"
"8/27/2024","1724716800","464358131653678972921"
"8/28/2024","1724803200","712487606230366579263"
"8/29/2024","1724889600","417652776649506863420"
"8/30/2024","1724976000","431272704992073706727"
"8/31/2024","1725062400","260698692470598890188"
"9/1/2024","1725148800","356616478972794965957"
"9/2/2024","1725235200","569422357911882090025"
"9/3/2024","1725321600","398732556611302676551"
"9/4/2024","1725408000","610896526473108223421"
"9/5/2024","1725494400","407242015486520447908"
"9/6/2024","1725580800","577113583421686084063"
"9/7/2024","1725667200","203092773422197332674"
"9/8/2024","1725753600","287148687544450968142"
"9/9/2024","1725840000","525062892808503053203"
"9/10/2024","1725926400","326823236736504937870"
"9/11/2024","1726012800","379592722937698599649"
"9/12/2024","1726099200","466258422085102794439"
"9/13/2024","1726185600","590097479635665011140"
"9/14/2024","1726272000","334297296380462353848"
"9/15/2024","1726358400","356829961412822364475"
"9/16/2024","1726444800","250578447068010845114"
"9/17/2024","1726531200","509696127675232251381"
"9/18/2024","1726617600","711565878708307924898"
"9/19/2024","1726704000","683686114191004473048"
"9/20/2024","1726790400","1185529661040778166497"
"9/21/2024","1726876800","249238648058861620314"
"9/22/2024","1726963200","389191356561568727203"
"9/23/2024","1727049600","532889682240664664439"
"9/24/2024","1727136000","437475947896799624460"
"9/25/2024","1727222400","4026898499461229491516"
"9/26/2024","1727308800","774876642915796030220"
"9/27/2024","1727395200","430387908090531204121"
"9/28/2024","1727481600","460025615608362209693"
"9/29/2024","1727568000","699392915527186850452"
"9/30/2024","1727654400","540128220160830688650"
"10/1/2024","1727740800","1138492533760623219776"
"10/2/2024","1727827200","1022924389224984017393"
"10/3/2024","1727913600","1129358871711257115659"
"10/4/2024","1728000000","744121360792325292934"
"10/5/2024","1728086400","1304236305681798896802"
"10/6/2024","1728172800","916509072127663415953"
"10/7/2024","1728259200","770458041597315776724"
"10/8/2024","1728345600","574006324624449888385"
"10/9/2024","1728432000","553298441631553534942"
"10/10/2024","1728518400","1242717068023270206179"
"10/11/2024","1728604800","1005333531359218729760"
"10/12/2024","1728691200","1066617151798613873779"
"10/13/2024","1728777600","682932672695992414546"
"10/14/2024","1728864000","1059528688808674970161"
"10/15/2024","1728950400","1039445419404458195978"
"10/16/2024","1729036800","798374377858687278310"
"10/17/2024","1729123200","523193451211954375632"
"10/18/2024","1729209600","950521991311016273282"
"10/19/2024","1729296000","501438585066588633250"
"10/20/2024","1729382400","485439828207852016327"
"10/21/2024","1729468800","748119971172885532508"
"10/22/2024","1729555200","611042951784529419884"
"10/23/2024","1729641600","794947466910102757313"
"10/24/2024","1729728000","812017760169357247266"
"10/25/2024","1729814400","1403224285869720100608"
"10/26/2024","1729900800","492759985090857889408"
"10/27/2024","1729987200","429319712232412273649"
"10/28/2024","1730073600","599440555032207325234"
"10/29/2024","1730160000","782004138297518381681"
"10/30/2024","1730246400","684378058293593464265"
"10/31/2024","1730332800","484172544033719724433"
"11/1/2024","1730419200","825748153327075619134"
"11/2/2024","1730505600","314679025830632045902"
"11/3/2024","1730592000","787204132110019965714"
"11/4/2024","1730678400","849555854830989666698"
"11/5/2024","1730764800","509871010806660007649"
"11/6/2024","1730851200","2069077353121385933438"
"11/7/2024","1730937600","574799524372059369554"
"11/8/2024","1731024000","516014239953719866674"
"11/9/2024","1731110400","614988180822744448138"
"11/10/2024","1731196800","903575215719442360321"
"11/11/2024","1731283200","1278322673785264169860"
"11/12/2024","1731369600","2381968954942330894793"
"11/13/2024","1731456000","2009179892376842674891"
"11/14/2024","1731542400","1289780523833873675851"
"11/15/2024","1731628800","1018838632211976238953"
"11/16/2024","1731715200","675721531187646141464"
"11/17/2024","1731801600","906530233956406883900"
"11/18/2024","1731888000","1186460511581962411216"
"11/19/2024","1731974400","882820935743808344988"
"11/20/2024","1732060800","1055014977582562223521"
"11/21/2024","1732147200","1197803875692564198584"
"11/22/2024","1732233600","1272841213247320428472"
"11/23/2024","1732320000","1911086750622924312705"
"11/24/2024","1732406400","1839965185961628286432"
"11/25/2024","1732492800","1527345690037957165695"
"11/26/2024","1732579200","2204719498357295653309"
"11/27/2024","1732665600","1329073067542323494182"
"11/28/2024","1732752000","996570268815009007171"
"11/29/2024","1732838400","814188198154571868314"
"11/30/2024","1732924800","1538624248892725484635"
"12/1/2024","1733011200","1015391025916132013851"
"12/2/2024","1733097600","2569167899062328917180"
"12/3/2024","1733184000","2905180204016891839445"
"12/4/2024","1733270400","2373008354901591292900"
"12/5/2024","1733356800","2438235730904950868158"
"12/6/2024","1733443200","1989849199968377621362"
"12/7/2024","1733529600","1201278834049884195815"
"12/8/2024","1733616000","979672750550962757389"
"12/9/2024","1733702400","3508998435815510971270"
"12/10/2024","1733788800","3275308370489091555470"
"12/11/2024","1733875200","1852870922733080904201"
"12/12/2024","1733961600","1697188430805959505016"
"12/13/2024","1734048000","1231945131407491482661"
"12/14/2024","1734134400","913123941178544888358"
"12/15/2024","1734220800","1059098000700621775646"
"12/16/2024","1734307200","1369602816557072156825"
"12/17/2024","1734393600","1371576327236130069407"
"12/18/2024","1734480000","1876357728756074503683"
"12/19/2024","1734566400","2614616049259674805931"
"12/20/2024","1734652800","2779896487717064663433"
"12/21/2024","1734739200","1476139123343003657782"
"12/22/2024","1734825600","1508498738535063562300"
"12/23/2024","1734912000","1605441505357574482345"
"12/24/2024","1734998400","897356141656416838402"
"12/25/2024","1735084800","761860512015987090347"
"12/26/2024","1735171200","750864710802602065846"
"12/27/2024","1735257600","948227474847769395991"
"12/28/2024","1735344000","754629944258618162156"
"12/29/2024","1735430400","817746284997648746225"
"12/30/2024","1735516800","1259599484592397767849"
"12/31/2024","1735603200","1214355479686611202880"
"1/1/2025","1735689600","729235774164273603205"
"1/2/2025","1735776000","896930611211373221065"
